wall_time	sim_time	unit_seconds	panic_ratio	avg_radius	exceed_ratio	tokkou_active	tokkou_peak	cling_ratio	kaiten_ratio	run_ratio	tokkou_units	cling_units	kaiten_units	run_units	assault_enemy	assault_base	flee	follow_commander	follow_ally	defend_base	wander
2025-11-16 11:51:15	0.983	1.067	0.000	0.860	0.000	0	0	0.000	0.000	0.000					0.000	0.000	0.078	0.906	0.016	0.000	0.000
2025-11-16 11:51:16	1.983	2.167	0.000	8.411	0.000	0	0	0.000	0.000	0.000					0.000	0.000	0.538	0.000	0.462	0.000	0.000
2025-11-16 11:51:17	2.983	3.267	0.000	14.739	0.000	0	0	0.000	0.000	0.000					0.000	0.000	0.612	0.000	0.388	0.000	0.000
2025-11-16 11:51:18	3.983	4.350	0.000	18.769	0.000	0	0	0.000	0.000	0.000					0.080	0.000	0.460	0.000	0.460	0.000	0.000
2025-11-16 11:51:19	4.983	5.450	0.000	20.407	0.000	0	0	0.000	0.000	0.000					0.183	0.000	0.367	0.000	0.450	0.000	0.000
2025-11-16 11:51:20	5.983	6.533	0.000	24.099	0.000	0	0	0.000	0.000	0.000					0.235	0.000	0.306	0.000	0.459	0.000	0.000
2025-11-16 11:51:21	6.983	7.633	0.000	27.123	0.000	0	0	0.000	0.000	0.000					0.262	0.000	0.262	0.000	0.476	0.000	0.000
2025-11-16 11:51:22	7.983	8.717	0.000	32.982	0.000	0	0	0.000	0.000	0.000					0.312	0.000	0.229	0.000	0.459	0.000	0.000
2025-11-16 11:51:23	8.983	9.817	0.000	38.783	0.000	0	0	0.000	0.000	0.000					0.306	0.000	0.204	0.000	0.491	0.000	0.000
2025-11-16 11:51:24	9.983	10.900	0.000	46.141	0.000	0	0	0.000	0.000	0.000					0.358	0.000	0.183	0.000	0.459	0.000	0.000
2025-11-16 11:51:25	10.983	12.083	0.000	51.112	0.000	0	0	0.000	0.000	0.000					0.414	0.000	0.166	0.000	0.421	0.000	0.000
2025-11-16 11:51:26	11.983	13.167	0.000	55.536	0.000	0	0	0.000	0.000	0.000					0.380	0.000	0.152	0.000	0.468	0.000	0.000
2025-11-16 11:51:27	12.983	14.267	0.000	59.197	0.000	0	0	0.000	0.000	0.000					0.369	0.000	0.140	0.000	0.491	0.000	0.000
2025-11-16 11:51:28	13.983	15.350	0.000	62.633	0.000	0	0	0.000	0.000	0.000					0.391	0.000	0.130	0.000	0.479	0.000	0.000
2025-11-16 11:51:29	14.983	16.450	0.000	68.144	0.000	0	0	0.000	0.000	0.000					0.365	0.000	0.122	0.000	0.486	0.000	0.027
2025-11-16 11:51:30	15.983	17.533	0.000	72.227	0.000	0	0	0.000	0.000	0.000					0.342	0.000	0.144	0.000	0.456	0.000	0.057
2025-11-16 11:51:31	16.983	18.633	0.000	74.752	0.000	0	0	0.000	0.000	0.000					0.356	0.000	0.161	0.000	0.429	0.000	0.054
2025-11-16 11:51:32	17.983	19.717	0.000	78.970	0.000	0	0	0.000	0.000	0.000					0.355	0.000	0.152	0.000	0.442	0.000	0.051
2025-11-16 11:51:33	18.983	20.817	0.000	72.189	0.000	0	0	0.000	0.000	0.000					0.376	0.000	0.144	0.000	0.432	0.000	0.048
2025-11-16 11:51:34	19.983	21.900	0.000	77.193	0.000	0	0	0.000	0.000	0.000					0.365	0.000	0.137	0.000	0.452	0.000	0.046
2025-11-16 11:51:35	20.983	23.083	0.000	68.832	0.000	0	0	0.000	0.000	0.000					0.347	0.000	0.130	0.000	0.480	0.000	0.043
2025-11-16 11:51:36	21.983	24.167	0.000	63.670	0.000	0	0	0.000	0.000	0.000					0.331	0.000	0.124	0.000	0.503	0.000	0.041
2025-11-16 11:51:37	22.983	25.267	0.000	67.854	0.000	0	0	0.000	0.000	0.000					0.317	0.000	0.119	0.000	0.525	0.000	0.040
2025-11-16 11:51:38	23.983	26.350	0.000	65.655	0.000	0	0	0.000	0.000	0.000					0.304	0.000	0.114	0.000	0.545	0.000	0.038
2025-11-16 11:51:39	24.983	27.450	0.000	61.077	0.000	0	0	0.000	0.000	0.000					0.291	0.000	0.126	0.000	0.546	0.000	0.036
2025-11-16 11:51:40	25.983	28.533	0.000	57.643	0.000	0	0	0.000	0.000	0.000					0.280	0.000	0.159	0.000	0.526	0.000	0.035
2025-11-16 11:51:41	26.983	29.633	0.000	53.041	0.000	0	0	0.000	0.000	0.000					0.291	0.000	0.169	0.000	0.506	0.000	0.034
2025-11-16 11:51:42	27.983	30.717	0.000	48.511	0.000	0	0	0.000	0.000	0.000					0.293	0.000	0.186	0.000	0.488	0.000	0.033
2025-11-16 11:51:43	28.983	31.817	0.000	42.103	0.000	0	0	0.000	0.000	0.000					0.283	0.000	0.189	0.000	0.497	0.000	0.031
2025-11-16 11:51:44	29.983	32.900	0.000	40.375	0.000	0	0	0.000	0.000	0.000					0.274	0.000	0.210	0.000	0.486	0.000	0.030
2025-11-16 11:51:45	30.983	34.083	0.000	39.847	0.000	0	0	0.000	0.000	0.000					0.296	0.000	0.205	0.000	0.469	0.000	0.029
2025-11-16 11:51:46	31.983	35.167	0.000	42.370	0.000	0	0	0.000	0.000	0.000					0.318	0.000	0.199	0.000	0.455	0.000	0.028
2025-11-16 11:51:47	32.983	36.267	0.000	42.209	0.000	0	0	0.000	0.000	0.000					0.331	0.000	0.200	0.000	0.441	0.000	0.028
2025-11-16 11:51:48	33.983	37.350	0.000	42.973	0.000	0	0	0.000	0.000	0.000					0.321	0.000	0.214	0.000	0.438	0.000	0.027
2025-11-16 11:51:49	34.983	38.450	0.000	42.484	0.000	0	0	0.000	0.000	0.000					0.312	0.000	0.208	0.000	0.454	0.000	0.026
2025-11-16 11:51:50	35.983	39.533	0.000	37.493	0.000	0	0	0.000	0.000	0.000					0.304	0.000	0.202	0.000	0.469	0.000	0.025
2025-11-16 11:51:51	36.983	40.633	0.000	37.361	0.000	0	0	0.000	0.000	0.000					0.311	0.000	0.197	0.000	0.468	0.000	0.025
2025-11-16 11:51:52	37.983	41.717	0.000	37.900	0.000	0	0	0.000	0.000	0.000					0.312	0.000	0.192	0.000	0.473	0.000	0.024
2025-11-16 11:51:53	38.983	42.817	0.000	37.207	0.000	0	0	0.000	0.000	0.000					0.304	0.000	0.206	0.000	0.467	0.000	0.023
2025-11-16 11:51:54	39.983	43.900	0.000	40.754	0.000	0	0	0.000	0.000	0.000					0.343	0.000	0.205	0.000	0.409	0.000	0.043
2025-11-16 11:51:55	40.983	45.083	0.484	43.298	0.000	0	0	0.000	0.000	0.000					0.198	0.000	0.587	0.000	0.192	0.000	0.023
2025-11-16 11:51:56	41.983	46.000	1.000	35.519	0.000	0	0	0.000	0.000	0.000					0.000	0.000	1.000	0.000	0.000	0.000	0.000
2025-11-16 11:51:57	42.983	46.900	1.000	32.040	0.000	0	0	0.000	0.000	0.000					0.000	0.000	1.000	0.000	0.000	0.000	0.000
2025-11-16 11:51:58	43.983	47.717	1.000	29.122	0.000	0	0	0.000	0.000	0.000					0.000	0.000	1.000	0.000	0.000	0.000	0.000
2025-11-16 11:51:59	44.983	48.817	1.000	24.431	0.000	0	0	0.000	0.000	0.000					0.000	0.000	1.000	0.000	0.000	0.000	0.000
2025-11-16 11:52:00	45.983	49.900	1.000	22.516	0.000	0	0	0.000	0.000	0.000					0.000	0.000	1.000	0.000	0.000	0.000	0.000
2025-11-16 11:52:01	46.983	51.083	1.000	21.831	0.000	0	0	0.000	0.000	0.000					0.000	0.000	1.000	0.000	0.000	0.000	0.000
2025-11-16 11:52:02	47.983	52.167	1.000	22.496	0.000	0	0	0.000	0.000	0.000					0.000	0.000	1.000	0.000	0.000	0.000	0.000
2025-11-16 11:52:03	48.983	53.267	1.000	20.620	0.000	0	0	0.000	0.000	0.000					0.000	0.000	1.000	0.000	0.000	0.000	0.000
2025-11-16 11:52:04	49.983	54.350	1.000	20.427	0.000	0	0	0.000	0.000	0.000					0.000	0.000	1.000	0.000	0.000	0.000	0.000
2025-11-16 11:52:05	50.983	55.450	1.000	21.508	0.000	0	0	0.000	0.000	0.000					0.000	0.000	1.000	0.000	0.000	0.000	0.000
2025-11-16 11:52:06	51.983	56.533	1.000	20.307	0.000	0	0	0.000	0.000	0.000					0.000	0.000	1.000	0.000	0.000	0.000	0.000
2025-11-16 11:52:07	52.983	57.633	1.000	20.670	0.000	3	3	0.151	0.159	0.109	18,20,29	2,3,13,15,17,24,28,30,32,36,38,39,41,42,49,50,51,54	4,6,8,10,11,12,14,19,21,22,26,31,34,35,46,48,52,53,56	1,7,16,23,27,37,40,43,44,45,47,55,57	0.260	0.000	0.648	0.009	0.083	0.000	0.000
2025-11-16 11:52:08	53.983	58.717	0.690	26.748	0.000	0	3	0.290	0.158	0.163		2,17,28,30,32,36,42,51		1,27,55	0.590	0.000	0.240	0.034	0.136	0.000	0.000
2025-11-16 11:52:09	54.983	59.817	0.018	34.288	0.000	0	0	0.013	0.000	0.005					0.635	0.000	0.198	0.033	0.134	0.000	0.000
2025-11-16 11:52:10	55.983	60.900	0.000	41.423	0.000	0	0	0.000	0.000	0.000					0.624	0.000	0.197	0.033	0.146	0.000	0.000
2025-11-16 11:52:11	56.983	62.083	0.000	48.934	0.000	0	0	0.000	0.000	0.000					0.630	0.000	0.194	0.032	0.145	0.000	0.000
2025-11-16 11:52:12	57.983	63.167	0.000	51.262	0.000	0	0	0.000	0.000	0.000					0.633	0.000	0.206	0.034	0.127	0.000	0.000
2025-11-16 11:52:13	58.983	64.267	0.000	53.821	0.000	0	0	0.000	0.000	0.000					0.606	0.000	0.234	0.035	0.124	0.000	0.000
2025-11-16 11:52:14	59.983	65.350	0.000	57.313	0.000	0	0	0.000	0.000	0.000					0.587	0.000	0.261	0.046	0.106	0.000	0.000
2025-11-16 11:52:15	60.983	66.450	0.000	57.681	0.000	0	0	0.000	0.000	0.000					0.587	0.000	0.285	0.037	0.091	0.000	0.000
2025-11-16 11:52:16	61.983	67.533	0.000	65.493	0.000	0	0	0.000	0.000	0.000					0.577	0.000	0.311	0.030	0.082	0.000	0.000
2025-11-16 11:52:17	62.983	68.633	0.011	73.838	0.000	0	0	0.000	0.011	0.000			4,11		0.577	0.000	0.306	0.029	0.087	0.000	0.000
2025-11-16 11:52:18	63.983	69.717	0.030	76.956	0.000	0	0	0.000	0.030	0.000			4,8,11		0.584	0.000	0.316	0.021	0.079	0.000	0.000
2025-11-16 11:52:19	64.983	68.867	0.037	86.040	0.067	1	1	0.000	0.030	0.005	14		18	5	0.579	0.000	0.333	0.008	0.080	0.000	0.000
2025-11-16 11:52:20	65.983	65.500	0.068	97.305	0.767	0	1	0.000	0.046	0.014			14,18	5	0.556	0.000	0.337	0.008	0.099	0.000	0.000
2025-11-16 11:52:21	66.983	62.283	0.063	111.591	1.000	0	0	0.000	0.026	0.027			15	4	0.516	0.000	0.381	0.008	0.096	0.000	0.000
2025-11-16 11:52:22	67.983	59.783	0.072	109.224	1.000	0	3	0.000	0.036	0.017			6,11,31	4	0.485	0.000	0.432	0.016	0.067	0.000	0.000
2025-11-16 11:52:23	68.984	55.917	0.069	78.113	0.000	1	2	0.000	0.039	0.008	38		8,14		0.416	0.000	0.477	0.009	0.098	0.000	0.000
2025-11-16 11:52:24	69.984	54.917	0.057	66.939	0.000	1	1	0.000	0.020	0.008	34		13,26	6	0.396	0.000	0.504	0.000	0.100	0.000	0.000
2025-11-16 11:52:25	70.984	55.717	0.042	47.233	0.000	0	1	0.000	0.018	0.008			23	26	0.319	0.000	0.600	0.018	0.063	0.000	0.000
2025-11-16 11:52:26	71.984	57.150	0.023	44.621	0.000	0	0	0.000	0.007	0.016				12	0.321	0.000	0.574	0.009	0.096	0.000	0.000
2025-11-16 11:52:27	72.984	60.900	0.009	43.856	0.000	0	0	0.000	0.000	0.009					0.346	0.000	0.588	0.008	0.057	0.000	0.000
2025-11-16 11:52:28	73.985	67.100	0.000	44.750	0.000	0	0	0.000	0.000	0.000					0.390	0.000	0.529	0.000	0.081	0.000	0.000
2025-11-16 11:52:29	74.985	73.267	0.000	49.545	0.000	0	0	0.000	0.000	0.000					0.410	0.000	0.535	0.000	0.056	0.000	0.000
2025-11-16 11:52:30	75.985	79.217	0.004	55.634	0.000	1	1	0.000	0.000	0.000	26				0.414	0.000	0.505	0.000	0.081	0.000	0.000
2025-11-16 11:52:31	76.985	81.567	0.018	63.800	0.000	0	1	0.000	0.009	0.009			27,32,46		0.436	0.000	0.509	0.000	0.055	0.000	0.000
2025-11-16 11:52:32	77.986	81.600	0.045	78.704	0.000	0	0	0.000	0.032	0.005			35,42	46	0.417	0.000	0.540	0.000	0.043	0.000	0.000
2025-11-16 11:52:33	78.986	79.133	0.040	94.366	0.500	2	2	0.000	0.016	0.013	32,58		40,59	43	0.390	0.000	0.566	0.000	0.044	0.000	0.000
2025-11-16 11:52:34	79.986	75.450	0.061	101.827	0.733	2	2	0.000	0.021	0.011	42,53		54	40	0.338	0.000	0.648	0.000	0.013	0.000	0.000
2025-11-16 11:52:35	80.986	72.583	0.064	100.797	0.750	0	2	0.000	0.013	0.025				39	0.313	0.000	0.681	0.000	0.007	0.000	0.000
2025-11-16 11:52:36	81.986	69.133	0.049	84.055	0.150	0	2	0.000	0.000	0.032				39,44,46,52	0.272	0.000	0.728	0.000	0.000	0.000	0.000
2025-11-16 11:52:37	82.987	68.350	0.045	84.561	0.000	1	1	0.000	0.013	0.026	41		42	43	0.252	0.000	0.748	0.000	0.000	0.000	0.000
2025-11-16 11:52:38	83.987	68.850	0.052	73.699	0.000	0	1	0.000	0.023	0.016				41,49	0.234	0.000	0.766	0.000	0.000	0.000	0.000
2025-11-16 11:52:39	84.987	70.250	0.057	61.784	0.000	1	2	0.000	0.005	0.035	58			41,48,52	0.225	0.000	0.775	0.000	0.000	0.000	0.000
2025-11-16 11:52:40	85.987	74.583	0.051	68.552	0.000	1	1	0.000	0.011	0.027	56		55	41,48	0.246	0.000	0.754	0.000	0.000	0.000	0.000
2025-11-16 11:52:41	86.987	77.783	0.044	65.144	0.000	0	2	0.000	0.002	0.032				41,48	0.247	0.000	0.753	0.000	0.000	0.000	0.000
2025-11-16 11:52:42	87.988	80.050	0.050	60.927	0.000	0	3	0.000	0.003	0.036			58	41,48,52,64	0.225	0.000	0.775	0.000	0.000	0.000	0.000
2025-11-16 11:52:43	88.988	82.367	0.061	52.285	0.000	0	0	0.000	0.021	0.040			55,61,72	41,52,58,67,68	0.207	0.000	0.793	0.000	0.000	0.000	0.000
2025-11-16 11:52:44	89.988	81.767	0.057	49.072	0.000	0	0	0.000	0.030	0.026			57	41	0.168	0.000	0.832	0.000	0.000	0.000	0.000
2025-11-16 11:52:45	90.988	80.283	0.039	42.723	0.000	0	1	0.000	0.007	0.024			68	41	0.112	0.000	0.888	0.000	0.000	0.000	0.000
2025-11-16 11:52:46	91.989	81.750	0.032	40.192	0.000	1	1	0.000	0.006	0.020	78			41,48,52	0.111	0.000	0.877	0.000	0.012	0.000	0.000
2025-11-16 11:52:47	92.989	84.033	0.047	41.087	0.000	0	2	0.001	0.003	0.032		84		41,48,52	0.119	0.000	0.857	0.000	0.024	0.000	0.000
2025-11-16 11:52:48	93.989	85.700	0.041	40.937	0.000	1	1	0.007	0.004	0.029	76			41,51,77	0.100	0.000	0.871	0.000	0.029	0.000	0.000
2025-11-16 11:52:49	94.989	88.334	0.032	40.921	0.000	1	1	0.000	0.001	0.027	81			41	0.099	0.000	0.861	0.000	0.040	0.000	0.000
2025-11-16 11:52:50	95.989	89.000	0.025	38.322	0.000	0	1	0.008	0.004	0.011		86	84	41	0.086	0.000	0.869	0.000	0.045	0.000	0.000
2025-11-16 11:52:51	96.990	89.684	0.048	38.986	0.000	1	2	0.009	0.002	0.017	86			41	0.079	0.000	0.877	0.000	0.044	0.000	0.000
2025-11-16 11:52:52	97.990	88.467	0.025	38.472	0.000	0	1	0.000	0.002	0.017				41	0.062	0.000	0.899	0.000	0.039	0.000	0.000
2025-11-16 11:52:53	98.990	91.334	0.030	43.186	0.000	0	0	0.000	0.001	0.030				41,83,88	0.059	0.000	0.902	0.000	0.039	0.000	0.000
2025-11-16 11:52:54	99.990	94.350	0.045	44.513	0.000	0	0	0.000	0.001	0.044				41,83,87,89	0.073	0.000	0.874	0.000	0.053	0.000	0.000
2025-11-16 11:52:55	100.990	97.833	0.045	45.223	0.000	1	1	0.000	0.000	0.041	93			41,83,87,89	0.089	0.000	0.834	0.000	0.077	0.000	0.000
2025-11-16 11:52:56	101.991	100.167	0.041	42.943	0.000	0	1	0.000	0.000	0.040				41,83,87,89	0.078	0.000	0.837	0.000	0.085	0.000	0.000
2025-11-16 11:52:57	102.991	105.450	0.044	44.925	0.000	1	1	0.000	0.002	0.040	95		99	41,83,87,89	0.108	0.000	0.801	0.000	0.090	0.000	0.000
2025-11-16 11:52:58	103.991	104.917	0.044	39.697	0.000	0	1	0.000	0.006	0.038				41,83,87,89	0.083	0.000	0.822	0.000	0.095	0.000	0.000
2025-11-16 11:52:59	104.991	105.334	0.040	38.741	0.000	0	0	0.000	0.000	0.040				41,83,87,89,101	0.072	0.000	0.834	0.000	0.095	0.000	0.000
2025-11-16 11:53:00	105.992	107.317	0.052	40.750	0.000	0	0	0.000	0.000	0.052				41,83,87,89,101	0.089	0.000	0.818	0.000	0.093	0.000	0.000
2025-11-16 11:53:01	106.992	109.017	0.047	42.584	0.000	0	1	0.000	0.000	0.046				41,83,87,89,101	0.082	0.000	0.826	0.000	0.092	0.000	0.000
2025-11-16 11:53:02	107.992	111.034	0.046	43.241	0.000	0	0	0.000	0.000	0.045				41,83,87,89,101,109	0.104	0.000	0.807	0.000	0.090	0.000	0.000
2025-11-16 11:53:03	108.992	112.600	0.054	48.771	0.000	0	1	0.000	0.001	0.052			110	41,83,87,89,101	0.107	0.000	0.817	0.000	0.075	0.000	0.000
2025-11-16 11:53:04	109.992	110.800	0.055	49.324	0.000	0	0	0.000	0.002	0.052			108	41,83,87,89,101	0.089	0.000	0.839	0.000	0.072	0.000	0.000
2025-11-16 11:53:05	110.993	110.750	0.047	57.457	0.000	0	0	0.000	0.002	0.045				41,83,87,89,101	0.101	0.000	0.812	0.005	0.082	0.000	0.000
2025-11-16 11:53:06	111.993	112.567	0.053	63.054	0.000	0	1	0.000	0.000	0.044				41,83,87,89,101	0.126	0.000	0.763	0.027	0.084	0.000	0.000
2025-11-16 11:53:07	112.993	113.750	0.054	70.561	0.000	0	0	0.000	0.001	0.044				41,83,87,89,101	0.132	0.000	0.745	0.040	0.084	0.000	0.000
2025-11-16 11:53:08	113.993	117.800	0.530	80.824	0.000	0	0	0.000	0.000	0.021					0.070	0.000	0.867	0.017	0.047	0.000	0.000
wall_time	sim_time	unit_seconds	panic_ratio	avg_radius	exceed_ratio	tokkou_active	tokkou_peak	cling_ratio	kaiten_ratio	run_ratio	tokkou_units	cling_units	kaiten_units	run_units	assault_enemy	assault_base	flee	follow_commander	follow_ally	defend_base	wander
2025-11-16 12:06:43	0.983	1.067	0.000	0.860	0.000	0	0	0.000	0.000	0.000					0.000	0.000	0.078	0.906	0.016	0.000	0.000
2025-11-16 12:06:44	1.983	2.167	0.000	7.414	0.000	0	0	0.000	0.000	0.000					0.000	0.000	0.538	0.000	0.462	0.000	0.000
2025-11-16 12:06:45	2.983	3.267	0.000	13.209	0.000	0	0	0.000	0.000	0.000					0.000	0.000	0.612	0.000	0.388	0.000	0.000
2025-11-16 12:06:46	3.983	4.350	0.000	17.584	0.000	0	0	0.000	0.000	0.000					0.080	0.000	0.460	0.000	0.460	0.000	0.000
2025-11-16 12:06:47	4.983	5.450	0.000	18.055	0.000	0	0	0.000	0.000	0.000					0.183	0.000	0.367	0.000	0.450	0.000	0.000
2025-11-16 12:06:48	5.983	6.533	0.000	20.301	0.000	0	0	0.000	0.000	0.000					0.235	0.000	0.306	0.000	0.459	0.000	0.000
2025-11-16 12:06:49	6.983	7.633	0.000	23.624	0.000	0	0	0.000	0.000	0.000					0.262	0.000	0.262	0.000	0.476	0.000	0.000
2025-11-16 12:06:50	7.983	8.717	0.000	28.040	0.000	0	0	0.000	0.000	0.000					0.312	0.000	0.229	0.000	0.459	0.000	0.000
2025-11-16 12:06:51	8.983	9.817	0.000	32.754	0.000	0	0	0.000	0.000	0.000					0.306	0.000	0.204	0.000	0.491	0.000	0.000
2025-11-16 12:06:52	9.983	10.900	0.000	38.866	0.000	0	0	0.000	0.000	0.000					0.358	0.000	0.183	0.000	0.459	0.000	0.000
2025-11-16 12:06:53	10.983	12.083	0.000	46.014	0.000	0	0	0.000	0.000	0.000					0.414	0.000	0.166	0.000	0.414	0.007	0.000
2025-11-16 12:06:54	11.983	13.167	0.000	51.346	0.000	0	0	0.000	0.000	0.000					0.380	0.000	0.152	0.000	0.392	0.076	0.000
2025-11-16 12:06:55	12.983	14.267	0.000	53.033	0.000	0	0	0.000	0.000	0.000					0.369	0.000	0.140	0.000	0.421	0.070	0.000
2025-11-16 12:06:56	13.983	15.350	0.000	55.244	0.000	0	0	0.000	0.000	0.000					0.391	0.000	0.130	0.000	0.414	0.065	0.000
2025-11-16 12:06:57	14.983	16.450	0.000	58.600	0.000	0	0	0.000	0.000	0.000					0.365	0.000	0.122	0.000	0.426	0.061	0.027
2025-11-16 12:06:58	15.983	17.533	0.000	62.620	0.000	0	0	0.000	0.000	0.000					0.342	0.000	0.144	0.000	0.399	0.057	0.057
2025-11-16 12:06:59	16.983	18.633	0.000	66.351	0.000	0	0	0.000	0.000	0.000					0.356	0.000	0.161	0.000	0.376	0.054	0.054
2025-11-16 12:07:00	17.983	19.717	0.000	68.191	0.000	0	0	0.000	0.000	0.000					0.355	0.000	0.152	0.000	0.355	0.087	0.051
2025-11-16 12:07:01	18.983	20.817	0.000	69.868	0.000	0	0	0.000	0.000	0.000					0.376	0.000	0.144	0.000	0.336	0.096	0.048
2025-11-16 12:07:02	19.983	21.900	0.000	66.605	0.000	0	0	0.000	0.000	0.000					0.365	0.000	0.137	0.000	0.320	0.132	0.046
2025-11-16 12:07:03	20.983	23.083	0.000	61.093	0.000	0	0	0.000	0.000	0.000					0.347	0.000	0.130	0.000	0.307	0.173	0.043
2025-11-16 12:07:04	21.983	24.167	0.000	64.348	0.000	0	0	0.000	0.000	0.000					0.331	0.000	0.124	0.000	0.331	0.172	0.041
2025-11-16 12:07:05	22.983	25.267	0.000	65.209	0.000	0	0	0.000	0.000	0.000					0.317	0.000	0.119	0.000	0.327	0.198	0.040
2025-11-16 12:07:06	23.983	26.350	0.000	63.704	0.000	0	0	0.000	0.000	0.000					0.304	0.000	0.114	0.000	0.342	0.203	0.038
2025-11-16 12:07:07	24.983	27.450	0.000	62.366	0.000	0	0	0.000	0.000	0.000					0.291	0.000	0.126	0.000	0.328	0.219	0.036
2025-11-16 12:07:08	25.983	28.533	0.000	58.805	0.000	0	0	0.000	0.000	0.000					0.280	0.000	0.159	0.000	0.315	0.210	0.035
2025-11-16 12:07:09	26.983	29.633	0.000	59.844	0.000	0	0	0.000	0.000	0.000					0.291	0.000	0.169	0.000	0.304	0.202	0.034
2025-11-16 12:07:10	27.983	30.717	0.000	59.678	0.000	0	0	0.000	0.000	0.000					0.293	0.000	0.186	0.000	0.293	0.195	0.033
2025-11-16 12:07:11	28.983	31.817	0.000	62.178	0.000	0	0	0.000	0.000	0.000					0.283	0.000	0.189	0.000	0.309	0.189	0.031
2025-11-16 12:07:12	29.983	32.900	0.000	62.426	0.000	0	0	0.000	0.000	0.000					0.274	0.000	0.210	0.000	0.304	0.182	0.030
2025-11-16 12:07:13	30.983	34.083	0.000	71.027	0.000	0	0	0.000	0.000	0.000					0.311	0.000	0.205	0.000	0.293	0.160	0.029
2025-11-16 12:07:14	31.983	35.167	0.000	78.720	0.000	0	0	0.000	0.000	0.000					0.389	0.000	0.199	0.000	0.284	0.099	0.028
2025-11-16 12:07:15	32.983	36.267	0.000	84.332	0.000	0	0	0.000	0.000	0.000					0.428	0.000	0.200	0.000	0.276	0.068	0.028
2025-11-16 12:07:16	33.983	37.350	0.000	90.969	0.117	0	0	0.000	0.000	0.000					0.428	0.000	0.214	0.000	0.277	0.054	0.027
2025-11-16 12:07:17	34.983	38.450	0.000	91.455	0.583	0	0	0.000	0.000	0.000					0.430	0.000	0.208	0.000	0.298	0.039	0.026
2025-11-16 12:07:18	35.983	39.533	0.000	75.787	0.000	0	0	0.000	0.000	0.000					0.430	0.000	0.202	0.000	0.317	0.025	0.025
2025-11-16 12:07:19	36.983	40.633	0.000	74.644	0.000	0	0	0.000	0.000	0.000					0.434	0.000	0.197	0.000	0.320	0.025	0.025
2025-11-16 12:07:20	37.983	41.717	0.000	73.052	0.000	0	0	0.000	0.000	0.000					0.431	0.000	0.192	0.000	0.329	0.024	0.024
2025-11-16 12:07:21	38.983	42.817	0.000	73.403	0.000	0	0	0.000	0.000	0.000					0.420	0.000	0.206	0.000	0.327	0.023	0.023
2025-11-16 12:07:22	39.983	43.900	0.000	74.117	0.000	0	0	0.000	0.000	0.000					0.422	0.000	0.205	0.000	0.328	0.023	0.023
2025-11-16 12:07:23	40.983	45.083	0.000	73.976	0.000	0	0	0.000	0.000	0.000					0.435	0.000	0.200	0.000	0.333	0.022	0.011
2025-11-16 12:07:24	41.983	46.167	0.000	73.220	0.000	0	0	0.000	0.000	0.000					0.459	0.000	0.195	0.000	0.325	0.022	0.000
2025-11-16 12:07:25	42.983	47.267	0.000	73.537	0.000	0	0	0.000	0.000	0.000					0.521	0.000	0.190	0.000	0.268	0.021	0.000
2025-11-16 12:07:26	43.983	48.350	0.000	73.369	0.000	0	0	0.000	0.000	0.000					0.638	0.000	0.186	0.000	0.155	0.021	0.000
2025-11-16 12:07:27	44.983	49.450	0.000	68.867	0.000	0	0	0.000	0.000	0.000					0.656	0.000	0.182	0.000	0.142	0.020	0.000
2025-11-16 12:07:28	45.983	50.533	0.000	63.257	0.000	0	0	0.000	0.000	0.000					0.664	0.000	0.178	0.000	0.139	0.020	0.000
2025-11-16 12:07:29	46.983	51.633	0.005	58.146	0.000	0	0	0.000	0.005	0.000			4		0.671	0.000	0.174	0.000	0.136	0.019	0.000
2025-11-16 12:07:30	47.983	52.717	0.030	55.451	0.000	0	0	0.000	0.030	0.000			4,11		0.678	0.000	0.171	0.000	0.133	0.019	0.000
2025-11-16 12:07:31	48.983	53.167	0.056	56.802	0.000	0	0	0.000	0.056	0.000			9,10,12,20,24		0.671	0.000	0.169	0.000	0.132	0.029	0.000
2025-11-16 12:07:32	49.983	50.233	0.076	54.946	0.000	1	1	0.000	0.074	0.000	11		15,19		0.652	0.000	0.179	0.000	0.139	0.030	0.000
2025-11-16 12:07:33	50.983	46.667	0.045	48.886	0.000	0	1	0.000	0.037	0.000					0.628	0.000	0.204	0.000	0.150	0.019	0.000
2025-11-16 12:07:34	51.983	45.167	0.000	47.513	0.000	0	0	0.000	0.000	0.000					0.624	0.000	0.221	0.000	0.155	0.000	0.000
2025-11-16 12:07:35	52.983	46.267	0.000	44.819	0.000	0	0	0.000	0.000	0.000					0.627	0.000	0.222	0.000	0.151	0.000	0.000
2025-11-16 12:07:36	53.983	49.333	0.000	47.416	0.000	0	0	0.000	0.000	0.000					0.629	0.000	0.229	0.000	0.142	0.000	0.000
2025-11-16 12:07:37	54.983	55.500	0.000	37.474	0.000	0	0	0.000	0.000	0.000					0.650	0.000	0.216	0.000	0.133	0.000	0.000
2025-11-16 12:07:38	55.983	60.800	0.000	35.045	0.000	0	0	0.000	0.000	0.000					0.644	0.000	0.189	0.000	0.148	0.018	0.000
2025-11-16 12:07:39	56.983	62.633	0.000	37.397	0.000	0	0	0.000	0.000	0.000					0.648	0.000	0.192	0.000	0.143	0.016	0.000
2025-11-16 12:07:40	57.983	63.717	0.000	32.664	0.000	0	0	0.000	0.000	0.000					0.647	0.000	0.204	0.000	0.126	0.023	0.000
2025-11-16 12:07:41	58.983	64.817	0.000	35.332	0.000	0	0	0.000	0.000	0.000					0.653	0.000	0.208	0.000	0.123	0.015	0.000
2025-11-16 12:07:42	59.983	65.900	0.000	35.281	0.000	0	0	0.000	0.000	0.000					0.637	0.000	0.228	0.000	0.119	0.015	0.000
2025-11-16 12:07:43	60.983	67.083	0.000	35.486	0.000	0	0	0.000	0.000	0.000					0.642	0.000	0.246	0.000	0.104	0.008	0.000
2025-11-16 12:07:44	61.983	68.167	0.000	40.110	0.000	0	0	0.000	0.000	0.000					0.626	0.000	0.286	0.000	0.081	0.007	0.000
2025-11-16 12:07:45	62.983	69.033	0.010	45.897	0.000	0	0	0.000	0.010	0.000					0.631	0.000	0.283	0.000	0.079	0.007	0.000
2025-11-16 12:07:46	63.983	68.983	0.004	48.504	0.000	0	0	0.000	0.004	0.000					0.630	0.000	0.319	0.000	0.043	0.007	0.000
2025-11-16 12:07:47	64.983	68.283	0.025	58.227	0.000	0	1	0.000	0.004	0.003				5	0.611	0.000	0.330	0.000	0.051	0.007	0.000
2025-11-16 12:07:48	65.983	66.817	0.039	67.751	0.000	0	0	0.000	0.010	0.014				4	0.597	0.000	0.351	0.000	0.045	0.007	0.000
2025-11-16 12:07:49	66.983	65.433	0.023	83.620	0.000	0	0	0.000	0.005	0.012				4	0.596	0.000	0.373	0.000	0.023	0.008	0.000
2025-11-16 12:07:50	67.983	65.250	0.043	95.652	0.583	0	1	0.000	0.008	0.021				3,22	0.590	0.000	0.350	0.000	0.046	0.015	0.000
2025-11-16 12:07:51	68.984	63.917	0.057	99.636	0.550	3	3	0.000	0.008	0.027	23,33,43		32	26	0.577	0.000	0.368	0.000	0.039	0.016	0.000
2025-11-16 12:07:52	69.984	62.633	0.075	82.790	0.500	1	3	0.000	0.007	0.030	37		32	24,25	0.564	0.000	0.388	0.000	0.040	0.008	0.000
2025-11-16 12:07:53	70.984	59.817	0.103	60.894	0.000	2	2	0.000	0.002	0.084	20,24			13,21	0.535	0.000	0.390	0.000	0.059	0.016	0.000
2025-11-16 12:07:54	71.984	53.967	0.043	55.046	0.000	0	2	0.000	0.006	0.032					0.472	0.000	0.445	0.000	0.074	0.010	0.000
2025-11-16 12:07:55	72.984	53.133	0.014	54.920	0.000	0	1	0.000	0.006	0.000					0.442	0.000	0.492	0.000	0.057	0.009	0.000
2025-11-16 12:07:56	73.985	57.617	0.008	53.036	0.000	0	0	0.000	0.008	0.000			27		0.429	0.000	0.485	0.000	0.078	0.008	0.000
2025-11-16 12:07:57	74.985	63.067	0.007	54.455	0.000	0	0	0.000	0.007	0.000					0.432	0.000	0.513	0.000	0.047	0.008	0.000
2025-11-16 12:07:58	75.985	72.033	0.003	52.692	0.000	0	0	0.000	0.003	0.000			31		0.480	0.000	0.499	0.000	0.021	0.000	0.000
2025-11-16 12:07:59	76.985	79.634	0.032	59.462	0.000	1	1	0.000	0.019	0.000	28		30		0.500	0.000	0.476	0.000	0.024	0.000	0.000
2025-11-16 12:08:00	77.986	82.183	0.045	74.135	0.000	1	2	0.000	0.019	0.000	26		27,28		0.488	0.000	0.512	0.000	0.000	0.000	0.000
2025-11-16 12:08:01	78.986	77.800	0.031	85.329	0.217	1	2	0.000	0.020	0.000	40		27,35		0.449	0.000	0.551	0.000	0.000	0.000	0.000
2025-11-16 12:08:02	79.986	74.100	0.059	110.094	1.000	3	3	0.000	0.033	0.000	29,32,35		33,36,48		0.406	0.000	0.594	0.000	0.000	0.000	0.000
2025-11-16 12:08:03	80.986	68.267	0.066	92.504	0.350	3	3	0.000	0.034	0.003	27,29,37		40	42	0.333	0.000	0.667	0.000	0.000	0.000	0.000
2025-11-16 12:08:04	81.986	61.400	0.058	78.937	0.000	1	3	0.000	0.036	0.013	42		37,38		0.247	0.000	0.753	0.000	0.000	0.000	0.000
2025-11-16 12:08:05	82.987	58.517	0.043	56.278	0.000	0	2	0.000	0.038	0.000			37		0.167	0.000	0.833	0.000	0.000	0.000	0.000
2025-11-16 12:08:06	83.987	61.000	0.023	46.751	0.000	0	0	0.000	0.023	0.000			37		0.153	0.000	0.847	0.000	0.000	0.000	0.000
2025-11-16 12:08:07	84.987	67.117	0.022	45.181	0.000	0	0	0.000	0.018	0.005			37	48	0.166	0.000	0.834	0.000	0.000	0.000	0.000
2025-11-16 12:08:08	85.987	72.900	0.022	42.216	0.000	0	0	0.000	0.018	0.000			37		0.157	0.000	0.843	0.000	0.000	0.000	0.000
2025-11-16 12:08:09	86.987	78.167	0.029	39.071	0.000	0	1	0.000	0.019	0.005			37	53,72	0.149	0.000	0.851	0.000	0.000	0.000	0.000
2025-11-16 12:08:10	87.988	79.783	0.027	33.377	0.000	0	1	0.000	0.010	0.011				63	0.142	0.000	0.858	0.000	0.000	0.000	0.000
2025-11-16 12:08:11	88.988	76.700	0.048	31.239	0.000	0	1	0.000	0.002	0.041				63,72	0.082	0.000	0.918	0.000	0.000	0.000	0.000
2025-11-16 12:08:12	89.988	75.783	0.050	30.273	0.000	0	0	0.010	0.003	0.037		72		52,63,67,74	0.048	0.000	0.952	0.000	0.000	0.000	0.000
2025-11-16 12:08:13	90.988	77.767	0.037	29.938	0.000	0	0	0.010	0.000	0.027				63,73	0.043	0.000	0.957	0.000	0.000	0.000	0.000
2025-11-16 12:08:14	91.989	80.667	0.061	29.166	0.000	0	1	0.017	0.002	0.039		75,76	78	52,63,73,77	0.061	0.000	0.939	0.000	0.000	0.000	0.000
2025-11-16 12:08:15	92.989	83.250	0.058	30.261	0.000	2	2	0.015	0.000	0.038	78,80	74		63,77	0.086	0.000	0.914	0.000	0.000	0.000	0.000
2025-11-16 12:08:16	93.989	86.400	0.047	35.819	0.000	0	2	0.001	0.000	0.036				63,67,80	0.100	0.000	0.900	0.000	0.000	0.000	0.000
2025-11-16 12:08:17	94.989	87.550	0.051	41.127	0.000	1	2	0.010	0.006	0.030	79	84,85	78	63,77,81	0.089	0.000	0.911	0.000	0.000	0.000	0.000
2025-11-16 12:08:18	95.989	88.700	0.075	43.518	0.000	0	2	0.027	0.004	0.034		81		63,77,79	0.072	0.000	0.928	0.000	0.000	0.000	0.000
2025-11-16 12:08:19	96.990	89.400	0.059	41.279	0.000	0	1	0.011	0.001	0.034		86		63,77,79	0.066	0.000	0.929	0.000	0.000	0.006	0.000
2025-11-16 12:08:20	97.990	94.417	0.067	39.791	0.000	0	0	0.011	0.000	0.046		86		63,77,79,88,89	0.099	0.000	0.879	0.000	0.006	0.016	0.000
2025-11-16 12:08:21	98.990	98.034	0.111	34.254	0.000	0	0	0.002	0.000	0.049					0.115	0.000	0.842	0.000	0.034	0.010	0.000
2025-11-16 12:08:22	99.990	98.800	1.000	32.461	0.000	0	0	0.000	0.000	0.000					0.000	0.000	1.000	0.000	0.000	0.000	0.000
2025-11-16 12:08:23	100.990	102.517	1.000	27.999	0.000	0	0	0.000	0.000	0.000					0.000	0.000	1.000	0.000	0.000	0.000	0.000
2025-11-16 12:08:24	101.991	106.650	1.000	25.806	0.000	0	0	0.000	0.000	0.000					0.000	0.000	1.000	0.000	0.000	0.000	0.000
2025-11-16 12:08:25	102.991	109.350	1.000	24.383	0.000	0	0	0.000	0.000	0.000					0.000	0.000	1.000	0.000	0.000	0.000	0.000
2025-11-16 12:08:26	103.991	110.267	1.000	24.018	0.000	0	0	0.000	0.000	0.000					0.000	0.000	1.000	0.000	0.000	0.000	0.000
2025-11-16 12:08:27	104.991	112.767	1.000	22.369	0.000	0	0	0.000	0.000	0.000					0.000	0.000	1.000	0.000	0.000	0.000	0.000
2025-11-16 12:08:28	105.992	114.617	1.000	25.698	0.000	0	0	0.000	0.000	0.000					0.000	0.000	1.000	0.000	0.000	0.000	0.000
2025-11-16 12:08:29	106.992	115.817	1.000	28.379	0.000	0	0	0.000	0.000	0.000					0.000	0.000	1.000	0.000	0.000	0.000	0.000
2025-11-16 12:08:30	107.992	116.634	1.000	27.822	0.000	0	0	0.000	0.000	0.000					0.000	0.000	1.000	0.000	0.000	0.000	0.000
2025-11-16 12:08:31	108.992	117.450	1.000	27.774	0.000	0	0	0.000	0.000	0.000					0.000	0.000	1.000	0.000	0.000	0.000	0.000
2025-11-16 12:08:32	109.992	118.267	1.000	29.793	0.000	0	0	0.000	0.000	0.000					0.000	0.000	1.000	0.000	0.000	0.000	0.000
2025-11-16 12:08:33	110.993	119.084	1.000	29.673	0.000	3	3	0.027	0.003	0.019	88,95,102	1,2,3,4,5,6,8,9,10,11,12,13,14,15,17,19,21,22,23,25,26,28,29,30,31,32,33,35,36,38,40,42,43,46,48,50,53,54,56,57,60,62,64,65,69,70,71,72,73,75,80,81,82,84,85,90,93,98,99,104,105,112,115,119	96,100,106,109,111,113	0,7,16,18,20,24,27,34,37,39,41,44,45,47,49,51,52,55,58,59,61,63,66,67,68,74,76,77,78,79,86,87,89,91,92,97,101,103,107,108,110,114,116,117,118	0.010	0.000	0.985	0.000	0.004	0.002	0.000
2025-11-16 12:08:34	111.993	120.000	0.986	35.090	0.000	1	3	0.533	0.047	0.366	88	1,2,3,4,5,6,8,9,10,11,12,13,14,15,17,19,21,22,23,25,26,28,29,30,31,32,33,35,36,38,40,42,43,46,48,50,53,54,56,57,60,62,64,65,69,70,71,72,73,75,80,81,82,84,85,90,93,98,99,104,105,112,115,119	96,106,109	0,7,16,18,20,24,27,34,37,39,41,44,45,47,49,51,52,55,58,59,61,63,66,67,68,74,76,77,78,79,86,87,89,91,92,97,101,108,110,117	0.192	0.000	0.726	0.000	0.057	0.025	0.000
2025-11-16 12:08:35	112.993	120.900	0.405	38.356	0.000	1	1	0.221	0.003	0.156	88			63,77,79,87,89	0.195	0.000	0.776	0.000	0.013	0.017	0.000
2025-11-16 12:08:36	113.993	122.084	0.066	41.662	0.000	1	1	0.000	0.000	0.041	88			63,77,79,87,89	0.202	0.000	0.761	0.000	0.021	0.016	0.000
2025-11-16 12:08:37	114.993	123.167	0.065	41.803	0.000	1	1	0.000	0.000	0.041	88			63,77,79,87,89	0.219	0.000	0.712	0.000	0.048	0.020	0.000
2025-11-16 12:08:38	115.994	124.267	0.736	41.045	0.000	0	1	0.000	0.000	0.011					0.066	0.000	0.918	0.000	0.009	0.007	0.000
2025-11-16 12:08:39	116.994	125.084	1.000	40.741	0.000	0	0	0.000	0.000	0.000					0.000	0.000	1.000	0.000	0.000	0.000	0.000
2025-11-16 12:08:40	117.994	126.000	1.000	39.042	0.000	0	0	0.000	0.000	0.000					0.000	0.000	1.000	0.000	0.000	0.000	0.000
2025-11-16 12:08:41	118.994	126.900	1.000	40.793	0.000	0	0	0.000	0.000	0.000					0.000	0.000	1.000	0.000	0.000	0.000	0.000
2025-11-16 12:08:42	119.994	127.717	1.000	44.293	0.000	0	0	0.000	0.000	0.000					0.000	0.000	1.000	0.000	0.000	0.000	0.000
2025-11-16 12:08:43	120.995	128.534	1.000	47.916	0.000	0	0	0.000	0.000	0.000					0.000	0.000	1.000	0.000	0.000	0.000	0.000
2025-11-16 12:08:44	121.995	129.350	1.000	55.615	0.000	0	0	0.000	0.000	0.000					0.000	0.000	1.000	0.000	0.000	0.000	0.000
2025-11-16 12:08:45	122.995	130.167	1.000	60.387	0.000	0	0	0.000	0.000	0.000					0.000	0.000	1.000	0.000	0.000	0.000	0.000
2025-11-16 12:08:46	123.995	131.000	1.000	67.178	0.000	0	0	0.000	0.000	0.000					0.000	0.000	1.000	0.000	0.000	0.000	0.000
2025-11-16 12:08:47	124.996	132.000	1.000	77.853	0.000	0	0	0.000	0.000	0.000					0.000	0.000	1.000	0.000	0.000	0.000	0.000
2025-11-16 12:08:48	125.996	132.817	1.000	77.533	0.000	0	0	0.000	0.000	0.000					0.000	0.000	1.000	0.000	0.000	0.000	0.000
2025-11-16 12:08:49	126.996	133.634	1.000	75.804	0.000	0	0	0.000	0.000	0.000					0.000	0.000	1.000	0.000	0.000	0.000	0.000
2025-11-16 12:08:50	127.996	134.450	1.000	76.991	0.000	3	3	0.376	0.053	0.256	88,95,102	1,2,3,4,5,6,8,9,10,11,12,13,14,15,17,19,21,22,23,25,26,28,29,30,31,32,33,35,36,38,40,42,43,46,48,50,53,54,56,57,60,62,64,65,69,70,71,72,73,75,80,81,82,84,85,90,93,98,99,104,105,112,115,119,120,121,124,125,128,131,134	96,100,106,109,111,113,122,127,129,132	0,7,16,18,20,24,27,34,37,39,41,44,45,47,49,51,52,55,58,59,61,63,66,67,68,74,76,77,78,79,86,87,89,91,92,97,101,103,107,108,110,114,116,117,118,123,130,133	0.229	0.000	0.670	0.000	0.053	0.048	0.000
2025-11-16 12:08:51	128.996	135.534	0.684	71.615	0.000	1	3	0.389	0.026	0.241	88			63,77,79,87,89	0.315	0.000	0.586	0.000	0.059	0.040	0.000
2025-11-16 12:08:52	129.996	136.634	0.059	63.425	0.000	1	1	0.000	0.000	0.037	88			63,77,79,87,89	0.286	0.000	0.622	0.000	0.059	0.033	0.000
2025-11-16 12:08:53	130.995	137.717	0.058	58.410	0.000	1	1	0.000	0.000	0.036	88			63,77,79,87,89	0.285	0.000	0.588	0.000	0.087	0.040	0.000
2025-11-16 12:08:54	131.995	138.817	0.058	54.102	0.000	1	1	0.000	0.000	0.036	88			63,77,79,87,89	0.291	0.000	0.583	0.000	0.083	0.043	0.000
2025-11-16 12:09:12	0.367	86.600	0.668	54.988	0.000	0	1	0.000	0.000	0.014					0.106	0.000	0.842	0.004	0.030	0.018	0.000
2025-11-16 12:09:13	1.367	1.467	0.000	3.781	0.000	0	0	0.000	0.000	0.000					0.000	0.000	0.318	0.670	0.011	0.000	0.000
wall_time	sim_time	unit_seconds	panic_ratio	avg_radius	exceed_ratio	tokkou_active	tokkou_peak	cling_ratio	kaiten_ratio	run_ratio	tokkou_units	cling_units	kaiten_units	run_units	assault_enemy	assault_base	flee	follow_commander	follow_ally	defend_base	wander
2025-11-16 12:12:04	0.983	1.067	0.000	0.860	0.000	0	0	0.000	0.000	0.000					0.000	0.000	0.078	0.906	0.016	0.000	0.000
2025-11-16 12:12:05	1.983	2.167	0.000	7.414	0.000	0	0	0.000	0.000	0.000					0.000	0.000	0.538	0.000	0.462	0.000	0.000
2025-11-16 12:12:06	2.983	3.267	0.000	13.209	0.000	0	0	0.000	0.000	0.000					0.000	0.000	0.612	0.000	0.388	0.000	0.000
2025-11-16 12:12:07	3.983	4.350	0.000	17.584	0.000	0	0	0.000	0.000	0.000					0.080	0.000	0.460	0.000	0.460	0.000	0.000
2025-11-16 12:12:08	4.983	5.450	0.000	18.055	0.000	0	0	0.000	0.000	0.000					0.183	0.000	0.367	0.000	0.450	0.000	0.000
2025-11-16 12:12:09	5.983	6.533	0.000	20.301	0.000	0	0	0.000	0.000	0.000					0.235	0.000	0.306	0.000	0.459	0.000	0.000
2025-11-16 12:12:10	6.983	7.633	0.000	23.624	0.000	0	0	0.000	0.000	0.000					0.262	0.000	0.262	0.000	0.476	0.000	0.000
2025-11-16 12:12:11	7.983	8.717	0.000	28.040	0.000	0	0	0.000	0.000	0.000					0.312	0.000	0.229	0.000	0.459	0.000	0.000
2025-11-16 12:12:12	8.983	9.817	0.000	32.754	0.000	0	0	0.000	0.000	0.000					0.306	0.000	0.204	0.000	0.491	0.000	0.000
2025-11-16 12:12:13	9.983	10.900	0.000	38.866	0.000	0	0	0.000	0.000	0.000					0.358	0.000	0.183	0.000	0.459	0.000	0.000
2025-11-16 12:12:14	10.983	12.083	0.000	46.014	0.000	0	0	0.000	0.000	0.000					0.414	0.000	0.166	0.000	0.414	0.007	0.000
2025-11-16 12:12:15	11.983	13.167	0.000	51.346	0.000	0	0	0.000	0.000	0.000					0.380	0.000	0.152	0.000	0.392	0.076	0.000
2025-11-16 12:12:16	12.983	14.267	0.000	53.033	0.000	0	0	0.000	0.000	0.000					0.369	0.000	0.140	0.000	0.421	0.070	0.000
2025-11-16 12:12:17	13.983	15.350	0.000	55.244	0.000	0	0	0.000	0.000	0.000					0.391	0.000	0.130	0.000	0.414	0.065	0.000
2025-11-16 12:12:18	14.983	16.450	0.000	58.600	0.000	0	0	0.000	0.000	0.000					0.365	0.000	0.122	0.000	0.426	0.061	0.027
2025-11-16 12:12:19	15.983	17.533	0.000	62.620	0.000	0	0	0.000	0.000	0.000					0.342	0.000	0.144	0.000	0.399	0.057	0.057
2025-11-16 12:12:20	16.983	18.633	0.000	66.351	0.000	0	0	0.000	0.000	0.000					0.356	0.000	0.161	0.000	0.376	0.054	0.054
2025-11-16 12:12:21	17.983	19.717	0.000	68.191	0.000	0	0	0.000	0.000	0.000					0.355	0.000	0.152	0.000	0.355	0.087	0.051
2025-11-16 12:12:22	18.983	20.817	0.000	69.868	0.000	0	0	0.000	0.000	0.000					0.376	0.000	0.144	0.000	0.336	0.096	0.048
2025-11-16 12:12:23	19.983	21.900	0.000	66.605	0.000	0	0	0.000	0.000	0.000					0.365	0.000	0.137	0.000	0.320	0.132	0.046
2025-11-16 12:12:24	20.983	23.083	0.000	61.093	0.000	0	0	0.000	0.000	0.000					0.347	0.000	0.130	0.000	0.307	0.173	0.043
2025-11-16 12:12:25	21.983	24.167	0.000	64.348	0.000	0	0	0.000	0.000	0.000					0.331	0.000	0.124	0.000	0.331	0.172	0.041
2025-11-16 12:12:26	22.983	25.267	0.000	65.209	0.000	0	0	0.000	0.000	0.000					0.317	0.000	0.119	0.000	0.327	0.198	0.040
2025-11-16 12:12:27	23.983	26.350	0.000	63.704	0.000	0	0	0.000	0.000	0.000					0.304	0.000	0.114	0.000	0.342	0.203	0.038
2025-11-16 12:12:28	24.983	27.450	0.000	62.366	0.000	0	0	0.000	0.000	0.000					0.291	0.000	0.126	0.000	0.328	0.219	0.036
2025-11-16 12:12:29	25.983	28.533	0.000	58.805	0.000	0	0	0.000	0.000	0.000					0.280	0.000	0.159	0.000	0.315	0.210	0.035
2025-11-16 12:12:30	26.983	29.633	0.000	59.844	0.000	0	0	0.000	0.000	0.000					0.291	0.000	0.169	0.000	0.304	0.202	0.034
2025-11-16 12:12:31	27.983	30.717	0.000	59.678	0.000	0	0	0.000	0.000	0.000					0.293	0.000	0.186	0.000	0.293	0.195	0.033
2025-11-16 12:12:32	28.983	31.817	0.000	62.178	0.000	0	0	0.000	0.000	0.000					0.283	0.000	0.189	0.000	0.309	0.189	0.031
2025-11-16 12:12:33	29.983	32.900	0.000	62.426	0.000	0	0	0.000	0.000	0.000					0.274	0.000	0.210	0.000	0.304	0.182	0.030
2025-11-16 12:12:34	30.983	34.083	0.000	71.027	0.000	0	0	0.000	0.000	0.000					0.311	0.000	0.205	0.000	0.293	0.160	0.029
2025-11-16 12:12:35	31.983	35.167	0.000	78.720	0.000	0	0	0.000	0.000	0.000					0.389	0.000	0.199	0.000	0.284	0.099	0.028
2025-11-16 12:12:36	32.983	36.267	0.000	84.332	0.000	0	0	0.000	0.000	0.000					0.428	0.000	0.200	0.000	0.276	0.068	0.028
2025-11-16 12:12:37	33.983	37.350	0.000	90.969	0.117	0	0	0.000	0.000	0.000					0.428	0.000	0.214	0.000	0.277	0.054	0.027
2025-11-16 12:12:38	34.983	38.450	0.000	91.455	0.583	0	0	0.000	0.000	0.000					0.430	0.000	0.208	0.000	0.298	0.039	0.026
2025-11-16 12:12:39	35.983	39.533	0.000	75.787	0.000	0	0	0.000	0.000	0.000					0.430	0.000	0.202	0.000	0.317	0.025	0.025
2025-11-16 12:12:40	36.983	40.633	0.000	74.644	0.000	0	0	0.000	0.000	0.000					0.434	0.000	0.197	0.000	0.320	0.025	0.025
2025-11-16 12:12:41	37.983	41.717	0.000	73.052	0.000	0	0	0.000	0.000	0.000					0.431	0.000	0.192	0.000	0.329	0.024	0.024
2025-11-16 12:12:42	38.983	42.817	0.000	73.403	0.000	0	0	0.000	0.000	0.000					0.420	0.000	0.206	0.000	0.327	0.023	0.023
2025-11-16 12:12:43	39.983	43.900	0.000	74.117	0.000	0	0	0.000	0.000	0.000					0.422	0.000	0.205	0.000	0.328	0.023	0.023
2025-11-16 12:12:44	40.983	45.083	0.000	73.976	0.000	0	0	0.000	0.000	0.000					0.435	0.000	0.200	0.000	0.333	0.022	0.011
2025-11-16 12:12:45	41.983	46.167	0.000	73.220	0.000	0	0	0.000	0.000	0.000					0.459	0.000	0.195	0.000	0.325	0.022	0.000
2025-11-16 12:12:46	42.983	47.267	0.000	73.537	0.000	0	0	0.000	0.000	0.000					0.521	0.000	0.190	0.000	0.268	0.021	0.000
2025-11-16 12:12:47	43.983	48.350	0.000	73.369	0.000	0	0	0.000	0.000	0.000					0.638	0.000	0.186	0.000	0.155	0.021	0.000
2025-11-16 12:12:48	44.983	49.450	0.000	68.867	0.000	0	0	0.000	0.000	0.000					0.656	0.000	0.182	0.000	0.142	0.020	0.000
2025-11-16 12:12:49	45.983	50.533	0.000	63.257	0.000	0	0	0.000	0.000	0.000					0.664	0.000	0.178	0.000	0.139	0.020	0.000
2025-11-16 12:12:50	46.983	51.633	0.005	58.146	0.000	0	0	0.000	0.005	0.000			4		0.671	0.000	0.174	0.000	0.136	0.019	0.000
2025-11-16 12:12:51	47.983	52.717	0.030	55.451	0.000	0	0	0.000	0.030	0.000			4,11		0.678	0.000	0.171	0.000	0.133	0.019	0.000
2025-11-16 12:12:52	48.983	53.167	0.056	56.802	0.000	0	0	0.000	0.056	0.000			9,10,12,20,24		0.671	0.000	0.169	0.000	0.132	0.029	0.000
2025-11-16 12:12:53	49.983	50.233	0.076	54.946	0.000	1	1	0.000	0.074	0.000	11		15,19		0.652	0.000	0.179	0.000	0.139	0.030	0.000
2025-11-16 12:12:54	50.983	46.667	0.045	48.886	0.000	0	1	0.000	0.037	0.000					0.628	0.000	0.204	0.000	0.150	0.019	0.000
2025-11-16 12:12:55	51.983	45.167	0.768	44.660	0.000	0	0	0.000	0.000	0.000					0.145	0.000	0.819	0.000	0.036	0.000	0.000
2025-11-16 12:12:56	52.983	46.000	1.000	30.741	0.000	0	0	0.000	0.000	0.000					0.000	0.000	1.000	0.000	0.000	0.000	0.000
2025-11-16 12:12:57	53.983	48.133	1.000	23.462	0.000	0	0	0.000	0.000	0.000					0.000	0.000	1.000	0.000	0.000	0.000	0.000
2025-11-16 12:12:58	54.983	53.767	1.000	15.116	0.000	0	0	0.000	0.000	0.000					0.000	0.000	1.000	0.000	0.000	0.000	0.000
2025-11-16 12:12:59	55.983	59.550	1.000	9.619	0.000	0	0	0.000	0.000	0.000					0.000	0.000	1.000	0.000	0.000	0.000	0.000
2025-11-16 12:13:00	56.983	62.350	1.000	4.957	0.000	0	0	0.000	0.000	0.000					0.000	0.000	1.000	0.000	0.000	0.000	0.000
2025-11-16 12:13:01	57.983	63.450	1.000	5.391	0.000	0	0	0.000	0.000	0.000					0.000	0.000	1.000	0.000	0.000	0.000	0.000
2025-11-16 12:13:02	58.983	64.533	1.000	11.395	0.000	0	0	0.000	0.000	0.000					0.000	0.000	1.000	0.000	0.000	0.000	0.000
2025-11-16 12:13:03	59.983	65.633	1.000	14.347	0.000	0	0	0.000	0.000	0.000					0.000	0.000	1.000	0.000	0.000	0.000	0.000
2025-11-16 12:13:04	60.983	66.717	1.000	15.993	0.000	0	0	0.000	0.000	0.000					0.000	0.000	1.000	0.000	0.000	0.000	0.000
2025-11-16 12:13:05	61.983	67.817	1.000	16.444	0.000	0	0	0.000	0.000	0.000					0.000	0.000	1.000	0.000	0.000	0.000	0.000
2025-11-16 12:13:06	62.983	68.900	1.000	16.118	0.000	0	0	0.000	0.000	0.000					0.000	0.000	1.000	0.000	0.000	0.000	0.000
2025-11-16 12:13:07	63.983	70.083	0.999	16.474	0.000	3	3	0.263	0.109	0.273	17,21,28	2,3,7,8,10,13,16,18,20,24,26,27,29,30,35,49,54,55,58,60,62,67,68,69	11,19,22,23,34,42,46,59,65,66	1,5,9,12,15,25,31,32,33,36,37,38,39,40,44,47,48,50,51,52,53,56,57,61,63	0.384	0.000	0.485	0.000	0.109	0.022	0.000
2025-11-16 12:13:08	64.983	71.167	0.449	16.599	0.000	0	3	0.242	0.025	0.132					0.577	0.000	0.252	0.000	0.141	0.030	0.000
2025-11-16 12:13:09	65.983	72.267	0.000	17.036	0.000	0	0	0.000	0.000	0.000					0.613	0.000	0.215	0.000	0.138	0.034	0.000
2025-11-16 12:13:10	66.983	73.350	0.000	17.079	0.000	0	0	0.000	0.000	0.000					0.618	0.000	0.253	0.000	0.115	0.014	0.000
2025-11-16 12:13:11	67.983	74.450	0.000	17.658	0.000	0	0	0.000	0.000	0.000					0.610	0.000	0.290	0.000	0.087	0.013	0.000
2025-11-16 12:13:12	68.984	75.534	0.000	17.894	0.000	0	0	0.000	0.000	0.000					0.603	0.000	0.325	0.000	0.073	0.000	0.000
2025-11-16 12:13:13	69.984	76.633	0.000	19.200	0.000	0	0	0.000	0.000	0.000					0.600	0.000	0.354	0.000	0.045	0.000	0.000
2025-11-16 12:13:14	70.984	77.717	0.000	21.004	0.000	0	0	0.000	0.000	0.000					0.601	0.000	0.354	0.000	0.045	0.000	0.000
2025-11-16 12:13:15	71.984	78.817	0.000	28.446	0.000	0	0	0.000	0.000	0.000					0.607	0.000	0.362	0.000	0.032	0.000	0.000
2025-11-16 12:13:16	72.984	79.900	0.000	45.908	0.000	0	0	0.000	0.000	0.000					0.612	0.000	0.363	0.000	0.025	0.000	0.000
2025-11-16 12:13:17	73.985	81.084	0.000	74.523	0.000	0	0	0.000	0.000	0.000					0.604	0.000	0.346	0.000	0.037	0.012	0.000
2025-11-16 12:13:18	74.985	81.700	0.025	107.898	0.783	0	0	0.000	0.012	0.010				5,37	0.592	0.000	0.353	0.000	0.049	0.006	0.000
2025-11-16 12:13:19	75.985	79.567	0.043	131.581	1.000	1	2	0.000	0.001	0.027	32		19	28,35,65	0.563	0.000	0.387	0.000	0.037	0.012	0.000
2025-11-16 12:13:20	76.985	75.383	0.124	140.095	1.000	2	3	0.000	0.019	0.088	37,42		15	8,27,28,29,30,36,39,49	0.524	0.000	0.436	0.000	0.033	0.007	0.000
2025-11-16 12:13:21	77.986	61.750	0.176	107.922	0.533	0	3	0.000	0.024	0.116			35,40	4	0.392	0.000	0.600	0.000	0.008	0.000	0.000
2025-11-16 12:13:22	78.986	48.167	0.076	77.318	0.000	1	1	0.000	0.031	0.025	21		36	4,37	0.202	0.000	0.798	0.000	0.000	0.000	0.000
2025-11-16 12:13:23	79.986	44.117	0.062	52.903	0.000	0	2	0.000	0.009	0.029				3	0.128	0.000	0.872	0.000	0.000	0.000	0.000
2025-11-16 12:13:24	80.986	47.050	0.041	42.446	0.000	0	0	0.000	0.019	0.021			18	3	0.135	0.000	0.865	0.000	0.000	0.000	0.000
2025-11-16 12:13:25	81.986	56.083	0.036	64.340	0.000	0	0	0.000	0.018	0.018			18	3	0.219	0.000	0.781	0.000	0.000	0.000	0.000
2025-11-16 12:13:26	82.987	77.033	0.026	55.221	0.000	0	0	0.000	0.013	0.013			18	3	0.318	0.000	0.682	0.000	0.000	0.000	0.000
2025-11-16 12:13:27	83.987	85.884	0.163	44.846	0.000	0	1	0.000	0.028	0.010					0.315	0.000	0.685	0.000	0.000	0.000	0.000
2025-11-16 12:13:28	84.987	89.917	1.000	37.490	0.000	0	0	0.000	0.000	0.000					0.000	0.000	1.000	0.000	0.000	0.000	0.000
2025-11-16 12:13:29	85.987	89.000	1.000	35.185	0.000	0	0	0.000	0.000	0.000					0.000	0.000	1.000	0.000	0.000	0.000	0.000
2025-11-16 12:13:30	86.987	89.067	1.000	31.877	0.000	0	0	0.000	0.000	0.000					0.000	0.000	1.000	0.000	0.000	0.000	0.000
2025-11-16 12:13:31	87.988	89.533	1.000	28.340	0.000	0	0	0.000	0.000	0.000					0.000	0.000	1.000	0.000	0.000	0.000	0.000
2025-11-16 12:13:32	88.988	90.350	1.000	24.917	0.000	0	0	0.000	0.000	0.000					0.000	0.000	1.000	0.000	0.000	0.000	0.000
2025-11-16 12:13:33	89.988	91.634	1.000	24.474	0.000	0	0	0.000	0.000	0.000					0.000	0.000	1.000	0.000	0.000	0.000	0.000
2025-11-16 12:13:34	90.988	95.184	1.000	26.737	0.000	0	0	0.000	0.000	0.000					0.000	0.000	1.000	0.000	0.000	0.000	0.000
2025-11-16 12:13:35	91.989	98.000	1.000	25.827	0.000	0	0	0.000	0.000	0.000					0.000	0.000	1.000	0.000	0.000	0.000	0.000
2025-11-16 12:13:36	92.989	99.550	1.000	27.238	0.000	0	0	0.000	0.000	0.000					0.000	0.000	1.000	0.000	0.000	0.000	0.000
2025-11-16 12:13:37	93.989	100.634	1.000	26.003	0.000	0	0	0.000	0.000	0.000					0.000	0.000	1.000	0.000	0.000	0.000	0.000
2025-11-16 12:13:38	94.989	101.450	1.000	29.030	0.000	0	0	0.000	0.000	0.000					0.000	0.000	1.000	0.000	0.000	0.000	0.000
2025-11-16 12:13:39	95.989	102.267	1.000	29.007	0.000	3	3	0.052	0.018	0.032	45,48,51	1,2,4,5,6,7,9,10,11,12,13,14,15,16,18,19,21,22,23,24,25,27,28,29,30,33,35,36,38,40,41,53,54,58,61,63,66,75,80,81,86,87,89,95,99,101	43,47,49,57,60,64,67,71,78,82,85,92,93,96,97,98	0,3,8,17,20,26,31,32,34,37,39,42,44,46,50,52,62,65,69,73,74,76,83,88,90,91,94,100	0.032	0.000	0.968	0.000	0.000	0.000	0.000
2025-11-16 12:13:40	96.990	103.083	0.940	33.265	0.000	0	3	0.446	0.135	0.259		1,2,4,5,6,7,9,10,11,12,13,14,15,16,18,19,21,22,23,24,25,27,28,29,30,33,35,36,38,40,41,53,54,58,61,63,66,75,80,81,86,87,89,95,99,101	78,82,85,93,97	0,3,8,17,20,26,31,32,34,37,39,42,44,46,50,52,62,65,69,83,88,91,100	0.296	0.000	0.704	0.000	0.000	0.000	0.000
2025-11-16 12:13:41	97.990	104.167	0.234	35.343	0.000	0	0	0.154	0.003	0.076				3	0.375	0.000	0.625	0.000	0.000	0.000	0.000
2025-11-16 12:13:42	98.990	105.267	0.013	35.270	0.000	0	0	0.000	0.000	0.009				3	0.379	0.000	0.621	0.000	0.000	0.000	0.000
2025-11-16 12:13:43	99.990	106.017	0.020	35.579	0.000	0	0	0.000	0.001	0.009				3	0.374	0.000	0.621	0.000	0.000	0.005	0.000
2025-11-16 12:13:44	100.990	106.450	0.022	39.895	0.000	1	1	0.000	0.000	0.009	104			3	0.375	0.000	0.606	0.000	0.009	0.009	0.000
2025-11-16 12:13:45	101.991	106.167	0.021	42.452	0.000	0	1	0.000	0.001	0.009				3	0.368	0.000	0.608	0.000	0.009	0.014	0.000
2025-11-16 12:13:46	102.991	104.500	0.025	45.911	0.000	0	0	0.000	0.005	0.010				3	0.343	0.000	0.633	0.000	0.010	0.014	0.000
2025-11-16 12:13:47	103.991	102.534	0.029	46.340	0.000	0	0	0.000	0.010	0.010				3	0.327	0.000	0.658	0.000	0.005	0.010	0.000
2025-11-16 12:13:48	104.991	100.817	0.051	46.092	0.000	1	1	0.003	0.021	0.010	48		43,87	3	0.305	0.000	0.681	0.000	0.005	0.010	0.000
2025-11-16 12:13:49	105.992	97.950	0.059	50.979	0.000	1	2	0.005	0.016	0.010	47		56	3	0.287	0.000	0.676	0.000	0.021	0.016	0.000
2025-11-16 12:13:50	106.992	95.717	0.024	61.583	0.000	0	1	0.000	0.002	0.010				3	0.278	0.000	0.633	0.000	0.047	0.042	0.000
2025-11-16 12:13:51	107.992	97.017	0.024	76.950	0.000	0	1	0.000	0.001	0.010				3	0.269	0.000	0.633	0.000	0.057	0.041	0.000
2025-11-16 12:13:52	108.992	97.367	0.034	87.546	0.083	0	1	0.000	0.013	0.010			46,58	3	0.286	0.000	0.611	0.000	0.067	0.036	0.000
2025-11-16 12:13:53	109.992	99.450	0.037	92.898	0.150	0	1	0.000	0.012	0.010			56	3	0.298	0.000	0.591	0.000	0.076	0.035	0.000
2025-11-16 12:13:54	110.993	101.250	0.039	98.136	0.600	0	1	0.000	0.014	0.014			99	3,92	0.299	0.000	0.587	0.000	0.079	0.034	0.000
2025-11-16 12:13:55	111.993	102.100	0.042	111.355	1.000	0	1	0.000	0.010	0.021			66	3,92	0.296	0.000	0.581	0.000	0.093	0.030	0.000
2025-11-16 12:13:56	112.993	101.350	0.042	107.208	1.000	1	1	0.000	0.011	0.020	58		65	3,91	0.284	0.000	0.573	0.000	0.104	0.039	0.000
2025-11-16 12:13:57	113.993	102.584	0.044	112.719	1.000	1	1	0.000	0.013	0.019	98		63	3,89	0.267	0.000	0.597	0.000	0.097	0.039	0.000
2025-11-16 12:13:58	114.993	101.900	0.037	113.534	1.000	0	1	0.002	0.004	0.020		100		3,65,88	0.224	0.000	0.673	0.000	0.074	0.029	0.000
2025-11-16 12:13:59	115.994	102.050	0.054	115.029	1.000	1	2	0.001	0.001	0.037	44			3,64,86,95	0.177	0.000	0.715	0.000	0.088	0.020	0.000
2025-11-16 12:14:13	0.533	46.883	0.070	117.135	1.000	0	1	0.000	0.009	0.042					0.182	0.000	0.672	0.011	0.096	0.038	0.000
2025-11-16 12:14:14	1.533	1.633	0.000	4.884	0.000	0	0	0.000	0.000	0.000					0.000	0.000	0.388	0.296	0.316	0.000	0.000
2025-11-16 12:14:16	2.533	2.717	0.000	10.822	0.000	0	0	0.000	0.000	0.000					0.000	0.000	0.632	0.000	0.368	0.000	0.000
2025-11-16 12:14:16	3.533	3.817	0.000	16.670	0.000	0	0	0.000	0.000	0.000					0.000	0.000	0.524	0.000	0.476	0.000	0.000
2025-11-16 12:14:17	4.533	4.900	0.000	16.998	0.000	0	0	0.000	0.000	0.000					0.184	0.000	0.408	0.000	0.408	0.000	0.000
2025-11-16 12:14:18	5.533	6.083	0.000	19.565	0.000	0	0	0.000	0.000	0.000					0.178	0.000	0.329	0.000	0.493	0.000	0.000
2025-11-16 12:14:19	6.533	7.183	0.000	21.572	0.000	0	0	0.000	0.000	0.000					0.278	0.000	0.278	0.000	0.443	0.000	0.000
2025-11-16 12:14:20	7.533	8.267	0.000	26.725	0.000	0	0	0.000	0.000	0.000					0.274	0.000	0.242	0.000	0.484	0.000	0.000
2025-11-16 12:14:21	8.533	9.367	0.000	30.264	0.000	0	0	0.000	0.000	0.000					0.320	0.000	0.214	0.000	0.466	0.000	0.000
2025-11-16 12:14:22	9.533	10.450	0.000	36.318	0.000	0	0	0.000	0.000	0.000					0.330	0.000	0.191	0.000	0.478	0.000	0.000
2025-11-16 12:14:23	10.533	11.550	0.000	42.800	0.000	0	0	0.000	0.000	0.000					0.394	0.000	0.173	0.000	0.433	0.000	0.000
2025-11-16 12:14:24	11.533	12.633	0.000	50.737	0.000	0	0	0.000	0.000	0.000					0.396	0.000	0.158	0.000	0.396	0.050	0.000
2025-11-16 12:14:25	12.533	13.717	0.000	54.464	0.000	0	0	0.000	0.000	0.000					0.365	0.000	0.146	0.000	0.417	0.073	0.000
2025-11-16 12:14:26	13.533	14.817	0.000	56.966	0.000	0	0	0.000	0.000	0.000					0.393	0.000	0.135	0.000	0.405	0.067	0.000
2025-11-16 12:14:27	14.533	15.900	0.000	60.165	0.000	0	0	0.000	0.000	0.000					0.377	0.000	0.126	0.000	0.434	0.063	0.000
2025-11-16 12:14:28	15.533	17.083	0.000	64.738	0.000	0	0	0.000	0.000	0.000					0.351	0.000	0.122	0.000	0.410	0.059	0.059
2025-11-16 12:14:29	16.533	18.183	0.000	67.940	0.000	0	0	0.000	0.000	0.000					0.340	0.000	0.165	0.000	0.385	0.055	0.055
2025-11-16 12:14:30	17.533	19.267	0.000	69.645	0.000	0	0	0.000	0.000	0.000					0.363	0.000	0.156	0.000	0.363	0.066	0.052
2025-11-16 12:14:31	18.533	20.367	0.000	68.925	0.000	0	0	0.000	0.000	0.000					0.362	0.000	0.147	0.000	0.344	0.098	0.049
2025-11-16 12:14:32	19.533	21.450	0.000	64.194	0.000	0	0	0.000	0.000	0.000					0.373	0.000	0.140	0.000	0.326	0.114	0.047
2025-11-16 12:14:33	20.533	22.550	0.000	62.357	0.000	0	0	0.000	0.000	0.000					0.355	0.000	0.133	0.000	0.310	0.157	0.044
2025-11-16 12:14:34	21.533	23.633	0.000	61.082	0.000	0	0	0.000	0.000	0.000					0.339	0.000	0.127	0.000	0.323	0.169	0.042
2025-11-16 12:14:35	22.533	24.717	0.000	60.098	0.000	0	0	0.000	0.000	0.000					0.324	0.000	0.121	0.000	0.324	0.191	0.040
2025-11-16 12:14:36	23.533	25.817	0.000	61.614	0.000	0	0	0.000	0.000	0.000					0.310	0.000	0.116	0.000	0.342	0.194	0.039
2025-11-16 12:14:37	24.533	26.900	0.000	63.836	0.000	0	0	0.000	0.000	0.000					0.297	0.000	0.112	0.000	0.335	0.219	0.037
2025-11-16 12:14:38	25.533	28.083	0.000	66.115	0.000	0	0	0.000	0.000	0.000					0.285	0.000	0.145	0.000	0.320	0.214	0.036
2025-11-16 12:14:40	26.533	29.183	0.000	68.022	0.000	0	0	0.000	0.000	0.000					0.280	0.000	0.171	0.000	0.308	0.206	0.034
2025-11-16 12:14:40	27.533	30.267	0.000	68.692	0.000	0	0	0.000	0.000	0.000					0.297	0.000	0.174	0.000	0.297	0.198	0.033
2025-11-16 12:14:41	28.533	31.367	0.000	71.572	0.000	0	0	0.000	0.000	0.000					0.287	0.000	0.191	0.000	0.299	0.191	0.032
2025-11-16 12:14:42	29.533	32.450	0.000	75.709	0.000	0	0	0.000	0.000	0.000					0.277	0.000	0.199	0.000	0.308	0.185	0.031
2025-11-16 12:14:43	30.533	33.550	0.000	78.261	0.000	0	0	0.000	0.000	0.000					0.285	0.000	0.209	0.000	0.298	0.178	0.030
2025-11-16 12:14:44	31.533	34.633	0.000	82.777	0.000	0	0	0.000	0.000	0.000					0.351	0.000	0.202	0.000	0.289	0.129	0.029
2025-11-16 12:14:45	32.533	35.717	0.000	84.805	0.000	0	0	0.000	0.000	0.000					0.399	0.000	0.196	0.000	0.280	0.098	0.028
2025-11-16 12:14:46	33.533	36.817	0.000	81.561	0.000	0	0	0.000	0.000	0.000					0.421	0.000	0.212	0.000	0.272	0.067	0.027
2025-11-16 12:14:47	34.533	37.900	0.000	79.008	0.000	0	0	0.000	0.000	0.000					0.422	0.000	0.211	0.000	0.288	0.053	0.026
2025-11-16 12:14:48	35.533	39.083	0.000	79.150	0.000	0	0	0.000	0.000	0.000					0.409	0.000	0.205	0.000	0.309	0.051	0.026
2025-11-16 12:14:49	36.533	40.183	0.000	81.226	0.000	0	0	0.000	0.000	0.000					0.416	0.000	0.199	0.000	0.324	0.037	0.025
2025-11-16 12:14:50	37.533	41.267	0.000	80.895	0.000	0	0	0.000	0.000	0.000					0.436	0.000	0.194	0.000	0.321	0.024	0.024
2025-11-16 12:14:51	38.533	42.367	0.000	78.956	0.000	0	0	0.000	0.000	0.000					0.425	0.000	0.197	0.000	0.330	0.024	0.024
2025-11-16 12:14:52	39.533	43.450	0.000	78.495	0.000	0	0	0.000	0.000	0.000					0.414	0.000	0.207	0.000	0.333	0.023	0.023
2025-11-16 12:14:53	40.533	44.550	0.000	78.853	0.000	0	0	0.000	0.000	0.000					0.416	0.000	0.202	0.000	0.337	0.022	0.022
2025-11-16 12:14:54	41.533	45.633	0.000	79.908	0.000	0	0	0.000	0.000	0.000					0.452	0.000	0.197	0.000	0.329	0.022	0.000
2025-11-16 12:14:55	42.533	46.717	0.000	79.592	0.000	0	0	0.000	0.000	0.000					0.476	0.000	0.193	0.000	0.310	0.021	0.000
2025-11-16 12:14:56	43.533	47.817	0.000	79.216	0.000	0	0	0.000	0.000	0.000					0.535	0.000	0.188	0.000	0.255	0.021	0.000
2025-11-16 12:14:57	44.533	48.900	0.000	79.756	0.000	0	0	0.000	0.000	0.000					0.642	0.000	0.184	0.000	0.153	0.020	0.000
2025-11-16 12:14:58	45.533	50.083	0.000	76.627	0.000	0	0	0.000	0.000	0.000					0.661	0.000	0.180	0.000	0.140	0.020	0.000
2025-11-16 12:14:59	46.533	51.183	0.008	72.612	0.000	0	0	0.000	0.008	0.000			4		0.668	0.000	0.176	0.000	0.137	0.020	0.000
2025-11-16 12:15:00	47.533	52.267	0.027	66.878	0.000	0	0	0.000	0.027	0.000			4,11		0.675	0.000	0.172	0.000	0.134	0.019	0.000
2025-11-16 12:15:01	48.533	52.917	0.044	61.802	0.000	0	0	0.000	0.044	0.000			6,9,20		0.678	0.000	0.170	0.000	0.132	0.019	0.000
2025-11-16 12:15:02	49.533	50.583	0.064	50.651	0.000	1	1	0.000	0.063	0.000	12		7,13,16		0.652	0.000	0.178	0.000	0.138	0.031	0.000
2025-11-16 12:15:03	50.533	46.767	0.026	48.932	0.000	0	1	0.000	0.021	0.000					0.618	0.000	0.203	0.000	0.161	0.017	0.000
2025-11-16 12:15:04	51.533	46.633	0.000	52.931	0.000	0	0	0.000	0.000	0.000					0.614	0.000	0.214	0.000	0.172	0.000	0.000
2025-11-16 12:15:05	52.533	47.717	0.000	57.588	0.000	0	0	0.000	0.000	0.000					0.623	0.000	0.210	0.000	0.168	0.000	0.000
2025-11-16 12:15:06	53.533	50.417	0.000	57.744	0.000	0	0	0.000	0.000	0.000					0.643	0.000	0.198	0.000	0.159	0.000	0.000
2025-11-16 12:15:07	54.533	56.167	0.000	55.991	0.000	0	0	0.000	0.000	0.000					0.653	0.000	0.189	0.000	0.142	0.015	0.000
2025-11-16 12:15:08	55.533	60.967	0.000	54.784	0.000	0	0	0.000	0.000	0.000					0.654	0.000	0.198	0.000	0.131	0.016	0.000
2025-11-16 12:15:09	56.533	62.183	0.000	50.202	0.000	0	0	0.000	0.000	0.000					0.646	0.000	0.209	0.000	0.129	0.016	0.000
2025-11-16 12:15:10	57.533	63.267	0.000	50.538	0.000	0	0	0.000	0.000	0.000					0.640	0.000	0.210	0.000	0.126	0.024	0.000
2025-11-16 12:15:11	58.533	64.367	0.000	44.771	0.000	0	0	0.000	0.000	0.000					0.635	0.000	0.225	0.000	0.124	0.016	0.000
2025-11-16 12:15:12	59.533	65.450	0.000	42.470	0.000	0	0	0.000	0.000	0.000					0.634	0.000	0.237	0.000	0.113	0.015	0.000
2025-11-16 12:15:13	60.533	66.550	0.014	42.453	0.000	0	0	0.000	0.014	0.000			16		0.624	0.000	0.279	0.000	0.090	0.008	0.000
2025-11-16 12:15:14	61.533	67.400	0.025	48.493	0.000	0	0	0.000	0.025	0.000			15		0.614	0.000	0.312	0.000	0.067	0.007	0.000
2025-11-16 12:15:15	62.533	65.733	0.031	57.187	0.000	0	2	0.000	0.001	0.006			20	5	0.588	0.000	0.351	0.000	0.053	0.008	0.000
2025-11-16 12:15:16	63.533	63.183	0.037	61.530	0.000	0	0	0.000	0.009	0.012				3	0.573	0.000	0.371	0.000	0.047	0.008	0.000
2025-11-16 12:15:17	64.533	61.550	0.026	77.288	0.000	0	0	0.000	0.005	0.014				3	0.587	0.000	0.348	0.000	0.057	0.008	0.000
2025-11-16 12:15:18	65.533	61.283	0.027	98.768	0.567	0	0	0.000	0.011	0.011				3	0.595	0.000	0.331	0.000	0.065	0.008	0.000
2025-11-16 12:15:19	66.533	61.933	0.027	114.121	0.833	1	1	0.000	0.000	0.018	25			3,22	0.596	0.000	0.347	0.000	0.048	0.008	0.000
2025-11-16 12:15:20	67.533	64.633	0.047	74.727	0.000	1	1	0.000	0.005	0.034	18		35	3,8,15	0.583	0.000	0.348	0.000	0.046	0.022	0.000
2025-11-16 12:15:21	68.534	64.800	0.091	72.275	0.000	1	2	0.000	0.000	0.077	25			3,6,20,21,22,23	0.562	0.000	0.391	0.000	0.031	0.015	0.000
2025-11-16 12:15:22	69.534	57.617	0.050	48.065	0.000	0	2	0.000	0.012	0.021			24	19	0.489	0.000	0.467	0.000	0.035	0.009	0.000
2025-11-16 12:15:23	70.534	54.400	0.025	45.152	0.000	0	1	0.000	0.014	0.004			25		0.449	0.000	0.450	0.000	0.083	0.018	0.000
2025-11-16 12:15:24	71.534	53.900	0.004	46.793	0.000	0	0	0.000	0.004	0.000					0.414	0.000	0.503	0.000	0.065	0.018	0.000
2025-11-16 12:15:25	72.534	57.800	0.000	52.316	0.000	0	0	0.000	0.000	0.000					0.411	0.000	0.494	0.000	0.086	0.009	0.000
2025-11-16 12:15:26	73.535	65.383	0.000	46.753	0.000	0	0	0.000	0.000	0.000					0.405	0.000	0.526	0.000	0.061	0.008	0.000
2025-11-16 12:15:27	74.535	76.000	0.000	39.155	0.000	0	0	0.000	0.000	0.000					0.414	0.000	0.539	0.000	0.033	0.013	0.000
2025-11-16 12:15:28	75.535	81.367	0.007	46.601	0.000	1	1	0.000	0.000	0.000	19				0.436	0.000	0.497	0.000	0.055	0.012	0.000
2025-11-16 12:15:29	76.535	81.517	0.017	58.043	0.000	1	1	0.000	0.003	0.000	28				0.430	0.000	0.527	0.000	0.043	0.000	0.000
2025-11-16 12:15:30	77.535	78.784	0.018	82.141	0.000	1	1	0.000	0.012	0.000	26		27,33		0.416	0.000	0.552	0.000	0.025	0.006	0.000
2025-11-16 12:15:31	78.536	75.317	0.021	106.275	0.967	0	1	0.000	0.018	0.000			31,32		0.389	0.000	0.604	0.000	0.006	0.000	0.000
2025-11-16 12:15:32	79.536	72.300	0.037	114.192	1.000	0	1	0.000	0.025	0.010			44		0.364	0.000	0.636	0.000	0.000	0.000	0.000
2025-11-16 12:15:33	80.536	68.850	0.046	103.456	0.967	2	2	0.000	0.021	0.019	28,35			30,42,46	0.327	0.000	0.673	0.000	0.000	0.000	0.000
2025-11-16 12:15:34	81.536	65.733	0.057	88.404	0.100	0	2	0.000	0.001	0.037			48	29,40,53	0.264	0.000	0.736	0.000	0.000	0.000	0.000
2025-11-16 12:15:35	82.536	68.100	0.082	81.326	0.000	0	0	0.000	0.028	0.044			48	29,40,50	0.257	0.000	0.743	0.000	0.000	0.000	0.000
2025-11-16 12:15:36	83.537	70.833	0.056	76.311	0.000	0	0	0.000	0.008	0.048				29,40,48,49	0.266	0.000	0.727	0.000	0.007	0.000	0.000
2025-11-16 12:15:37	84.537	74.200	0.059	72.431	0.000	1	1	0.000	0.002	0.054	52			29,40,48,49	0.278	0.000	0.722	0.000	0.000	0.000	0.000
2025-11-16 12:15:38	85.537	80.200	0.067	68.275	0.000	1	2	0.000	0.000	0.050	50			29,40,48,49	0.287	0.000	0.713	0.000	0.000	0.000	0.000
2025-11-16 12:15:39	86.537	83.684	0.072	60.804	0.000	0	1	0.000	0.003	0.048				29,40,48,49	0.260	0.000	0.740	0.000	0.000	0.000	0.000
2025-11-16 12:15:40	87.538	83.917	0.072	50.761	0.000	0	1	0.000	0.009	0.048			58,61	29,40,48,49	0.222	0.000	0.778	0.000	0.000	0.000	0.000
2025-11-16 12:15:41	88.538	83.183	0.087	40.496	0.000	0	0	0.000	0.016	0.059				29,40,48,49,60,63	0.202	0.000	0.798	0.000	0.000	0.000	0.000
2025-11-16 12:15:42	89.538	81.333	0.089	36.162	0.000	1	2	0.000	0.011	0.055	63		64	29,40,48,49,60	0.162	0.000	0.838	0.000	0.000	0.000	0.000
2025-11-16 12:15:43	90.538	79.867	0.085	31.942	0.000	0	1	0.000	0.014	0.057				29,40,48,49,60	0.125	0.000	0.875	0.000	0.000	0.000	0.000
2025-11-16 12:15:44	91.538	81.983	0.074	30.191	0.000	0	0	0.000	0.003	0.059				29,40,48,49	0.134	0.000	0.866	0.000	0.000	0.000	0.000
2025-11-16 12:15:45	92.539	84.100	0.065	30.185	0.000	0	1	0.000	0.005	0.048				29,40,48,49	0.143	0.000	0.857	0.000	0.000	0.000	0.000
2025-11-16 12:15:46	93.539	86.500	0.077	35.975	0.000	1	2	0.000	0.011	0.046	78		83	29,40,48,49	0.151	0.000	0.849	0.000	0.000	0.000	0.000
2025-11-16 12:15:47	94.539	88.517	0.076	38.986	0.000	0	1	0.004	0.010	0.045		87	80,82	29,40,48,49	0.130	0.000	0.870	0.000	0.000	0.000	0.000
2025-11-16 12:15:48	95.539	89.934	0.089	42.281	0.000	0	1	0.008	0.016	0.049			78,85	29,40,48,49,60	0.116	0.000	0.879	0.000	0.000	0.005	0.000
2025-11-16 12:15:49	96.539	89.484	0.083	41.237	0.000	1	2	0.000	0.011	0.051	86			29,40,48,49	0.088	0.000	0.912	0.000	0.000	0.000	0.000
2025-11-16 12:15:50	97.540	90.250	0.174	38.782	0.000	0	1	0.000	0.000	0.042					0.081	0.000	0.919	0.000	0.000	0.000	0.000
2025-11-16 12:15:51	98.540	92.850	1.000	47.863	0.000	0	0	0.000	0.000	0.000					0.000	0.000	1.000	0.000	0.000	0.000	0.000
2025-11-16 12:15:52	99.540	96.017	1.000	49.239	0.000	0	0	0.000	0.000	0.000					0.000	0.000	1.000	0.000	0.000	0.000	0.000
2025-11-16 12:15:53	100.540	99.250	1.000	44.333	0.000	0	0	0.000	0.000	0.000					0.000	0.000	1.000	0.000	0.000	0.000	0.000
2025-11-16 12:15:54	101.541	103.300	1.000	40.017	0.000	0	0	0.000	0.000	0.000					0.000	0.000	1.000	0.000	0.000	0.000	0.000
2025-11-16 12:15:55	102.541	107.200	1.000	42.768	0.000	0	0	0.000	0.000	0.000					0.000	0.000	1.000	0.000	0.000	0.000	0.000
2025-11-16 12:15:56	103.541	110.234	1.000	43.125	0.000	0	0	0.000	0.000	0.000					0.000	0.000	1.000	0.000	0.000	0.000	0.000
2025-11-16 12:15:57	104.541	112.917	1.000	49.306	0.000	0	0	0.000	0.000	0.000					0.000	0.000	1.000	0.000	0.000	0.000	0.000
2025-11-16 12:15:58	105.541	114.267	1.000	48.281	0.000	0	0	0.000	0.000	0.000					0.000	0.000	1.000	0.000	0.000	0.000	0.000
2025-11-16 12:15:59	106.542	115.084	1.000	51.656	0.000	0	0	0.000	0.000	0.000					0.000	0.000	1.000	0.000	0.000	0.000	0.000
2025-11-16 12:16:00	107.542	116.000	1.000	56.635	0.000	0	0	0.000	0.000	0.000					0.000	0.000	1.000	0.000	0.000	0.000	0.000
2025-11-16 12:16:01	108.542	116.900	1.000	53.995	0.000	0	0	0.000	0.000	0.000					0.000	0.000	1.000	0.000	0.000	0.000	0.000
2025-11-16 12:16:02	109.542	117.717	1.000	59.084	0.000	3	3	0.062	0.007	0.040	87,90,94	1,2,3,4,5,6,8,9,10,11,12,13,14,15,17,18,19,20,21,24,25,26,27,31,32,33,34,37,38,39,41,43,46,47,50,51,53,54,55,57,58,59,62,64,68,69,72,73,75,76,79,81,82,83,84,85,93,96,97,107,108,109,116	88,89,91,92,104,110,117	0,7,16,22,23,28,29,30,35,36,40,42,44,45,48,49,56,60,61,63,65,66,67,70,71,74,77,78,80,86,95,98,99,100,102,103,106,112,113,114,115	0.020	0.000	0.974	0.000	0.003	0.004	0.000
2025-11-16 12:16:03	110.542	118.550	0.963	57.121	0.000	0	3	0.531	0.053	0.332		1,2,3,4,5,6,8,9,10,11,12,13,14,15,17,18,19,20,21,24,25,26,27,31,32,33,34,37,38,39,41,43,46,47,50,51,53,54,55,57,58,59,62,64,68,69,72,73,75,76,79,81,82,83,84,85,93,96,97,107,108,109,116	89,110,117	0,7,16,22,23,28,29,30,35,36,40,42,44,45,48,49,56,60,61,63,65,66,67,70,71,74,77,78,80,86,99,100,102,106,113,115	0.177	0.000	0.781	0.000	0.013	0.029	0.000
2025-11-16 12:16:04	111.543	119.634	0.345	49.060	0.000	0	0	0.204	0.002	0.132				29,40,48,49	0.202	0.000	0.760	0.000	0.013	0.025	0.000
2025-11-16 12:16:05	112.543	120.717	0.041	42.477	0.000	0	0	0.000	0.000	0.033				29,40,48,49	0.203	0.000	0.743	0.000	0.030	0.025	0.000
2025-11-16 12:16:06	113.543	121.517	0.042	43.778	0.000	0	0	0.000	0.001	0.033				29,40,48,49	0.199	0.000	0.727	0.000	0.045	0.029	0.000
2025-11-16 12:16:07	114.543	121.617	0.042	44.485	0.000	0	0	0.000	0.001	0.033				29,40,48,49	0.198	0.000	0.740	0.000	0.033	0.029	0.000
2025-11-16 12:16:08	115.544	121.517	0.440	46.960	0.000	0	0	0.000	0.001	0.019					0.119	0.000	0.851	0.000	0.015	0.015	0.000
2025-11-16 12:16:09	116.544	122.000	1.000	45.405	0.000	0	0	0.000	0.000	0.000					0.000	0.000	1.000	0.000	0.000	0.000	0.000
wall_time	sim_time	unit_seconds	panic_ratio	avg_radius	exceed_ratio	tokkou_active	tokkou_peak	cling_ratio	kaiten_ratio	run_ratio	tokkou_units	cling_units	kaiten_units	run_units	assault_enemy	assault_base	flee	follow_commander	follow_ally	defend_base	wander
2025-11-16 12:18:38	0.983	1.067	0.000	0.404	0.000	0	0	0.000	0.000	0.000					0.000	0.000	0.078	0.906	0.016	0.000	0.000
2025-11-16 12:18:39	1.983	2.167	0.000	0.860	0.000	0	0	0.000	0.000	0.000					0.000	0.000	0.538	0.000	0.462	0.000	0.000
2025-11-16 12:18:40	2.983	3.267	0.000	9.931	0.000	0	0	0.000	0.000	0.000					0.000	0.000	0.612	0.000	0.306	0.082	0.000
2025-11-16 12:18:41	3.983	4.350	0.000	14.865	0.000	0	0	0.000	0.000	0.000					0.080	0.000	0.460	0.000	0.230	0.230	0.000
2025-11-16 12:18:42	4.983	5.450	0.000	16.070	0.000	0	0	0.000	0.000	0.000					0.183	0.000	0.367	0.000	0.266	0.183	0.000
2025-11-16 12:18:43	5.983	6.533	0.000	20.081	0.000	0	0	0.000	0.000	0.000					0.235	0.000	0.306	0.000	0.306	0.153	0.000
2025-11-16 12:18:44	6.983	7.633	0.000	21.866	0.000	0	0	0.000	0.000	0.000					0.262	0.000	0.262	0.000	0.345	0.131	0.000
2025-11-16 12:18:45	7.983	8.717	0.000	25.333	0.000	0	0	0.000	0.000	0.000					0.312	0.000	0.229	0.000	0.344	0.115	0.000
2025-11-16 12:18:46	8.983	9.817	0.000	28.003	0.000	0	0	0.000	0.000	0.000					0.306	0.000	0.204	0.000	0.389	0.102	0.000
2025-11-16 12:18:47	9.983	10.900	0.000	30.758	0.000	0	0	0.000	0.000	0.000					0.358	0.000	0.183	0.000	0.367	0.092	0.000
2025-11-16 12:18:48	10.983	12.083	0.000	35.071	0.000	0	0	0.000	0.000	0.000					0.331	0.000	0.166	0.000	0.331	0.172	0.000
2025-11-16 12:18:49	11.983	13.167	0.000	38.622	0.000	0	0	0.000	0.000	0.000					0.304	0.000	0.152	0.000	0.304	0.241	0.000
2025-11-16 12:18:50	12.983	14.267	0.000	43.345	0.000	0	0	0.000	0.000	0.000					0.299	0.000	0.140	0.000	0.280	0.280	0.000
2025-11-16 12:18:51	13.983	15.350	0.000	47.431	0.000	0	0	0.000	0.000	0.000					0.326	0.000	0.130	0.000	0.261	0.283	0.000
2025-11-16 12:18:52	14.983	16.450	0.000	55.842	0.000	0	0	0.000	0.000	0.000					0.304	0.000	0.122	0.000	0.243	0.304	0.027
2025-11-16 12:18:53	15.983	17.533	0.000	71.256	0.000	0	0	0.000	0.000	0.000					0.285	0.000	0.144	0.000	0.228	0.285	0.057
2025-11-16 12:18:54	16.983	18.633	0.000	76.067	0.000	0	0	0.000	0.000	0.000					0.302	0.000	0.161	0.000	0.215	0.268	0.054
2025-11-16 12:18:55	17.983	19.717	0.000	70.618	0.000	0	0	0.000	0.000	0.000					0.304	0.000	0.152	0.000	0.203	0.290	0.051
2025-11-16 12:18:56	18.983	20.817	0.000	63.140	0.000	0	0	0.000	0.000	0.000					0.327	0.000	0.144	0.000	0.192	0.288	0.048
2025-11-16 12:18:57	19.983	21.900	0.000	62.785	0.000	0	0	0.000	0.000	0.000					0.320	0.000	0.137	0.000	0.183	0.315	0.046
2025-11-16 12:18:58	20.983	23.083	0.000	59.337	0.000	0	0	0.000	0.000	0.000					0.303	0.000	0.130	0.000	0.177	0.347	0.043
2025-11-16 12:18:59	21.983	24.167	0.000	62.416	0.000	0	0	0.000	0.000	0.000					0.290	0.000	0.124	0.000	0.207	0.338	0.041
2025-11-16 12:19:00	22.983	25.267	0.000	67.292	0.000	0	0	0.000	0.000	0.000					0.277	0.000	0.119	0.000	0.208	0.356	0.040
2025-11-16 12:19:01	23.983	26.350	0.000	73.447	0.000	0	0	0.000	0.000	0.000					0.266	0.000	0.114	0.000	0.228	0.355	0.038
2025-11-16 12:19:02	24.983	27.450	0.000	78.639	0.000	0	0	0.000	0.000	0.000					0.255	0.000	0.126	0.000	0.219	0.364	0.036
2025-11-16 12:19:03	25.983	28.533	0.000	86.306	0.000	0	0	0.000	0.000	0.000					0.245	0.000	0.159	0.000	0.210	0.350	0.035
2025-11-16 12:19:04	26.983	29.633	0.000	89.694	0.000	0	0	0.000	0.000	0.000					0.258	0.000	0.169	0.000	0.202	0.337	0.034
2025-11-16 12:19:05	27.983	30.717	0.000	87.496	0.000	0	0	0.000	0.000	0.000					0.261	0.000	0.186	0.000	0.195	0.325	0.033
2025-11-16 12:19:06	28.983	31.817	0.000	78.489	0.000	0	0	0.000	0.000	0.000					0.283	0.000	0.189	0.000	0.189	0.308	0.031
2025-11-16 12:19:07	29.983	32.900	0.000	74.399	0.000	0	0	0.000	0.000	0.000					0.304	0.000	0.210	0.000	0.182	0.274	0.030
2025-11-16 12:19:08	30.983	34.083	0.000	74.669	0.000	0	0	0.000	0.000	0.000					0.325	0.000	0.205	0.000	0.176	0.264	0.029
2025-11-16 12:19:09	31.983	35.167	0.000	60.905	0.000	0	0	0.000	0.000	0.000					0.347	0.000	0.199	0.000	0.170	0.256	0.028
2025-11-16 12:19:10	32.983	36.267	0.000	67.750	0.167	0	0	0.000	0.000	0.000					0.428	0.000	0.200	0.000	0.096	0.248	0.027
2025-11-16 12:19:11	33.983	37.350	0.000	88.318	0.050	0	0	0.000	0.000	0.000					0.510	0.000	0.214	0.000	0.048	0.227	0.000
2025-11-16 12:19:12	34.983	38.450	0.000	97.600	0.667	0	0	0.000	0.000	0.000					0.546	0.000	0.208	0.000	0.038	0.208	0.000
2025-11-16 12:19:13	35.983	39.533	0.000	98.394	0.400	0	0	0.000	0.000	0.000					0.531	0.000	0.202	0.000	0.051	0.216	0.000
2025-11-16 12:19:14	36.983	40.633	0.000	88.526	0.267	0	0	0.000	0.000	0.000					0.532	0.000	0.197	0.000	0.049	0.221	0.000
2025-11-16 12:19:15	37.983	41.717	0.000	77.807	0.133	0	0	0.000	0.000	0.000					0.527	0.000	0.192	0.000	0.065	0.216	0.000
2025-11-16 12:19:16	38.983	42.817	0.000	77.530	0.167	0	0	0.000	0.000	0.000					0.514	0.000	0.218	0.000	0.070	0.198	0.000
2025-11-16 12:19:17	39.983	43.900	0.000	90.078	0.300	0	0	0.000	0.000	0.000					0.501	0.000	0.283	0.000	0.068	0.148	0.000
2025-11-16 12:19:18	40.983	45.083	0.000	83.520	0.283	0	0	0.000	0.000	0.000					0.490	0.000	0.299	0.000	0.088	0.122	0.000
2025-11-16 12:19:19	41.983	46.167	0.000	201.958	1.000	0	0	0.000	0.000	0.000					0.546	0.000	0.282	0.000	0.054	0.119	0.000
2025-11-16 12:19:20	42.983	47.267	0.000	211.730	1.000	0	0	0.000	0.000	0.000					0.571	0.000	0.275	0.000	0.048	0.106	0.000
2025-11-16 12:19:21	43.983	48.350	0.000	222.220	1.000	0	0	0.000	0.000	0.000					0.566	0.000	0.269	0.000	0.062	0.103	0.000
2025-11-16 12:19:22	44.983	49.450	0.000	240.453	1.000	0	0	0.000	0.000	0.000					0.575	0.000	0.263	0.000	0.061	0.101	0.000
2025-11-16 12:19:23	45.983	50.533	0.000	242.156	1.000	0	0	0.000	0.000	0.000					0.574	0.000	0.257	0.000	0.059	0.109	0.000
2025-11-16 12:19:24	46.983	51.633	0.487	247.060	1.000	0	0	0.000	0.000	0.000					0.292	0.000	0.617	0.000	0.030	0.061	0.000
2025-11-16 12:19:25	47.983	52.717	1.000	241.972	1.000	0	0	0.000	0.000	0.000					0.000	0.000	1.000	0.000	0.000	0.000	0.000
2025-11-16 12:19:26	48.983	53.533	1.000	230.068	1.000	0	0	0.000	0.000	0.000					0.000	0.000	1.000	0.000	0.000	0.000	0.000
2025-11-16 12:19:27	49.983	54.350	1.000	217.584	1.000	0	0	0.000	0.000	0.000					0.000	0.000	1.000	0.000	0.000	0.000	0.000
2025-11-16 12:19:28	50.983	55.167	1.000	200.418	1.000	0	0	0.000	0.000	0.000					0.000	0.000	1.000	0.000	0.000	0.000	0.000
2025-11-16 12:19:29	51.983	56.000	1.000	151.123	1.000	0	0	0.000	0.000	0.000					0.000	0.000	1.000	0.000	0.000	0.000	0.000
2025-11-16 12:19:30	52.983	57.000	1.000	152.354	1.000	0	0	0.000	0.000	0.000					0.000	0.000	1.000	0.000	0.000	0.000	0.000
2025-11-16 12:19:31	53.983	57.817	1.000	160.148	1.000	0	0	0.000	0.000	0.000					0.000	0.000	1.000	0.000	0.000	0.000	0.000
2025-11-16 12:19:32	54.983	58.633	1.000	156.081	1.000	0	0	0.000	0.000	0.000					0.000	0.000	1.000	0.000	0.000	0.000	0.000
2025-11-16 12:19:33	55.983	59.450	1.000	146.793	1.000	0	0	0.000	0.000	0.000					0.000	0.000	1.000	0.000	0.000	0.000	0.000
2025-11-16 12:19:34	56.983	60.267	1.000	140.207	1.000	0	0	0.000	0.000	0.000					0.000	0.000	1.000	0.000	0.000	0.000	0.000
2025-11-16 12:19:35	57.983	61.083	1.000	135.057	1.000	0	0	0.000	0.000	0.000					0.000	0.000	1.000	0.000	0.000	0.000	0.000
2025-11-16 12:19:36	58.983	62.000	1.000	129.566	1.000	3	3	0.140	0.133	0.133	18,20,29	2,3,13,15,17,24,28,30,32,36,38,39,41,42,47,52,54,58	4,6,8,10,11,12,14,19,21,22,26,31,34,35,46,55,56	1,7,16,23,27,37,40,43,44,45,48,49,50,51,53,59,60	0.242	0.000	0.696	0.000	0.023	0.039	0.000
2025-11-16 12:19:37	59.983	62.900	0.661	120.859	1.000	0	3	0.273	0.122	0.180		2,17,28,30,32,36,42,52,54,58		1,27	0.556	0.000	0.316	0.000	0.048	0.079	0.000
2025-11-16 12:19:38	60.983	64.083	0.019	116.381	1.000	0	0	0.016	0.000	0.003					0.610	0.000	0.265	0.000	0.047	0.078	0.000
2025-11-16 12:19:39	61.983	65.167	0.000	112.498	1.000	0	0	0.000	0.000	0.000					0.614	0.000	0.263	0.000	0.046	0.077	0.000
2025-11-16 12:19:40	62.983	66.267	0.017	108.003	1.000	0	0	0.000	0.017	0.000			4,11,22		0.608	0.000	0.272	0.000	0.045	0.075	0.000
2025-11-16 12:19:41	63.983	67.300	0.078	104.018	1.000	0	0	0.000	0.073	0.005			4,11,18,20,21,25	7	0.614	0.000	0.275	0.000	0.045	0.066	0.000
2025-11-16 12:19:42	64.983	65.600	0.120	100.088	1.000	0	0	0.000	0.097	0.014			4,9,11,17,21,26	6	0.604	0.000	0.308	0.000	0.038	0.050	0.000
2025-11-16 12:19:43	65.983	61.317	0.148	88.987	0.400	3	3	0.000	0.071	0.039	12,13,19		7,16,23	5,10,14	0.550	0.000	0.378	0.000	0.033	0.039	0.000
2025-11-16 12:19:44	66.983	52.383	0.093	37.120	0.000	0	3	0.000	0.029	0.025			8		0.427	0.000	0.485	0.000	0.038	0.050	0.000
2025-11-16 12:19:45	67.983	49.717	0.030	25.441	0.000	0	0	0.000	0.020	0.010			8		0.402	0.000	0.508	0.000	0.030	0.060	0.000
2025-11-16 12:19:46	68.984	51.633	0.024	25.208	0.000	0	0	0.000	0.019	0.005			8	3	0.419	0.000	0.523	0.000	0.000	0.058	0.000
2025-11-16 12:19:47	69.984	56.883	0.024	18.447	0.000	0	0	0.000	0.018	0.006			8	3	0.435	0.000	0.483	0.000	0.000	0.082	0.000
2025-11-16 12:19:49	70.984	65.783	0.021	15.572	0.000	0	0	0.000	0.015	0.006			8	3	0.487	0.000	0.435	0.000	0.000	0.078	0.000
2025-11-16 12:19:49	71.984	75.233	0.019	17.310	0.000	0	0	0.000	0.013	0.006			8		0.501	0.000	0.419	0.000	0.000	0.080	0.000
2025-11-16 12:19:50	72.984	77.267	0.019	17.792	0.000	0	0	0.000	0.013	0.006			8		0.505	0.000	0.418	0.000	0.000	0.078	0.000
2025-11-16 12:19:51	73.985	78.350	0.018	19.173	0.000	0	0	0.000	0.013	0.005			8	3	0.498	0.000	0.426	0.000	0.000	0.077	0.000
2025-11-16 12:19:52	74.985	79.450	0.017	20.093	0.000	0	0	0.000	0.013	0.005			8	3	0.491	0.000	0.428	0.000	0.000	0.081	0.000
2025-11-16 12:19:53	75.985	80.534	0.023	19.968	0.000	1	1	0.000	0.012	0.004	35		8	3	0.484	0.000	0.429	0.000	0.000	0.087	0.000
2025-11-16 12:19:54	76.985	81.434	0.044	19.196	0.000	1	1	0.000	0.020	0.012	34		8,32	3	0.476	0.000	0.438	0.000	0.000	0.086	0.000
2025-11-16 12:19:55	77.986	79.967	0.044	25.483	0.000	0	1	0.000	0.023	0.016			8	3,14	0.462	0.000	0.450	0.000	0.000	0.088	0.000
2025-11-16 12:19:56	78.986	78.217	0.062	35.173	0.000	1	1	0.000	0.020	0.030	32		8,39	3,20	0.438	0.000	0.472	0.000	0.000	0.089	0.000
2025-11-16 12:19:57	79.986	74.634	0.077	39.715	0.000	1	1	0.000	0.035	0.026	46		8,37,43	3	0.397	0.000	0.518	0.000	0.000	0.085	0.000
2025-11-16 12:19:58	80.986	69.867	0.062	41.927	0.000	2	2	0.000	0.044	0.014	45,49		8	3	0.393	0.000	0.544	0.000	0.000	0.063	0.000
2025-11-16 12:19:59	81.986	68.283	0.061	45.568	0.000	1	2	0.000	0.015	0.015	45		8	3	0.386	0.000	0.570	0.000	0.000	0.044	0.000
2025-11-16 12:20:00	82.987	70.833	0.052	47.124	0.000	0	1	0.000	0.025	0.014			8,56	3	0.395	0.000	0.562	0.000	0.000	0.042	0.000
2025-11-16 12:20:01	83.987	72.417	0.034	45.937	0.000	0	0	0.000	0.020	0.014			8	3	0.392	0.000	0.582	0.000	0.000	0.027	0.000
2025-11-16 12:20:02	84.987	78.300	0.028	42.549	0.000	1	1	0.000	0.015	0.013	45		8	3	0.402	0.000	0.585	0.000	0.000	0.013	0.000
2025-11-16 12:20:03	85.987	82.517	0.071	37.658	0.000	3	3	0.000	0.012	0.037	27,36,37		8	3,21,22,30	0.385	0.000	0.603	0.000	0.000	0.012	0.000
2025-11-16 12:20:04	86.987	79.083	0.116	32.753	0.000	2	3	0.000	0.021	0.066	32,52		8,51	3,20,27,36	0.323	0.000	0.664	0.000	0.000	0.013	0.000
2025-11-16 12:20:05	87.988	73.300	0.109	27.904	0.000	1	3	0.000	0.026	0.065	66		8,55	3,20,27,33,39	0.240	0.000	0.746	0.000	0.000	0.014	0.000
2025-11-16 12:20:06	88.988	71.133	0.119	26.578	0.000	2	3	0.000	0.018	0.070	46,63		8	3,20,27,33,38	0.201	0.000	0.773	0.000	0.000	0.026	0.000
2025-11-16 12:20:07	89.988	71.067	0.130	22.006	0.000	2	3	0.000	0.013	0.084	44,62			3,19,26,32,37,63	0.192	0.000	0.792	0.000	0.000	0.016	0.000
2025-11-16 12:20:08	90.988	69.717	0.110	16.318	0.000	0	2	0.000	0.000	0.105				3,19,26,32,37,61,62,68	0.164	0.000	0.830	0.000	0.000	0.006	0.000
2025-11-16 12:20:09	91.989	79.050	0.096	23.449	0.000	0	1	0.000	0.005	0.090				3,19,26,32,37,61,62	0.207	0.000	0.781	0.000	0.000	0.013	0.000
2025-11-16 12:20:10	92.989	85.283	0.099	24.379	0.000	0	0	0.000	0.010	0.089			68	3,19,26,32,37,61,62,67	0.205	0.000	0.786	0.000	0.000	0.009	0.000
2025-11-16 12:20:11	93.989	85.200	0.118	21.056	0.000	0	2	0.000	0.002	0.104				3,19,26,32,37,61,62,67,75	0.198	0.000	0.802	0.000	0.000	0.000	0.000
2025-11-16 12:20:12	94.989	88.800	0.119	15.683	0.000	0	0	0.006	0.001	0.109				3,19,26,32,37,61,62,67,75,79	0.193	0.000	0.807	0.000	0.000	0.000	0.000
2025-11-16 12:20:13	95.989	92.534	0.119	12.805	0.000	0	0	0.000	0.000	0.108				3,19,26,32,37,61,62,67,75,79	0.195	0.000	0.805	0.000	0.000	0.000	0.000
2025-11-16 12:20:14	96.990	93.667	0.120	8.529	0.000	0	0	0.000	0.003	0.107				3,19,26,32,37,61,62,67,75,79	0.199	0.000	0.801	0.000	0.000	0.000	0.000
2025-11-16 12:20:15	97.990	96.250	0.117	7.053	0.000	0	1	0.000	0.001	0.104				3,19,26,32,37,61,62,67,75,79	0.221	0.000	0.779	0.000	0.000	0.000	0.000
2025-11-16 12:20:16	98.990	100.734	0.109	10.731	0.000	0	0	0.000	0.000	0.099				3,19,26,32,37,61,62,67,75,79	0.230	0.000	0.760	0.000	0.000	0.010	0.000
wall_time	sim_time	unit_seconds	panic_ratio	avg_radius	exceed_ratio	tokkou_active	tokkou_peak	cling_ratio	kaiten_ratio	run_ratio	tokkou_units	cling_units	kaiten_units	run_units	assault_enemy	assault_base	flee	follow_commander	follow_ally	defend_base	wander
2025-11-16 13:32:03	0.983	1.067	0.000	0.860	0.000	0	0	0.000	0.000	0.000					0.000	0.000	0.078	0.906	0.016	0.000	0.000
2025-11-16 13:32:04	1.983	2.167	0.000	8.809	0.000	0	0	0.000	0.000	0.000					0.000	0.000	0.538	0.000	0.462	0.000	0.000
2025-11-16 13:32:05	2.983	3.267	0.000	15.641	0.000	0	0	0.000	0.000	0.000					0.000	0.000	0.612	0.082	0.306	0.000	0.000
2025-11-16 13:32:06	3.983	4.350	0.000	20.737	0.000	0	0	0.000	0.000	0.000					0.080	0.000	0.460	0.230	0.230	0.000	0.000
2025-11-16 13:32:07	4.983	5.450	0.000	23.429	0.000	0	0	0.000	0.000	0.000					0.183	0.000	0.367	0.183	0.266	0.000	0.000
2025-11-16 13:32:08	5.983	6.533	0.000	22.995	0.000	0	0	0.000	0.000	0.000					0.235	0.000	0.306	0.153	0.306	0.000	0.000
2025-11-16 13:32:09	6.983	7.633	0.000	27.750	0.000	0	0	0.000	0.000	0.000					0.262	0.000	0.262	0.131	0.345	0.000	0.000
2025-11-16 13:32:10	7.983	8.717	0.000	35.712	0.000	0	0	0.000	0.000	0.000					0.312	0.000	0.229	0.115	0.344	0.000	0.000
2025-11-16 13:32:11	8.983	9.817	0.000	40.537	0.000	0	0	0.000	0.000	0.000					0.306	0.000	0.204	0.102	0.389	0.000	0.000
2025-11-16 13:32:12	9.983	10.900	0.000	45.369	0.000	0	0	0.000	0.000	0.000					0.358	0.000	0.183	0.092	0.367	0.000	0.000
2025-11-16 13:32:13	10.983	12.083	0.000	49.203	0.000	0	0	0.000	0.000	0.000					0.331	0.000	0.166	0.090	0.414	0.000	0.000
2025-11-16 13:32:14	11.983	13.167	0.000	57.333	0.000	0	0	0.000	0.000	0.000					0.304	0.000	0.152	0.165	0.380	0.000	0.000
2025-11-16 13:32:15	12.983	14.267	0.000	62.028	0.000	0	0	0.000	0.000	0.000					0.299	0.000	0.140	0.210	0.350	0.000	0.000
2025-11-16 13:32:16	13.983	15.350	0.000	65.577	0.000	0	0	0.000	0.000	0.000					0.326	0.000	0.130	0.218	0.326	0.000	0.000
2025-11-16 13:32:17	14.983	16.450	0.000	68.366	0.000	0	0	0.000	0.000	0.000					0.304	0.000	0.122	0.212	0.335	0.000	0.027
2025-11-16 13:32:18	15.983	17.533	0.000	74.484	0.000	0	0	0.000	0.000	0.000					0.285	0.000	0.144	0.141	0.372	0.001	0.057
2025-11-16 13:32:19	16.983	18.633	0.000	81.872	0.000	0	0	0.000	0.000	0.000					0.302	0.000	0.161	0.053	0.377	0.054	0.054
2025-11-16 13:32:20	17.983	19.717	0.000	89.910	0.000	0	0	0.000	0.000	0.000					0.304	0.000	0.152	0.000	0.406	0.087	0.051
2025-11-16 13:32:21	18.983	20.817	0.000	91.290	0.000	0	0	0.000	0.000	0.000					0.327	0.000	0.144	0.000	0.384	0.096	0.048
2025-11-16 13:32:22	19.983	21.900	0.000	91.727	0.100	0	0	0.000	0.000	0.000					0.320	0.000	0.137	0.000	0.365	0.132	0.046
2025-11-16 13:32:23	20.983	23.083	0.000	85.438	0.000	0	0	0.000	0.000	0.000					0.303	0.000	0.130	0.000	0.350	0.173	0.043
2025-11-16 13:32:24	21.983	24.167	0.000	82.961	0.000	0	0	0.000	0.000	0.000					0.290	0.000	0.124	0.000	0.372	0.172	0.041
2025-11-16 13:32:25	22.983	25.267	0.000	79.892	0.000	0	0	0.000	0.000	0.000					0.277	0.000	0.119	0.000	0.367	0.198	0.040
2025-11-16 13:32:26	23.983	26.350	0.000	73.783	0.000	0	0	0.000	0.000	0.000					0.266	0.000	0.114	0.000	0.380	0.203	0.038
2025-11-16 13:32:27	24.983	27.450	0.000	68.743	0.000	0	0	0.000	0.000	0.000					0.255	0.000	0.126	0.000	0.364	0.219	0.036
2025-11-16 13:32:28	25.983	28.533	0.000	75.085	0.000	0	0	0.000	0.000	0.000					0.245	0.000	0.159	0.000	0.350	0.210	0.035
2025-11-16 13:32:29	26.983	29.633	0.000	74.030	0.000	0	0	0.000	0.000	0.000					0.258	0.000	0.169	0.000	0.337	0.202	0.034
2025-11-16 13:32:30	27.983	30.717	0.000	76.630	0.000	0	0	0.000	0.000	0.000					0.261	0.000	0.186	0.000	0.326	0.195	0.033
2025-11-16 13:32:31	28.983	31.817	0.000	74.755	0.000	0	0	0.000	0.000	0.000					0.283	0.000	0.189	0.000	0.340	0.157	0.031
2025-11-16 13:32:32	29.983	32.900	0.000	87.811	0.000	0	0	0.000	0.000	0.000					0.274	0.000	0.210	0.000	0.334	0.151	0.030
2025-11-16 13:32:33	30.983	34.083	0.000	75.220	0.000	0	0	0.000	0.000	0.000					0.340	0.000	0.205	0.000	0.323	0.102	0.029
2025-11-16 13:32:34	31.983	35.167	0.000	77.415	0.000	0	0	0.000	0.000	0.000					0.374	0.000	0.199	0.000	0.313	0.085	0.028
2025-11-16 13:32:35	32.983	36.267	0.000	78.084	0.000	0	0	0.000	0.000	0.000					0.386	0.000	0.200	0.000	0.303	0.083	0.028
2025-11-16 13:32:36	33.983	37.350	0.000	77.131	0.000	0	0	0.000	0.000	0.000					0.375	0.000	0.214	0.000	0.304	0.080	0.027
2025-11-16 13:32:37	34.983	38.450	0.000	80.817	0.000	0	0	0.000	0.000	0.000					0.391	0.000	0.208	0.000	0.324	0.052	0.026
2025-11-16 13:32:38	35.983	39.533	0.000	87.226	0.000	0	0	0.000	0.000	0.000					0.405	0.000	0.202	0.000	0.342	0.025	0.025
2025-11-16 13:32:39	36.983	40.633	0.000	91.981	0.000	0	0	0.000	0.000	0.000					0.409	0.000	0.197	0.000	0.345	0.025	0.025
2025-11-16 13:32:40	37.983	41.717	0.000	94.328	0.000	0	0	0.000	0.000	0.000					0.408	0.000	0.192	0.000	0.353	0.024	0.024
2025-11-16 13:32:41	38.983	42.817	0.000	98.042	0.917	0	0	0.000	0.000	0.000					0.397	0.000	0.206	0.000	0.350	0.023	0.023
2025-11-16 13:32:42	39.983	43.900	0.351	102.258	1.000	0	0	0.000	0.000	0.000					0.252	0.000	0.484	0.000	0.235	0.015	0.015
2025-11-16 13:32:43	40.983	45.000	1.000	89.118	0.150	0	0	0.000	0.000	0.000					0.000	0.000	1.000	0.000	0.000	0.000	0.000
2025-11-16 13:32:44	41.983	45.817	1.000	68.892	0.000	0	0	0.000	0.000	0.000					0.000	0.000	1.000	0.000	0.000	0.000	0.000
2025-11-16 13:32:45	42.983	46.633	1.000	53.177	0.000	0	0	0.000	0.000	0.000					0.000	0.000	1.000	0.000	0.000	0.000	0.000
2025-11-16 13:32:46	43.983	47.450	1.000	45.328	0.000	0	0	0.000	0.000	0.000					0.000	0.000	1.000	0.000	0.000	0.000	0.000
2025-11-16 13:32:47	44.983	48.267	1.000	40.510	0.000	0	0	0.000	0.000	0.000					0.000	0.000	1.000	0.000	0.000	0.000	0.000
2025-11-16 13:32:48	45.983	49.083	1.000	37.611	0.000	0	0	0.000	0.000	0.000					0.000	0.000	1.000	0.000	0.000	0.000	0.000
2025-11-16 13:32:49	46.983	50.000	1.000	34.210	0.000	0	0	0.000	0.000	0.000					0.000	0.000	1.000	0.000	0.000	0.000	0.000
2025-11-16 13:32:50	47.983	50.900	1.000	31.664	0.000	0	0	0.000	0.000	0.000					0.000	0.000	1.000	0.000	0.000	0.000	0.000
2025-11-16 13:32:51	48.983	51.717	1.000	31.829	0.000	0	0	0.000	0.000	0.000					0.000	0.000	1.000	0.000	0.000	0.000	0.000
2025-11-16 13:32:52	49.983	52.533	1.000	31.020	0.000	0	0	0.000	0.000	0.000					0.000	0.000	1.000	0.000	0.000	0.000	0.000
2025-11-16 13:32:53	50.983	53.350	1.000	30.211	0.000	0	0	0.000	0.000	0.000					0.000	0.000	1.000	0.000	0.000	0.000	0.000
2025-11-16 13:32:54	51.983	54.167	0.997	29.448	0.000	3	3	0.090	0.123	0.084	18,20,29	2,3,13,15,17,24,28,30,32,36,38,39,41,42	4,6,8,10,11,12,14,19,21,22,26,31,34,35,45,47,48,50,53	1,7,16,23,27,37,40,43,44,46,49,51,52	0.216	0.000	0.738	0.000	0.039	0.006	0.000
2025-11-16 13:32:55	52.983	55.267	0.759	34.663	0.000	0	3	0.253	0.203	0.200		2,3,13,15,17,24,28,30,32,36,38,39,41,42		1,27,43,44,46,52	0.638	0.000	0.231	0.052	0.071	0.009	0.000
2025-11-16 13:32:56	53.983	56.350	0.044	40.411	0.000	0	0	0.033	0.000	0.011					0.698	0.000	0.160	0.106	0.035	0.000	0.000
2025-11-16 13:32:57	54.983	57.450	0.000	44.598	0.000	0	0	0.000	0.000	0.000					0.704	0.000	0.157	0.104	0.035	0.000	0.000
2025-11-16 13:32:58	55.983	58.533	0.000	48.293	0.000	0	0	0.000	0.000	0.000					0.710	0.000	0.163	0.093	0.034	0.000	0.000
2025-11-16 13:32:59	56.983	59.634	0.000	48.822	0.000	0	0	0.000	0.000	0.000					0.696	0.000	0.219	0.052	0.034	0.000	0.000
2025-11-16 13:33:00	57.983	60.717	0.000	52.581	0.000	0	0	0.000	0.000	0.000					0.687	0.000	0.231	0.049	0.033	0.000	0.000
2025-11-16 13:33:01	58.983	61.817	0.000	53.247	0.000	0	0	0.000	0.000	0.000					0.679	0.000	0.227	0.062	0.032	0.000	0.000
2025-11-16 13:33:02	59.983	62.900	0.010	51.550	0.000	0	0	0.000	0.010	0.000			4		0.635	0.000	0.264	0.078	0.023	0.000	0.000
2025-11-16 13:33:03	60.983	64.083	0.016	57.438	0.000	0	0	0.000	0.016	0.000			4		0.625	0.000	0.304	0.062	0.008	0.000	0.000
2025-11-16 13:33:04	61.983	65.050	0.014	62.841	0.000	0	0	0.000	0.014	0.000			5		0.628	0.000	0.310	0.054	0.008	0.000	0.000
2025-11-16 13:33:05	62.983	63.800	0.025	69.374	0.000	0	0	0.000	0.025	0.000			8,15		0.604	0.000	0.341	0.039	0.016	0.000	0.000
2025-11-16 13:33:06	63.983	61.817	0.035	83.557	0.000	1	1	0.000	0.033	0.000	13		9,15,16,20		0.571	0.000	0.373	0.040	0.016	0.000	0.000
2025-11-16 13:33:07	64.983	60.167	0.061	99.217	0.700	0	1	0.000	0.055	0.000			7,12,16		0.544	0.000	0.406	0.033	0.017	0.000	0.000
2025-11-16 13:33:08	65.983	57.833	0.056	115.506	1.000	0	1	0.000	0.040	0.000			7,15		0.511	0.000	0.455	0.026	0.008	0.000	0.000
2025-11-16 13:33:09	66.983	56.083	0.070	99.015	0.467	0	0	0.000	0.024	0.030			12	4	0.475	0.000	0.463	0.053	0.009	0.000	0.000
2025-11-16 13:33:10	67.983	57.217	0.069	85.223	0.267	0	0	0.000	0.031	0.030					0.486	0.000	0.487	0.027	0.000	0.000	0.000
2025-11-16 13:33:11	68.984	56.467	0.053	69.165	0.000	1	1	0.000	0.030	0.007	24		12,23,28	3	0.417	0.000	0.538	0.036	0.009	0.000	0.000
2025-11-16 13:33:12	69.984	56.433	0.075	53.669	0.000	0	1	0.000	0.025	0.030			24	3	0.421	0.000	0.473	0.071	0.035	0.000	0.000
2025-11-16 13:33:13	70.984	58.233	0.048	46.625	0.000	0	0	0.000	0.013	0.017				3	0.431	0.000	0.467	0.068	0.034	0.000	0.000
2025-11-16 13:33:14	71.984	61.733	0.044	46.253	0.000	0	0	0.000	0.000	0.016				3	0.381	0.000	0.546	0.032	0.041	0.000	0.000
2025-11-16 13:33:15	72.984	65.800	0.033	47.312	0.000	0	0	0.000	0.003	0.015			26	3	0.406	0.000	0.518	0.030	0.046	0.000	0.000
2025-11-16 13:33:16	73.985	70.767	0.035	47.623	0.000	0	0	0.000	0.007	0.014				3	0.409	0.000	0.521	0.028	0.042	0.000	0.000
2025-11-16 13:33:17	74.985	75.084	0.027	50.172	0.000	0	0	0.000	0.000	0.013				3	0.414	0.000	0.533	0.027	0.027	0.000	0.000
2025-11-16 13:33:18	75.985	78.517	0.028	58.971	0.000	0	0	0.000	0.002	0.013			25	3	0.427	0.000	0.534	0.020	0.019	0.000	0.000
2025-11-16 13:33:19	76.985	79.200	0.714	64.415	0.000	0	0	0.000	0.000	0.006					0.137	0.000	0.844	0.011	0.008	0.000	0.000
2025-11-16 13:33:20	77.986	78.284	1.000	59.156	0.000	0	0	0.000	0.000	0.000					0.000	0.000	1.000	0.000	0.000	0.000	0.000
2025-11-16 13:33:21	78.986	78.717	1.000	48.772	0.000	0	0	0.000	0.000	0.000					0.000	0.000	1.000	0.000	0.000	0.000	0.000
2025-11-16 13:33:22	79.986	80.084	1.000	46.400	0.000	0	0	0.000	0.000	0.000					0.000	0.000	1.000	0.000	0.000	0.000	0.000
2025-11-16 13:33:23	80.986	81.000	1.000	42.178	0.000	0	0	0.000	0.000	0.000					0.000	0.000	1.000	0.000	0.000	0.000	0.000
2025-11-16 13:33:24	81.986	82.067	1.000	41.313	0.000	0	0	0.000	0.000	0.000					0.000	0.000	1.000	0.000	0.000	0.000	0.000
2025-11-16 13:33:25	82.987	83.984	1.000	40.140	0.000	0	0	0.000	0.000	0.000					0.000	0.000	1.000	0.000	0.000	0.000	0.000
2025-11-16 13:33:26	83.987	86.817	1.000	40.817	0.000	0	0	0.000	0.000	0.000					0.000	0.000	1.000	0.000	0.000	0.000	0.000
2025-11-16 13:33:27	84.987	88.350	1.000	35.911	0.000	0	0	0.000	0.000	0.000					0.000	0.000	1.000	0.000	0.000	0.000	0.000
2025-11-16 13:33:28	85.987	89.167	1.000	35.311	0.000	0	0	0.000	0.000	0.000					0.000	0.000	1.000	0.000	0.000	0.000	0.000
2025-11-16 13:33:29	86.987	90.000	1.000	32.732	0.000	0	0	0.000	0.000	0.000					0.000	0.000	1.000	0.000	0.000	0.000	0.000
2025-11-16 13:33:30	87.988	91.000	1.000	37.836	0.000	0	0	0.000	0.000	0.000					0.000	0.000	1.000	0.000	0.000	0.000	0.000
2025-11-16 13:33:31	88.988	91.817	1.000	37.494	0.000	3	3	0.267	0.130	0.229	25,32,35	1,2,4,5,6,7,9,10,11,12,13,14,15,16,22,24,26,27,29,30,33,39,40,42,46,47,51,59,60,61,63,72,80,81,83	34,37,38,44,54,56,65,66,68,70,74,76,78,82,84,85,87	0,3,8,17,18,19,20,23,28,31,36,41,43,45,48,50,52,53,58,62,67,69,71,75,77,79,86,88,89,90	0.259	0.000	0.726	0.015	0.000	0.000	0.000
2025-11-16 13:33:32	89.988	92.634	0.571	39.872	0.000	0	3	0.295	0.054	0.192				3	0.422	0.000	0.578	0.000	0.000	0.000	0.000
2025-11-16 13:33:33	90.988	93.717	0.023	40.313	0.000	0	0	0.000	0.000	0.011				3	0.433	0.000	0.567	0.000	0.000	0.000	0.000
2025-11-16 13:33:34	91.989	93.800	0.026	44.965	0.000	1	1	0.000	0.001	0.011	92		85	3	0.434	0.000	0.550	0.005	0.011	0.000	0.000
2025-11-16 13:33:35	92.989	91.967	0.027	46.833	0.000	0	1	0.000	0.003	0.011			82	3	0.419	0.000	0.542	0.000	0.027	0.011	0.000
2025-11-16 13:33:36	93.989	89.600	0.037	50.149	0.000	0	1	0.000	0.013	0.011			81	3	0.403	0.000	0.553	0.000	0.033	0.011	0.000
2025-11-16 13:33:37	94.989	85.883	0.035	53.320	0.000	0	2	0.000	0.005	0.012			35	3	0.369	0.000	0.584	0.000	0.035	0.012	0.000
2025-11-16 13:33:38	95.989	85.584	0.069	58.887	0.000	1	1	0.000	0.027	0.027	46		35,42,51	3,45,78,83	0.371	0.000	0.570	0.000	0.047	0.012	0.000
2025-11-16 13:33:39	96.990	83.567	0.068	67.585	0.000	3	3	0.000	0.008	0.035	31,34,64			3,72	0.344	0.000	0.590	0.000	0.048	0.018	0.000
2025-11-16 13:33:40	97.990	83.233	0.081	72.684	0.000	2	3	0.000	0.016	0.044	47,76		32,54,57	3,52,69,75	0.333	0.000	0.594	0.030	0.030	0.012	0.000
2025-11-16 13:33:41	98.990	82.350	0.091	80.736	0.000	1	2	0.005	0.016	0.041	72	81	51,76	3,49,64,71	0.318	0.000	0.591	0.031	0.054	0.006	0.000
2025-11-16 13:33:42	99.990	82.533	0.077	85.340	0.000	2	2	0.008	0.014	0.036	57,72		51	3,40,64	0.283	0.000	0.620	0.066	0.031	0.000	0.000
2025-11-16 13:33:43	100.990	81.333	0.109	88.896	0.000	0	2	0.006	0.031	0.051			44,50,74,76	3,41,48,54,62	0.271	0.000	0.643	0.012	0.061	0.012	0.000
2025-11-16 13:33:44	101.991	83.483	0.119	70.958	0.000	0	1	0.010	0.048	0.044		78	32,49,71,75	3,47,56,60	0.262	0.000	0.649	0.000	0.072	0.018	0.000
2025-11-16 13:33:45	102.991	83.667	0.126	69.842	0.000	1	1	0.004	0.047	0.061	70	76	32,49,55,71	3,59,72,77	0.247	0.000	0.668	0.007	0.060	0.018	0.000
2025-11-16 13:33:46	103.991	84.667	0.153	66.142	0.000	1	2	0.012	0.045	0.073	42	69	48,78	3,40,55,66,70,71	0.236	0.000	0.641	0.029	0.065	0.030	0.000
2025-11-16 13:33:47	104.991	83.233	0.121	67.884	0.000	2	3	0.007	0.011	0.069	68,70		69,73	3,40,45,53,64,67,78	0.177	0.000	0.715	0.000	0.078	0.030	0.000
2025-11-16 13:33:48	105.992	83.317	0.132	76.680	0.000	1	2	0.009	0.010	0.076	71	73,77		3,40,45,53,64,67,72	0.161	0.000	0.718	0.000	0.091	0.030	0.000
2025-11-16 13:33:49	106.992	87.267	0.144	84.267	0.000	2	2	0.023	0.000	0.092	81,88	72,76		3,40,45,53,64,67,71,74,80,82	0.163	0.000	0.677	0.000	0.126	0.034	0.000
2025-11-16 13:33:50	107.992	90.267	0.157	89.224	0.000	1	3	0.022	0.010	0.098	82	72,75	78	3,40,53,64,67,71,79,80	0.195	0.000	0.656	0.000	0.127	0.022	0.000
2025-11-16 13:33:51	108.992	95.817	0.143	84.581	0.000	0	1	0.021	0.013	0.089		72,75	78,90	3,40,53,64,67,71,79,80	0.179	0.000	0.680	0.016	0.109	0.015	0.000
2025-11-16 13:33:52	109.992	99.234	0.120	84.982	0.000	0	0	0.007	0.013	0.081			76	3,40,53,64,67,71,77,78	0.198	0.000	0.677	0.041	0.085	0.000	0.000
2025-11-16 13:33:53	110.993	104.200	0.115	95.603	0.450	0	0	0.000	0.012	0.077			76	3,40,53,64,67,71,77,78	0.213	0.000	0.677	0.053	0.058	0.000	0.000
2025-11-16 13:33:54	111.993	105.350	0.118	102.713	1.000	1	1	0.000	0.009	0.085	83		76	3,40,53,64,67,71,77,78,92	0.216	0.000	0.656	0.057	0.071	0.000	0.000
2025-11-16 13:34:13	0.633	38.267	0.111	110.115	1.000	0	1	0.000	0.009	0.082					0.227	0.000	0.647	0.071	0.055	0.000	0.000
wall_time	sim_time	unit_seconds	panic_ratio	avg_radius	exceed_ratio	tokkou_active	tokkou_peak	cling_ratio	kaiten_ratio	run_ratio	tokkou_units	cling_units	kaiten_units	run_units	assault_enemy	assault_base	flee	follow_commander	follow_ally	defend_base	wander
2025-11-16 16:30:02	0.983	1.067	0.000	0.860	0.000	0	0	0.000	0.000	0.000					0.000	0.000	0.078	0.906	0.016	0.000	0.000
2025-11-16 16:30:03	1.983	2.167	0.000	8.809	0.000	0	0	0.000	0.000	0.000					0.000	0.000	0.538	0.000	0.462	0.000	0.000
2025-11-16 16:30:04	2.983	3.267	0.000	15.641	0.000	0	0	0.000	0.000	0.000					0.000	0.000	0.612	0.082	0.306	0.000	0.000
2025-11-16 16:30:05	3.983	4.350	0.000	23.220	0.000	0	0	0.000	0.000	0.000					0.080	0.000	0.460	0.230	0.230	0.000	0.000
2025-11-16 16:30:06	4.983	5.450	0.000	25.423	0.000	0	0	0.000	0.000	0.000					0.183	0.000	0.367	0.183	0.266	0.000	0.000
2025-11-16 16:30:07	5.983	6.533	0.000	27.449	0.000	0	0	0.000	0.000	0.000					0.235	0.000	0.306	0.153	0.306	0.000	0.000
2025-11-16 16:30:08	6.983	7.633	0.000	31.402	0.000	0	0	0.000	0.000	0.000					0.262	0.000	0.262	0.131	0.345	0.000	0.000
2025-11-16 16:30:09	7.983	8.717	0.000	34.236	0.000	0	0	0.000	0.000	0.000					0.312	0.000	0.229	0.115	0.344	0.000	0.000
2025-11-16 16:30:10	8.983	9.817	0.000	41.302	0.000	0	0	0.000	0.000	0.000					0.306	0.000	0.204	0.102	0.389	0.000	0.000
2025-11-16 16:30:11	9.983	10.900	0.000	48.405	0.000	0	0	0.000	0.000	0.000					0.358	0.000	0.183	0.092	0.367	0.000	0.000
2025-11-16 16:30:12	10.983	12.083	0.000	52.088	0.000	0	0	0.000	0.000	0.000					0.331	0.000	0.166	0.083	0.414	0.007	0.000
2025-11-16 16:30:13	11.983	13.167	0.000	55.335	0.000	0	0	0.000	0.000	0.000					0.304	0.000	0.152	0.076	0.392	0.076	0.000
2025-11-16 16:30:14	12.983	14.267	0.000	60.706	0.000	0	0	0.000	0.000	0.000					0.299	0.000	0.140	0.070	0.421	0.070	0.000
2025-11-16 16:30:15	13.983	15.350	0.000	64.552	0.000	0	0	0.000	0.000	0.000					0.326	0.000	0.130	0.065	0.414	0.065	0.000
2025-11-16 16:30:16	14.983	16.450	0.000	69.604	0.000	0	0	0.000	0.000	0.000					0.304	0.000	0.122	0.061	0.426	0.061	0.027
2025-11-16 16:30:17	15.983	17.533	0.000	78.316	0.000	0	0	0.000	0.000	0.000					0.285	0.000	0.144	0.057	0.399	0.057	0.057
2025-11-16 16:30:18	16.983	18.633	0.000	89.119	0.000	0	0	0.000	0.000	0.000					0.302	0.000	0.161	0.054	0.376	0.054	0.054
2025-11-16 16:30:19	17.983	19.717	0.000	97.131	0.717	0	0	0.000	0.000	0.000					0.304	0.000	0.152	0.051	0.355	0.087	0.051
2025-11-16 16:30:20	18.983	20.817	0.000	104.236	1.000	0	0	0.000	0.000	0.000					0.327	0.000	0.144	0.047	0.337	0.096	0.048
2025-11-16 16:30:21	19.983	21.900	0.000	90.295	0.100	0	0	0.000	0.000	0.000					0.320	0.000	0.137	0.000	0.365	0.132	0.046
2025-11-16 16:30:22	20.983	23.083	0.000	80.899	0.000	0	0	0.000	0.000	0.000					0.303	0.000	0.130	0.000	0.350	0.173	0.043
2025-11-16 16:30:23	21.983	24.167	0.000	75.242	0.000	0	0	0.000	0.000	0.000					0.290	0.000	0.124	0.000	0.372	0.172	0.041
2025-11-16 16:30:24	22.983	25.267	0.000	77.789	0.000	0	0	0.000	0.000	0.000					0.277	0.000	0.119	0.000	0.367	0.198	0.040
2025-11-16 16:30:25	23.983	26.350	0.000	79.374	0.000	0	0	0.000	0.000	0.000					0.266	0.000	0.114	0.000	0.380	0.203	0.038
2025-11-16 16:30:26	24.983	27.450	0.000	75.122	0.000	0	0	0.000	0.000	0.000					0.255	0.000	0.126	0.000	0.364	0.219	0.036
2025-11-16 16:30:27	25.983	28.533	0.000	72.204	0.000	0	0	0.000	0.000	0.000					0.245	0.000	0.159	0.000	0.350	0.210	0.035
2025-11-16 16:30:28	26.983	29.633	0.000	74.805	0.000	0	0	0.000	0.000	0.000					0.258	0.000	0.169	0.000	0.337	0.202	0.034
2025-11-16 16:30:29	27.983	30.717	0.000	69.056	0.000	0	0	0.000	0.000	0.000					0.260	0.000	0.186	0.000	0.326	0.195	0.033
2025-11-16 16:30:30	28.983	31.817	0.000	69.682	0.000	0	0	0.000	0.000	0.000					0.251	0.000	0.189	0.000	0.340	0.189	0.031
2025-11-16 16:30:31	29.983	32.900	0.000	76.538	0.000	0	0	0.000	0.000	0.000					0.259	0.000	0.210	0.000	0.334	0.167	0.030
2025-11-16 16:30:32	30.983	34.083	0.000	71.239	0.000	0	0	0.000	0.000	0.000					0.311	0.000	0.205	0.000	0.323	0.132	0.029
2025-11-16 16:30:33	31.983	35.167	0.000	75.166	0.000	0	0	0.000	0.000	0.000					0.346	0.000	0.199	0.000	0.313	0.113	0.028
2025-11-16 16:30:34	32.983	36.267	0.000	81.957	0.000	0	0	0.000	0.000	0.000					0.400	0.000	0.200	0.000	0.303	0.068	0.028
2025-11-16 16:30:35	33.983	37.350	0.000	81.364	0.000	0	0	0.000	0.000	0.000					0.415	0.000	0.214	0.000	0.304	0.040	0.027
2025-11-16 16:30:36	34.983	38.450	0.000	81.634	0.000	0	0	0.000	0.000	0.000					0.416	0.000	0.208	0.000	0.324	0.026	0.026
2025-11-16 16:30:37	35.983	39.533	0.000	93.767	0.250	0	0	0.000	0.000	0.000					0.405	0.000	0.202	0.000	0.342	0.025	0.025
2025-11-16 16:30:38	36.983	40.633	0.000	94.866	0.650	0	0	0.000	0.000	0.000					0.409	0.000	0.197	0.000	0.345	0.025	0.025
2025-11-16 16:30:39	37.983	41.717	0.604	86.475	0.150	0	0	0.000	0.000	0.000					0.163	0.000	0.681	0.000	0.137	0.010	0.010
2025-11-16 16:30:40	38.983	42.817	1.000	61.951	0.000	0	0	0.000	0.000	0.000					0.000	0.000	1.000	0.000	0.000	0.000	0.000
2025-11-16 16:30:41	39.983	43.633	1.000	45.922	0.000	0	0	0.000	0.000	0.000					0.000	0.000	1.000	0.000	0.000	0.000	0.000
2025-11-16 16:30:42	40.983	44.450	1.000	38.164	0.000	0	0	0.000	0.000	0.000					0.000	0.000	1.000	0.000	0.000	0.000	0.000
2025-11-16 16:30:43	41.983	45.267	1.000	38.657	0.000	0	0	0.000	0.000	0.000					0.000	0.000	1.000	0.000	0.000	0.000	0.000
2025-11-16 16:30:44	42.983	46.083	1.000	37.343	0.000	0	0	0.000	0.000	0.000					0.000	0.000	1.000	0.000	0.000	0.000	0.000
2025-11-16 16:30:45	43.983	47.000	1.000	37.428	0.000	0	0	0.000	0.000	0.000					0.000	0.000	1.000	0.000	0.000	0.000	0.000
2025-11-16 16:30:46	44.983	47.900	1.000	37.736	0.000	0	0	0.000	0.000	0.000					0.000	0.000	1.000	0.000	0.000	0.000	0.000
2025-11-16 16:30:47	45.983	48.717	1.000	29.726	0.000	0	0	0.000	0.000	0.000					0.000	0.000	1.000	0.000	0.000	0.000	0.000
2025-11-16 16:30:48	46.983	49.533	1.000	29.378	0.000	0	0	0.000	0.000	0.000					0.000	0.000	1.000	0.000	0.000	0.000	0.000
2025-11-16 16:30:49	47.983	50.350	1.000	25.855	0.000	0	0	0.000	0.000	0.000					0.000	0.000	1.000	0.000	0.000	0.000	0.000
2025-11-16 16:30:50	48.983	51.450	1.000	23.705	0.000	0	0	0.000	0.000	0.000					0.000	0.000	1.000	0.000	0.000	0.000	0.000
2025-11-16 16:30:51	49.983	52.533	0.990	25.564	0.000	3	3	0.160	0.194	0.137	18,20,29	2,3,13,15,17,24,28,30,32,36,38,39,41,46	4,6,8,10,11,12,14,19,21,22,26,31,34,35,44,45,50	1,7,16,23,27,37,40,42,43,47,48,49	0.341	0.000	0.579	0.057	0.023	0.000	0.000
2025-11-16 16:30:52	50.983	53.633	0.573	31.623	0.000	0	3	0.231	0.118	0.157					0.633	0.000	0.237	0.093	0.037	0.000	0.000
2025-11-16 16:30:53	51.983	54.717	0.000	39.498	0.000	0	0	0.000	0.000	0.000					0.689	0.000	0.183	0.091	0.037	0.000	0.000
2025-11-16 16:30:54	52.983	55.817	0.000	48.415	0.000	0	0	0.000	0.000	0.000					0.681	0.000	0.204	0.079	0.036	0.000	0.000
2025-11-16 16:30:55	53.983	56.900	0.000	51.238	0.000	0	0	0.000	0.000	0.000					0.666	0.000	0.291	0.008	0.035	0.000	0.000
2025-11-16 16:30:56	54.983	58.083	0.000	54.554	0.000	0	0	0.000	0.000	0.000					0.628	0.000	0.355	0.000	0.017	0.000	0.000
2025-11-16 16:30:57	55.983	59.167	0.000	54.560	0.000	0	0	0.000	0.000	0.000					0.577	0.000	0.414	0.000	0.008	0.000	0.000
2025-11-16 16:30:58	56.983	60.267	0.014	64.787	0.000	0	0	0.000	0.014	0.000			4		0.585	0.000	0.415	0.000	0.000	0.000	0.000
2025-11-16 16:30:59	57.983	60.517	0.003	74.274	0.000	0	0	0.000	0.003	0.000					0.603	0.000	0.397	0.000	0.000	0.000	0.000
2025-11-16 16:31:00	58.983	61.450	0.025	84.689	0.000	0	0	0.000	0.025	0.000			5,11,21		0.593	0.000	0.407	0.000	0.000	0.000	0.000
2025-11-16 16:31:01	59.983	62.117	0.050	96.683	0.600	0	0	0.000	0.050	0.000			5,10,19		0.606	0.000	0.386	0.008	0.000	0.000	0.000
2025-11-16 16:31:02	60.983	61.050	0.047	100.941	1.000	1	1	0.000	0.043	0.000	29		5,10,18		0.616	0.000	0.359	0.016	0.009	0.000	0.000
2025-11-16 16:31:03	61.983	58.483	0.050	118.923	1.000	0	1	0.000	0.048	0.000			9		0.620	0.000	0.302	0.000	0.060	0.017	0.000
2025-11-16 16:31:04	62.983	57.217	0.032	111.760	0.983	0	1	0.000	0.029	0.000			7,12		0.634	0.000	0.270	0.000	0.079	0.017	0.000
2025-11-16 16:31:05	63.983	55.567	0.019	110.694	1.000	0	0	0.000	0.019	0.000			14		0.640	0.000	0.252	0.009	0.090	0.009	0.000
2025-11-16 16:31:06	64.983	56.167	0.034	99.364	0.867	0	1	0.000	0.019	0.006					0.616	0.000	0.286	0.019	0.080	0.000	0.000
2025-11-16 16:31:07	65.983	55.900	0.023	72.440	0.000	0	0	0.000	0.000	0.013				22	0.594	0.000	0.300	0.035	0.072	0.000	0.000
2025-11-16 16:31:08	66.983	56.517	0.038	57.594	0.000	0	1	0.000	0.015	0.014			20	3	0.513	0.000	0.417	0.000	0.070	0.000	0.000
2025-11-16 16:31:09	67.983	58.617	0.052	56.730	0.000	0	0	0.000	0.028	0.024			19	14	0.492	0.000	0.473	0.000	0.034	0.000	0.000
2025-11-16 16:31:10	68.984	57.967	0.021	64.264	0.000	1	1	0.000	0.012	0.001	21				0.496	0.000	0.434	0.001	0.060	0.009	0.000
2025-11-16 16:31:11	69.984	59.450	0.015	64.378	0.000	0	1	0.000	0.001	0.012			23		0.504	0.000	0.405	0.042	0.042	0.008	0.000
2025-11-16 16:31:12	70.984	62.750	0.003	57.990	0.000	0	0	0.000	0.003	0.000					0.449	0.000	0.495	0.024	0.032	0.000	0.000
2025-11-16 16:31:13	71.984	66.883	0.006	62.800	0.000	0	1	0.000	0.000	0.004					0.404	0.000	0.544	0.022	0.029	0.000	0.000
2025-11-16 16:31:14	72.984	67.983	0.653	66.021	0.000	0	0	0.000	0.000	0.000					0.141	0.000	0.848	0.010	0.000	0.000	0.000
2025-11-16 16:31:15	73.985	69.600	1.000	55.341	0.000	0	0	0.000	0.000	0.000					0.000	0.000	1.000	0.000	0.000	0.000	0.000
2025-11-16 16:31:16	74.985	72.683	1.000	50.139	0.000	0	0	0.000	0.000	0.000					0.000	0.000	1.000	0.000	0.000	0.000	0.000
2025-11-16 16:31:17	75.985	75.034	1.000	50.883	0.000	0	0	0.000	0.000	0.000					0.000	0.000	1.000	0.000	0.000	0.000	0.000
2025-11-16 16:31:18	76.985	76.350	1.000	49.179	0.000	0	0	0.000	0.000	0.000					0.000	0.000	1.000	0.000	0.000	0.000	0.000
2025-11-16 16:31:19	77.986	78.567	1.000	47.095	0.000	0	0	0.000	0.000	0.000					0.000	0.000	1.000	0.000	0.000	0.000	0.000
2025-11-16 16:31:20	78.986	81.167	1.000	45.954	0.000	0	0	0.000	0.000	0.000					0.000	0.000	1.000	0.000	0.000	0.000	0.000
2025-11-16 16:31:21	79.986	84.000	1.000	40.699	0.000	0	0	0.000	0.000	0.000					0.000	0.000	1.000	0.000	0.000	0.000	0.000
2025-11-16 16:31:22	80.986	84.733	1.000	40.311	0.000	0	0	0.000	0.000	0.000					0.000	0.000	1.000	0.000	0.000	0.000	0.000
2025-11-16 16:31:23	81.986	84.634	1.000	44.781	0.000	0	0	0.000	0.000	0.000					0.000	0.000	1.000	0.000	0.000	0.000	0.000
2025-11-16 16:31:24	82.987	85.450	1.000	45.532	0.000	0	0	0.000	0.000	0.000					0.000	0.000	1.000	0.000	0.000	0.000	0.000
2025-11-16 16:31:25	83.987	86.267	1.000	52.585	0.000	0	0	0.000	0.000	0.000					0.000	0.000	1.000	0.000	0.000	0.000	0.000
2025-11-16 16:31:26	84.987	87.084	0.999	60.486	0.000	3	3	0.231	0.119	0.224	25,30,36	1,2,3,4,5,6,8,9,10,11,12,13,14,16,23,39,40,45,48,50,53,55,56,58,60,61,73,80,83,84,85	28,31,32,34,35,37,38,42,43,51,52,59,65,66,72,86	0,7,15,17,18,19,20,21,22,24,26,27,29,33,44,46,49,54,57,62,63,67,68,70,74,75,76,77,78,81	0.195	0.000	0.798	0.007	0.000	0.000	0.000
2025-11-16 16:31:27	85.987	86.900	0.676	62.193	0.000	2	3	0.301	0.064	0.254	25,30	73,82		29	0.360	0.000	0.640	0.000	0.000	0.000	0.000
2025-11-16 16:31:28	86.987	86.217	0.051	67.771	0.000	2	2	0.015	0.004	0.012	25,74	80	50	29	0.399	0.000	0.601	0.000	0.000	0.000	0.000
2025-11-16 16:31:29	87.988	85.383	0.039	69.638	0.000	1	2	0.012	0.004	0.012	25	79		29	0.381	0.000	0.619	0.000	0.000	0.000	0.000
2025-11-16 16:31:30	88.988	85.550	0.052	66.165	0.000	1	2	0.012	0.007	0.021	25	79	50	22,29	0.370	0.000	0.630	0.000	0.000	0.000	0.000
2025-11-16 16:31:31	89.988	85.717	0.055	69.907	0.000	1	2	0.012	0.007	0.023	25	77		22,29	0.371	0.000	0.629	0.000	0.000	0.000	0.000
2025-11-16 16:31:32	90.988	84.534	0.049	72.751	0.000	1	1	0.005	0.008	0.024	25			22,28	0.326	0.000	0.674	0.000	0.000	0.000	0.000
2025-11-16 16:31:33	91.989	82.867	0.052	80.418	0.000	0	1	0.009	0.015	0.024		81	31,62,79	22,27	0.286	0.000	0.714	0.000	0.000	0.000	0.000
2025-11-16 16:31:34	92.989	80.567	0.068	83.691	0.000	0	0	0.008	0.014	0.025				22,27	0.257	0.000	0.743	0.000	0.000	0.000	0.000
2025-11-16 16:31:35	93.989	78.467	0.071	89.356	0.000	0	1	0.000	0.015	0.027			28,29,33	22,27,74	0.240	0.000	0.753	0.000	0.000	0.006	0.000
2025-11-16 16:31:36	94.989	76.733	0.072	85.168	0.000	0	0	0.000	0.015	0.043				22,26,70	0.257	0.000	0.730	0.000	0.007	0.007	0.000
2025-11-16 16:31:37	95.989	79.000	0.071	72.777	0.000	0	2	0.000	0.009	0.046				22,26,69	0.260	0.000	0.689	0.013	0.026	0.013	0.000
2025-11-16 16:31:38	96.990	77.750	0.063	69.290	0.000	0	1	0.000	0.008	0.039			46	22,26,69	0.216	0.000	0.720	0.013	0.039	0.013	0.000
2025-11-16 16:31:39	97.990	78.483	0.078	69.172	0.000	0	1	0.017	0.006	0.038		72,73,75		22,26,66	0.212	0.000	0.718	0.020	0.038	0.013	0.000
2025-11-16 16:31:40	98.990	80.867	0.096	70.384	0.000	1	1	0.034	0.002	0.042	32	72,73,76		22,26,66,75	0.258	0.000	0.674	0.062	0.006	0.000	0.000
2025-11-16 16:31:41	99.990	83.484	0.250	78.572	0.000	0	3	0.022	0.000	0.037					0.215	0.000	0.725	0.060	0.000	0.000	0.000
2025-11-16 16:31:42	100.990	85.700	1.000	81.433	0.000	0	0	0.000	0.000	0.000					0.000	0.000	1.000	0.000	0.000	0.000	0.000
2025-11-16 16:31:43	101.991	90.084	1.000	80.836	0.000	0	0	0.000	0.000	0.000					0.000	0.000	1.000	0.000	0.000	0.000	0.000
2025-11-16 16:31:44	102.991	92.384	1.000	78.349	0.000	0	0	0.000	0.000	0.000					0.000	0.000	1.000	0.000	0.000	0.000	0.000
2025-11-16 16:31:45	103.991	94.900	1.000	79.732	0.000	0	0	0.000	0.000	0.000					0.000	0.000	1.000	0.000	0.000	0.000	0.000
2025-11-16 16:31:46	104.991	97.367	1.000	88.338	0.000	0	0	0.000	0.000	0.000					0.000	0.000	1.000	0.000	0.000	0.000	0.000
2025-11-16 16:31:47	105.992	96.650	1.000	94.441	0.283	0	0	0.000	0.000	0.000					0.000	0.000	1.000	0.000	0.000	0.000	0.000
2025-11-16 16:31:48	106.992	96.550	1.000	102.693	0.983	0	0	0.000	0.000	0.000					0.000	0.000	1.000	0.000	0.000	0.000	0.000
2025-11-16 16:31:49	107.992	95.134	1.000	121.776	1.000	0	0	0.000	0.000	0.000					0.000	0.000	1.000	0.000	0.000	0.000	0.000
2025-11-16 16:31:50	108.992	97.034	1.000	137.660	1.000	0	0	0.000	0.000	0.000					0.000	0.000	1.000	0.000	0.000	0.000	0.000
2025-11-16 16:31:51	109.992	94.717	1.000	170.257	1.000	0	0	0.000	0.000	0.000					0.000	0.000	1.000	0.000	0.000	0.000	0.000
2025-11-16 16:31:52	110.993	95.500	1.000	196.216	1.000	0	0	0.000	0.000	0.000					0.000	0.000	1.000	0.000	0.000	0.000	0.000
2025-11-16 16:31:53	111.993	99.350	0.999	205.963	1.000	3	3	0.077	0.002	0.077	32,46,76	1,2,3,4,5,6,8,9,10,11,12,13,14,16,23,28,29,31,33,34,35,37,38,40,41,42,54,55,59,61,62,64,65,67,69,70,72,74,78,83,88,90,92,93,94,96	80	0,7,15,17,18,19,20,21,22,24,25,26,27,30,36,39,43,44,45,47,48,49,50,51,52,56,57,58,60,66,68,71,73,75,77,79,81,82,84,85,86,87,89,91,95,98	0.038	0.000	0.950	0.010	0.002	0.000	0.000
2025-11-16 16:31:54	112.993	100.050	0.954	209.766	1.000	1	3	0.443	0.008	0.453	32	1,2,3,4,5,6,8,9,10,11,12,13,14,16,23,28,29,31,33,34,35,37,38,40,41,42,54,55,59,61,62,64,65,67,69,70,72,74,78,83,88,90,92,93		0,7,15,17,18,19,20,21,22,24,25,26,27,30,36,39,43,44,45,47,48,49,50,51,52,56,57,58,60,66,68,71,73,75,81,82,84,85,86,87,89,91,94	0.259	0.000	0.681	0.049	0.010	0.000	0.000
2025-11-16 16:31:55	113.993	98.717	0.387	227.026	1.000	1	1	0.194	0.000	0.172	32	62,69,72,83,90,94		22,26,71,81,84,86,89	0.254	0.000	0.705	0.031	0.010	0.000	0.000
wall_time	sim_time	unit_seconds	panic_ratio	avg_radius	exceed_ratio	tokkou_active	tokkou_peak	cling_ratio	kaiten_ratio	run_ratio	tokkou_units	cling_units	kaiten_units	run_units	assault_enemy	assault_base	flee	follow_commander	follow_ally	defend_base	wander
2025-11-16 17:27:48	0.983	1.067	0.000	13.741	0.000	0	0	0.000	0.000	0.000					0.922	0.000	0.078	0.000	0.000	0.000	0.000
2025-11-16 17:27:49	1.983	2.167	0.000	12.836	0.000	0	0	0.000	0.000	0.000					0.462	0.000	0.538	0.000	0.000	0.000	0.000
2025-11-16 17:27:50	2.983	3.267	0.000	24.080	0.000	0	0	0.000	0.000	0.000					0.306	0.000	0.612	0.082	0.000	0.000	0.000
2025-11-16 17:27:51	3.983	4.350	0.000	28.086	0.000	0	0	0.000	0.000	0.000					0.310	0.000	0.460	0.230	0.000	0.000	0.000
2025-11-16 17:27:52	4.983	5.450	0.000	28.478	0.000	0	0	0.000	0.000	0.000					0.450	0.000	0.367	0.183	0.000	0.000	0.000
2025-11-16 17:27:53	5.983	6.533	0.000	31.252	0.000	0	0	0.000	0.000	0.000					0.541	0.000	0.306	0.153	0.000	0.000	0.000
2025-11-16 17:27:54	6.983	7.633	0.000	30.587	0.000	0	0	0.000	0.000	0.000					0.607	0.000	0.262	0.131	0.000	0.000	0.000
2025-11-16 17:27:55	7.983	8.717	0.000	33.240	0.000	0	0	0.000	0.000	0.000					0.656	0.000	0.229	0.115	0.000	0.000	0.000
2025-11-16 17:27:56	8.983	9.817	0.000	39.925	0.000	0	0	0.000	0.000	0.000					0.694	0.000	0.204	0.102	0.000	0.000	0.000
2025-11-16 17:27:57	9.983	10.900	0.000	44.841	0.000	0	0	0.000	0.000	0.000					0.725	0.000	0.183	0.092	0.000	0.000	0.000
2025-11-16 17:27:58	10.983	12.083	0.000	55.886	0.000	0	0	0.000	0.000	0.000					0.745	0.007	0.166	0.083	0.000	0.000	0.000
2025-11-16 17:27:59	11.983	13.167	0.000	65.894	0.000	0	0	0.000	0.000	0.000					0.684	0.076	0.152	0.089	0.000	0.000	0.000
2025-11-16 17:28:00	12.983	14.267	0.000	73.026	0.000	0	0	0.000	0.000	0.000					0.650	0.070	0.140	0.140	0.000	0.000	0.000
2025-11-16 17:28:01	13.983	15.350	0.000	78.183	0.000	0	0	0.000	0.000	0.000					0.651	0.065	0.130	0.153	0.000	0.000	0.000
2025-11-16 17:28:02	14.983	16.450	0.000	85.967	0.000	0	0	0.000	0.000	0.000					0.635	0.062	0.122	0.181	0.000	0.000	0.000
2025-11-16 17:28:03	15.983	17.533	0.000	94.821	0.533	0	0	0.000	0.000	0.000					0.627	0.114	0.144	0.114	0.000	0.000	0.000
2025-11-16 17:28:04	16.983	18.633	0.000	107.761	1.000	0	0	0.000	0.000	0.000					0.624	0.080	0.161	0.135	0.000	0.000	0.000
2025-11-16 17:28:05	17.983	19.717	0.000	116.589	1.000	0	0	0.000	0.000	0.000					0.609	0.087	0.152	0.152	0.000	0.000	0.000
2025-11-16 17:28:06	18.983	20.817	0.000	120.479	1.000	0	0	0.000	0.000	0.000					0.616	0.096	0.144	0.144	0.000	0.000	0.000
2025-11-16 17:28:07	19.983	21.900	0.000	128.112	1.000	0	0	0.000	0.000	0.000					0.594	0.132	0.137	0.137	0.000	0.000	0.000
2025-11-16 17:28:08	20.983	23.083	0.000	132.495	1.000	0	0	0.000	0.000	0.000					0.567	0.173	0.130	0.130	0.000	0.000	0.000
2025-11-16 17:28:09	21.983	24.167	0.000	136.904	1.000	0	0	0.000	0.000	0.000					0.579	0.166	0.124	0.131	0.000	0.000	0.000
2025-11-16 17:28:10	22.983	25.267	0.000	141.998	1.000	0	0	0.000	0.000	0.000					0.565	0.158	0.119	0.158	0.000	0.000	0.000
2025-11-16 17:28:11	23.983	26.350	0.000	144.108	1.000	0	0	0.000	0.000	0.000					0.569	0.165	0.114	0.152	0.000	0.000	0.000
2025-11-16 17:28:12	24.983	27.450	0.000	143.670	1.000	0	0	0.000	0.000	0.000					0.546	0.182	0.126	0.146	0.000	0.000	0.000
2025-11-16 17:28:13	25.983	28.533	0.000	139.264	1.000	0	0	0.000	0.000	0.000					0.526	0.175	0.159	0.140	0.000	0.000	0.000
2025-11-16 17:28:14	26.983	29.633	0.000	138.542	1.000	0	0	0.000	0.000	0.000					0.528	0.169	0.169	0.135	0.000	0.000	0.000
2025-11-16 17:28:15	27.983	30.717	0.000	147.608	1.000	0	0	0.000	0.000	0.000					0.521	0.163	0.186	0.130	0.000	0.000	0.000
2025-11-16 17:28:16	28.983	31.817	0.000	150.868	1.000	0	0	0.000	0.000	0.000					0.503	0.183	0.189	0.109	0.000	0.016	0.000
2025-11-16 17:28:17	29.983	32.900	0.000	166.418	1.000	0	0	0.000	0.000	0.000					0.486	0.182	0.210	0.091	0.000	0.030	0.000
2025-11-16 17:28:18	30.983	34.083	0.000	179.911	1.000	0	0	0.000	0.000	0.000					0.501	0.176	0.205	0.088	0.000	0.029	0.000
2025-11-16 17:28:19	31.983	35.167	0.000	184.586	1.000	0	0	0.000	0.000	0.000					0.516	0.171	0.200	0.085	0.000	0.029	0.000
2025-11-16 17:28:20	32.983	36.267	0.000	189.181	1.000	0	0	0.000	0.000	0.000					0.482	0.165	0.228	0.055	0.000	0.070	0.000
2025-11-16 17:28:21	33.983	37.350	0.000	193.275	1.000	0	0	0.000	0.000	0.000					0.437	0.161	0.268	0.027	0.000	0.108	0.000
2025-11-16 17:28:22	34.983	38.450	0.000	209.217	1.000	0	0	0.000	0.000	0.000					0.416	0.154	0.274	0.013	0.000	0.144	0.000
2025-11-16 17:28:23	35.983	39.533	0.000	223.802	1.000	0	0	0.000	0.000	0.000					0.379	0.165	0.278	0.000	0.000	0.177	0.000
2025-11-16 17:28:24	36.983	40.633	0.000	202.687	1.000	0	0	0.000	0.000	0.000					0.360	0.172	0.271	0.000	0.000	0.197	0.000
2025-11-16 17:28:25	37.983	41.717	0.007	180.632	1.000	0	0	0.000	0.007	0.000			4		0.360	0.185	0.263	0.000	0.000	0.192	0.000
2025-11-16 17:28:26	38.983	42.817	0.023	164.305	1.000	0	0	0.000	0.023	0.000			4		0.369	0.187	0.234	0.023	0.000	0.187	0.000
2025-11-16 17:28:27	39.983	43.600	0.046	159.947	1.000	0	0	0.000	0.016	0.019				6	0.388	0.183	0.240	0.023	0.000	0.166	0.000
2025-11-16 17:28:28	40.983	42.867	0.068	149.176	1.000	0	0	0.000	0.028	0.022			8,9	5	0.411	0.187	0.275	0.023	0.000	0.104	0.000
2025-11-16 17:28:29	41.983	41.533	0.077	141.457	1.000	0	0	0.000	0.033	0.041			6		0.430	0.193	0.273	0.024	0.000	0.081	0.000
2025-11-16 17:28:30	42.983	39.683	0.024	146.017	1.000	0	0	0.000	0.024	0.000			5		0.403	0.208	0.328	0.000	0.000	0.061	0.000
2025-11-16 17:28:31	43.983	39.467	0.037	160.207	1.000	0	0	0.000	0.027	0.000					0.408	0.228	0.340	0.000	0.000	0.024	0.000
2025-11-16 17:28:32	44.983	38.817	0.009	150.486	1.000	0	0	0.000	0.006	0.000					0.392	0.249	0.338	0.000	0.000	0.020	0.000
2025-11-16 17:28:33	45.983	41.867	0.000	114.487	0.800	0	0	0.000	0.000	0.000					0.373	0.271	0.332	0.000	0.000	0.024	0.000
2025-11-16 17:28:34	46.983	45.717	0.000	105.428	1.000	0	0	0.000	0.000	0.000					0.396	0.297	0.285	0.000	0.000	0.023	0.000
2025-11-16 17:28:35	47.983	48.833	0.000	100.213	1.000	0	0	0.000	0.000	0.000					0.410	0.262	0.276	0.000	0.000	0.052	0.000
2025-11-16 17:28:36	48.983	51.833	0.009	91.381	0.017	0	0	0.000	0.009	0.000			8		0.420	0.250	0.265	0.000	0.000	0.064	0.000
2025-11-16 17:28:37	49.983	52.883	0.026	87.597	0.000	0	1	0.000	0.014	0.000			7		0.409	0.217	0.339	0.000	0.000	0.035	0.000
2025-11-16 17:28:38	50.983	51.667	0.038	77.775	0.000	0	1	0.000	0.019	0.011			6		0.385	0.215	0.361	0.000	0.000	0.039	0.000
2025-11-16 17:28:39	51.983	50.350	0.004	66.506	0.000	0	0	0.000	0.004	0.000					0.370	0.238	0.368	0.000	0.000	0.024	0.000
2025-11-16 17:28:40	52.983	51.267	0.000	57.700	0.000	0	0	0.000	0.000	0.000					0.375	0.224	0.381	0.000	0.000	0.019	0.000
2025-11-16 17:28:41	53.983	52.983	0.000	53.607	0.000	0	0	0.000	0.000	0.000					0.377	0.207	0.416	0.000	0.000	0.000	0.000
2025-11-16 17:28:42	54.983	56.533	0.000	56.579	0.000	0	0	0.000	0.000	0.000					0.385	0.177	0.438	0.000	0.000	0.000	0.000
2025-11-16 17:28:43	55.983	60.233	0.000	57.520	0.000	0	0	0.000	0.000	0.000					0.390	0.166	0.444	0.000	0.000	0.000	0.000
2025-11-16 17:28:44	56.983	61.867	0.011	58.676	0.000	0	0	0.000	0.011	0.000			7		0.390	0.149	0.461	0.000	0.000	0.000	0.000
2025-11-16 17:28:45	57.983	61.483	0.014	56.106	0.000	0	1	0.000	0.011	0.000					0.378	0.123	0.500	0.000	0.000	0.000	0.000
2025-11-16 17:28:46	58.983	60.633	0.014	56.084	0.000	0	0	0.000	0.002	0.012				13	0.373	0.115	0.511	0.000	0.000	0.000	0.000
2025-11-16 17:28:47	59.983	60.367	0.018	58.132	0.000	0	1	0.000	0.000	0.017				12	0.356	0.116	0.522	0.000	0.000	0.006	0.000
2025-11-16 17:28:48	60.983	60.083	0.016	64.117	0.000	1	1	0.000	0.000	0.012	14				0.333	0.118	0.549	0.000	0.000	0.000	0.000
2025-11-16 17:28:49	61.983	60.500	0.007	62.918	0.000	0	1	0.000	0.004	0.000			22,29		0.317	0.137	0.545	0.000	0.000	0.000	0.000
2025-11-16 17:28:50	62.983	62.267	0.029	62.634	0.000	1	1	0.000	0.010	0.007	20			26	0.309	0.153	0.538	0.000	0.000	0.000	0.000
2025-11-16 17:28:51	63.983	64.000	0.052	70.070	0.000	1	1	0.000	0.021	0.016	20		17,19,30	26	0.318	0.141	0.541	0.000	0.000	0.000	0.000
2025-11-16 17:28:52	64.983	63.917	0.043	64.692	0.000	2	2	0.000	0.011	0.016	18,38			24	0.330	0.111	0.559	0.000	0.000	0.000	0.000
2025-11-16 17:28:53	65.983	63.833	0.041	67.907	0.000	1	2	0.000	0.013	0.016	35			22	0.305	0.100	0.595	0.000	0.000	0.000	0.000
2025-11-16 17:28:54	66.983	63.033	0.016	78.437	0.000	0	1	0.000	0.000	0.016				22	0.310	0.111	0.522	0.040	0.000	0.016	0.000
2025-11-16 17:28:55	67.983	62.933	0.011	77.689	0.000	0	1	0.000	0.003	0.002					0.337	0.108	0.484	0.040	0.000	0.032	0.000
2025-11-16 17:28:56	68.984	63.267	0.003	72.987	0.000	0	0	0.000	0.003	0.000			23		0.344	0.119	0.449	0.056	0.000	0.031	0.000
2025-11-16 17:28:57	69.984	65.050	0.006	67.660	0.000	0	0	0.000	0.003	0.003					0.352	0.137	0.412	0.091	0.000	0.008	0.000
2025-11-16 17:28:58	70.984	67.367	0.007	62.238	0.000	0	1	0.000	0.006	0.000					0.311	0.148	0.467	0.060	0.000	0.015	0.000
2025-11-16 17:28:59	71.984	68.183	0.018	64.269	0.000	1	2	0.000	0.002	0.000	28				0.302	0.131	0.486	0.080	0.000	0.000	0.000
2025-11-16 17:29:00	72.984	69.783	0.006	63.099	0.000	0	1	0.000	0.001	0.000			35		0.283	0.107	0.567	0.042	0.000	0.000	0.000
2025-11-16 17:29:01	73.985	69.100	0.018	68.300	0.000	1	1	0.000	0.016	0.000	37		33		0.258	0.103	0.640	0.000	0.000	0.000	0.000
2025-11-16 17:29:02	74.985	68.433	0.009	76.741	0.000	0	1	0.000	0.006	0.000			34,39		0.240	0.081	0.679	0.000	0.000	0.000	0.000
2025-11-16 17:29:03	75.985	68.933	0.853	71.097	0.000	0	1	0.000	0.004	0.000					0.035	0.015	0.951	0.000	0.000	0.000	0.000
2025-11-16 17:29:04	76.985	69.600	1.000	61.637	0.000	0	0	0.000	0.000	0.000					0.000	0.000	1.000	0.000	0.000	0.000	0.000
2025-11-16 17:29:05	77.986	72.233	1.000	51.730	0.000	0	0	0.000	0.000	0.000					0.000	0.000	1.000	0.000	0.000	0.000	0.000
2025-11-16 17:29:06	78.986	75.334	1.000	50.760	0.000	0	0	0.000	0.000	0.000					0.000	0.000	1.000	0.000	0.000	0.000	0.000
2025-11-16 17:29:07	79.986	79.567	1.000	47.290	0.000	0	0	0.000	0.000	0.000					0.000	0.000	1.000	0.000	0.000	0.000	0.000
2025-11-16 17:29:08	80.986	82.783	1.000	46.201	0.000	0	0	0.000	0.000	0.000					0.000	0.000	1.000	0.000	0.000	0.000	0.000
2025-11-16 17:29:09	81.986	85.817	1.000	45.373	0.000	0	0	0.000	0.000	0.000					0.000	0.000	1.000	0.000	0.000	0.000	0.000
2025-11-16 17:29:10	82.987	87.167	1.000	40.746	0.000	0	0	0.000	0.000	0.000					0.000	0.000	1.000	0.000	0.000	0.000	0.000
2025-11-16 17:29:11	83.987	87.867	1.000	39.937	0.000	0	0	0.000	0.000	0.000					0.000	0.000	1.000	0.000	0.000	0.000	0.000
2025-11-16 17:29:12	84.987	87.717	1.000	44.250	0.000	0	0	0.000	0.000	0.000					0.000	0.000	1.000	0.000	0.000	0.000	0.000
2025-11-16 17:29:13	85.987	88.000	1.000	40.978	0.000	0	0	0.000	0.000	0.000					0.000	0.000	1.000	0.000	0.000	0.000	0.000
2025-11-16 17:29:14	86.987	89.017	1.000	44.495	0.000	0	0	0.000	0.000	0.000					0.000	0.000	1.000	0.000	0.000	0.000	0.000
2025-11-16 17:29:15	87.988	90.367	0.986	46.470	0.000	3	3	0.395	0.119	0.243	47,56,81	1,2,3,4,5,6,8,9,10,11,12,13,14,17,18,21,23,24,26,27,28,29,30,31,32,33,34,37,44,45,48,49,54,59,62,65,67,68,69,70,77,80	39,40,42,43,61,64,72,73,76	0,7,15,16,19,20,22,25,35,36,38,51,58,60,71,74,75,78,79,82,83,85,87,88	0.169	0.066	0.762	0.004	0.000	0.000	0.000
2025-11-16 17:29:16	88.988	91.367	0.487	50.883	0.000	0	3	0.291	0.035	0.144			43		0.243	0.076	0.680	0.000	0.000	0.000	0.000
2025-11-16 17:29:17	89.988	93.067	0.011	51.968	0.000	0	0	0.000	0.011	0.000			43		0.260	0.064	0.676	0.000	0.000	0.000	0.000
2025-11-16 17:29:18	90.988	94.650	0.013	51.398	0.000	0	1	0.000	0.011	0.000			43		0.260	0.063	0.671	0.005	0.000	0.000	0.000
2025-11-16 17:29:19	91.989	94.834	0.019	48.140	0.000	0	0	0.000	0.011	0.008			43,86	83	0.260	0.063	0.666	0.011	0.000	0.000	0.000
2025-11-16 17:29:20	92.989	95.467	0.042	51.807	0.000	0	1	0.002	0.023	0.012		93	43,86	60,83	0.247	0.068	0.664	0.016	0.000	0.005	0.000
2025-11-16 17:29:21	93.989	95.234	0.051	52.938	0.000	0	1	0.001	0.021	0.028			43,86	51,60,83	0.250	0.074	0.650	0.016	0.000	0.011	0.000
2025-11-16 17:29:22	94.989	94.367	0.061	53.966	0.000	1	2	0.000	0.026	0.031	80		43,85,91	59,82	0.260	0.085	0.596	0.037	0.000	0.021	0.000
2025-11-16 17:29:23	95.989	92.633	0.049	57.690	0.000	1	1	0.000	0.024	0.022	82		43,84	59,81	0.234	0.092	0.609	0.043	0.000	0.022	0.000
2025-11-16 17:29:24	96.990	92.167	0.045	65.301	0.000	0	1	0.000	0.023	0.022			43,83	59,81	0.239	0.083	0.619	0.032	0.000	0.027	0.000
2025-11-16 17:29:25	97.990	93.033	0.061	74.559	0.000	2	2	0.000	0.030	0.021	86,89		79	57,77	0.241	0.071	0.650	0.016	0.000	0.021	0.000
2025-11-16 17:29:26	98.990	90.383	0.037	89.139	0.033	0	2	0.000	0.009	0.022				57,76	0.251	0.066	0.616	0.034	0.000	0.033	0.000
2025-11-16 17:29:27	99.990	91.117	0.039	93.618	0.283	0	3	0.000	0.003	0.028			89	57,76	0.254	0.072	0.597	0.049	0.000	0.028	0.000
2025-11-16 17:29:28	100.990	92.417	0.047	106.086	1.000	0	0	0.000	0.023	0.024			84,87	56,75	0.267	0.081	0.548	0.049	0.000	0.054	0.000
2025-11-16 17:29:29	101.991	91.467	0.035	112.772	1.000	0	1	0.000	0.001	0.028				56,75,88,89	0.267	0.077	0.541	0.060	0.000	0.055	0.000
2025-11-16 17:29:30	102.991	93.517	0.048	91.812	0.083	0	1	0.000	0.013	0.034			40,60	56,75,87,92	0.271	0.080	0.531	0.053	0.000	0.064	0.000
2025-11-16 17:29:31	103.991	92.017	0.067	109.618	1.000	1	1	0.000	0.016	0.045	90		55	54,72,84,87	0.239	0.075	0.567	0.060	0.000	0.059	0.000
2025-11-16 17:29:32	104.991	92.500	0.070	93.181	0.233	0	2	0.000	0.010	0.050		89		53,67,71,83,86	0.206	0.079	0.628	0.038	0.000	0.049	0.000
2025-11-16 17:29:33	105.992	95.017	0.079	83.578	0.000	1	1	0.014	0.004	0.053	43	90	88	53,67,71,83,86	0.232	0.079	0.610	0.037	0.000	0.042	0.000
2025-11-16 17:29:34	106.992	96.117	0.079	81.310	0.000	1	1	0.009	0.003	0.057	56			51,65,69,81,84	0.237	0.075	0.594	0.042	0.000	0.052	0.000
2025-11-16 17:29:35	107.992	97.600	0.074	79.416	0.000	2	2	0.000	0.001	0.051	54,98			51,64,68,80,83	0.232	0.109	0.561	0.041	0.000	0.056	0.000
2025-11-16 17:29:36	108.992	101.884	0.081	73.056	0.000	2	3	0.000	0.002	0.049	54,96			51,64,68,80,83	0.241	0.123	0.552	0.035	0.000	0.049	0.000
2025-11-16 17:29:37	109.992	103.067	0.089	77.664	0.000	1	2	0.000	0.012	0.056	54		40,94	51,64,68,80,83,93	0.239	0.102	0.572	0.039	0.000	0.049	0.000
2025-11-16 17:29:38	110.993	103.100	0.095	82.147	0.000	2	2	0.000	0.011	0.064	53,86			50,63,67,79,82,92,97	0.220	0.093	0.595	0.039	0.000	0.053	0.000
2025-11-16 17:29:39	111.993	104.734	0.087	78.981	0.000	0	2	0.000	0.009	0.059			51	50,62,66,78,81,90	0.218	0.083	0.622	0.034	0.000	0.043	0.000
2025-11-16 17:29:40	112.993	104.117	0.084	87.369	0.000	1	1	0.000	0.006	0.067	98			50,61,65,77,80,83,89	0.202	0.085	0.627	0.043	0.000	0.043	0.000
2025-11-16 17:29:41	113.993	104.617	0.081	89.894	0.000	0	1	0.000	0.003	0.069				50,61,65,77,80,83,89	0.187	0.079	0.662	0.043	0.000	0.029	0.000
2025-11-16 17:29:42	114.993	107.034	0.088	89.173	0.067	0	1	0.000	0.000	0.076				50,61,65,77,80,83,89,99	0.143	0.070	0.712	0.042	0.000	0.033	0.000
wall_time	sim_time	unit_seconds	panic_ratio	avg_radius	exceed_ratio	tokkou_active	tokkou_peak	cling_ratio	kaiten_ratio	run_ratio	tokkou_units	cling_units	kaiten_units	run_units	assault_enemy	assault_base	flee	follow_commander	follow_ally	defend_base	wander
2025-11-16 17:35:29	0.983	1.067	0.000	13.741	0.000	0	0	0.000	0.000	0.000					0.922	0.000	0.078	0.000	0.000	0.000	0.000
2025-11-16 17:35:30	1.983	2.167	0.000	12.836	0.000	0	0	0.000	0.000	0.000					0.462	0.000	0.538	0.000	0.000	0.000	0.000
2025-11-16 17:35:31	2.983	3.267	0.000	24.080	0.000	0	0	0.000	0.000	0.000					0.306	0.000	0.612	0.082	0.000	0.000	0.000
2025-11-16 17:35:32	3.983	4.350	0.000	29.481	0.000	0	0	0.000	0.000	0.000					0.310	0.000	0.460	0.230	0.000	0.000	0.000
2025-11-16 17:35:33	4.983	5.450	0.000	29.409	0.000	0	0	0.000	0.000	0.000					0.450	0.000	0.367	0.183	0.000	0.000	0.000
2025-11-16 17:35:34	5.983	6.533	0.000	28.636	0.000	0	0	0.000	0.000	0.000					0.541	0.000	0.306	0.153	0.000	0.000	0.000
2025-11-16 17:35:35	6.983	7.633	0.000	32.173	0.000	0	0	0.000	0.000	0.000					0.607	0.000	0.262	0.131	0.000	0.000	0.000
2025-11-16 17:35:36	7.983	8.717	0.000	35.430	0.000	0	0	0.000	0.000	0.000					0.656	0.000	0.229	0.115	0.000	0.000	0.000
2025-11-16 17:35:37	8.983	9.817	0.000	40.050	0.000	0	0	0.000	0.000	0.000					0.694	0.000	0.204	0.102	0.000	0.000	0.000
2025-11-16 17:35:38	9.983	10.900	0.000	47.713	0.000	0	0	0.000	0.000	0.000					0.725	0.000	0.183	0.092	0.000	0.000	0.000
2025-11-16 17:35:39	10.983	12.083	0.000	56.293	0.000	0	0	0.000	0.000	0.000					0.745	0.007	0.166	0.083	0.000	0.000	0.000
2025-11-16 17:35:40	11.983	13.167	0.000	65.427	0.000	0	0	0.000	0.000	0.000					0.684	0.076	0.152	0.089	0.000	0.000	0.000
2025-11-16 17:35:41	12.983	14.267	0.000	73.104	0.000	0	0	0.000	0.000	0.000					0.650	0.070	0.140	0.140	0.000	0.000	0.000
2025-11-16 17:35:42	13.983	15.350	0.000	79.717	0.000	0	0	0.000	0.000	0.000					0.651	0.065	0.130	0.153	0.000	0.000	0.000
2025-11-16 17:35:43	14.983	16.450	0.000	87.165	0.000	0	0	0.000	0.000	0.000					0.635	0.061	0.122	0.182	0.000	0.000	0.000
2025-11-16 17:35:44	15.983	17.533	0.000	98.808	0.533	0	0	0.000	0.000	0.000					0.627	0.057	0.144	0.171	0.000	0.000	0.000
2025-11-16 17:35:45	16.983	18.633	0.000	107.408	1.000	0	0	0.000	0.000	0.000					0.624	0.054	0.161	0.161	0.000	0.000	0.000
2025-11-16 17:35:46	17.983	19.717	0.000	116.252	1.000	0	0	0.000	0.000	0.000					0.609	0.088	0.152	0.151	0.000	0.000	0.000
2025-11-16 17:35:47	18.983	20.817	0.000	119.938	1.000	0	0	0.000	0.000	0.000					0.616	0.145	0.144	0.095	0.000	0.000	0.000
2025-11-16 17:35:48	19.983	21.900	0.000	127.162	1.000	0	0	0.000	0.000	0.000					0.594	0.224	0.137	0.046	0.000	0.000	0.000
2025-11-16 17:35:49	20.983	23.083	0.000	132.366	1.000	0	0	0.000	0.000	0.000					0.567	0.282	0.130	0.021	0.000	0.000	0.000
2025-11-16 17:35:50	21.983	24.167	0.000	133.581	1.000	0	0	0.000	0.000	0.000					0.579	0.290	0.124	0.000	0.000	0.007	0.000
2025-11-16 17:35:51	22.983	25.267	0.000	145.008	1.000	0	0	0.000	0.000	0.000					0.565	0.277	0.119	0.000	0.000	0.040	0.000
2025-11-16 17:35:52	23.983	26.350	0.000	148.397	1.000	0	0	0.000	0.000	0.000					0.569	0.279	0.114	0.000	0.000	0.038	0.000
2025-11-16 17:35:53	24.983	27.450	0.000	147.720	1.000	0	0	0.000	0.000	0.000					0.546	0.291	0.126	0.000	0.000	0.036	0.000
2025-11-16 17:35:54	25.983	28.533	0.000	145.367	1.000	0	0	0.000	0.000	0.000					0.526	0.280	0.159	0.000	0.000	0.035	0.000
2025-11-16 17:35:55	26.983	29.633	0.000	145.902	1.000	0	0	0.000	0.000	0.000					0.528	0.270	0.169	0.000	0.000	0.034	0.000
2025-11-16 17:35:56	27.983	30.717	0.000	151.601	1.000	0	0	0.000	0.000	0.000					0.521	0.260	0.186	0.001	0.000	0.033	0.000
2025-11-16 17:35:57	28.983	31.817	0.000	163.235	1.000	0	0	0.000	0.000	0.000					0.503	0.229	0.189	0.048	0.000	0.031	0.000
2025-11-16 17:35:58	29.983	32.900	0.000	164.692	1.000	0	0	0.000	0.000	0.000					0.486	0.182	0.210	0.091	0.000	0.030	0.000
2025-11-16 17:35:59	30.983	34.083	0.000	179.788	1.000	0	0	0.000	0.000	0.000					0.501	0.176	0.206	0.088	0.000	0.029	0.000
2025-11-16 17:36:00	31.983	35.167	0.000	182.592	1.000	0	0	0.000	0.000	0.000					0.501	0.171	0.227	0.057	0.000	0.044	0.000
2025-11-16 17:36:01	32.983	36.267	0.000	192.685	1.000	0	0	0.000	0.000	0.000					0.455	0.165	0.243	0.040	0.000	0.097	0.000
2025-11-16 17:36:02	33.983	37.350	0.000	197.422	1.000	0	0	0.000	0.000	0.000					0.437	0.161	0.295	0.000	0.000	0.108	0.000
2025-11-16 17:36:03	34.983	38.450	0.000	200.815	1.000	0	0	0.000	0.000	0.000					0.416	0.168	0.286	0.000	0.000	0.130	0.000
2025-11-16 17:36:04	35.983	39.533	0.000	207.767	1.000	0	0	0.000	0.000	0.000					0.379	0.190	0.278	0.000	0.000	0.152	0.000
2025-11-16 17:36:05	36.983	40.633	0.000	216.161	1.000	0	0	0.000	0.000	0.000					0.372	0.172	0.271	0.000	0.000	0.185	0.000
2025-11-16 17:36:06	37.983	41.717	0.000	179.769	1.000	0	0	0.000	0.000	0.000					0.360	0.185	0.252	0.024	0.000	0.179	0.000
2025-11-16 17:36:07	38.983	42.817	0.011	165.853	1.000	0	0	0.000	0.010	0.002			4	7	0.350	0.187	0.276	0.024	0.000	0.163	0.000
2025-11-16 17:36:08	39.983	43.833	0.071	175.248	1.000	0	0	0.000	0.023	0.023			3	6	0.363	0.183	0.289	0.033	0.000	0.132	0.000
2025-11-16 17:36:09	40.983	42.917	0.063	170.257	1.000	0	0	0.000	0.021	0.023			8	4	0.398	0.186	0.321	0.000	0.000	0.094	0.000
2025-11-16 17:36:10	41.983	40.800	0.070	158.553	1.000	0	0	0.000	0.047	0.019			3	8	0.403	0.196	0.327	0.000	0.000	0.074	0.000
2025-11-16 17:36:11	42.983	38.067	0.046	167.485	1.000	0	0	0.000	0.042	0.004			3,5		0.346	0.217	0.368	0.000	0.000	0.069	0.000
2025-11-16 17:36:12	43.983	36.900	0.015	170.349	1.000	0	0	0.000	0.015	0.000					0.352	0.244	0.379	0.000	0.000	0.024	0.000
2025-11-16 17:36:13	44.983	38.183	0.000	161.556	1.000	0	0	0.000	0.000	0.000					0.357	0.236	0.381	0.000	0.000	0.026	0.000
2025-11-16 17:36:14	45.983	42.083	0.000	145.418	1.000	0	0	0.000	0.000	0.000					0.385	0.213	0.378	0.000	0.000	0.024	0.000
2025-11-16 17:36:15	46.983	46.933	0.000	116.631	1.000	0	0	0.000	0.000	0.000					0.392	0.170	0.394	0.022	0.000	0.021	0.000
2025-11-16 17:36:16	47.983	50.883	0.002	98.339	0.983	0	1	0.000	0.000	0.000					0.416	0.147	0.378	0.029	0.000	0.030	0.000
2025-11-16 17:36:17	48.983	52.483	0.013	99.125	0.400	0	1	0.000	0.010	0.000			6,7		0.432	0.114	0.382	0.019	0.000	0.054	0.000
2025-11-16 17:36:18	49.983	50.833	0.047	105.271	1.000	0	0	0.000	0.035	0.009			9	6	0.429	0.086	0.447	0.000	0.000	0.038	0.000
2025-11-16 17:36:19	50.983	48.883	0.016	66.318	0.017	0	0	0.000	0.013	0.000					0.432	0.085	0.463	0.010	0.000	0.011	0.000
2025-11-16 17:36:20	51.983	49.167	0.000	68.021	0.000	0	0	0.000	0.000	0.000					0.451	0.061	0.468	0.000	0.000	0.020	0.000
2025-11-16 17:36:21	52.983	50.633	0.000	66.098	0.000	0	0	0.000	0.000	0.000					0.466	0.059	0.455	0.000	0.000	0.020	0.000
2025-11-16 17:36:22	53.983	53.800	0.000	60.030	0.000	0	0	0.000	0.000	0.000					0.465	0.056	0.470	0.000	0.000	0.009	0.000
2025-11-16 17:36:23	54.983	57.800	0.000	58.551	0.000	0	0	0.000	0.000	0.000					0.473	0.060	0.467	0.000	0.000	0.000	0.000
2025-11-16 17:36:24	55.983	61.050	0.002	59.607	0.000	0	0	0.000	0.002	0.000					0.480	0.066	0.454	0.000	0.000	0.000	0.000
2025-11-16 17:36:25	56.983	61.333	0.005	57.653	0.000	0	1	0.000	0.001	0.000			10		0.462	0.065	0.473	0.000	0.000	0.000	0.000
2025-11-16 17:36:26	57.983	60.650	0.004	58.408	0.000	0	0	0.000	0.004	0.000					0.433	0.052	0.515	0.000	0.000	0.000	0.000
2025-11-16 17:36:27	58.983	60.083	0.004	57.359	0.000	0	1	0.000	0.000	0.003					0.417	0.033	0.549	0.000	0.000	0.000	0.000
2025-11-16 17:36:28	59.983	59.450	0.001	62.168	0.000	0	0	0.000	0.001	0.000					0.411	0.034	0.555	0.000	0.000	0.000	0.000
2025-11-16 17:36:29	60.983	59.667	0.009	60.985	0.000	0	1	0.000	0.004	0.000			19		0.397	0.034	0.570	0.000	0.000	0.000	0.000
2025-11-16 17:36:30	61.983	59.650	0.016	65.133	0.000	0	0	0.000	0.007	0.009			17,31		0.395	0.032	0.573	0.000	0.000	0.000	0.000
2025-11-16 17:36:31	62.983	60.750	0.025	59.961	0.000	1	1	0.000	0.022	0.000	27				0.369	0.050	0.582	0.000	0.000	0.000	0.000
2025-11-16 17:36:32	63.983	59.517	0.002	59.728	0.000	0	1	0.000	0.000	0.000					0.345	0.076	0.579	0.000	0.000	0.000	0.000
2025-11-16 17:36:33	64.983	60.867	0.006	64.006	0.000	0	1	0.000	0.000	0.000					0.348	0.073	0.570	0.008	0.000	0.000	0.000
2025-11-16 17:36:34	65.983	61.550	0.006	71.191	0.000	0	1	0.000	0.000	0.000					0.316	0.064	0.612	0.008	0.000	0.000	0.000
2025-11-16 17:36:35	66.983	63.167	0.004	77.648	0.000	1	1	0.000	0.003	0.000	40				0.293	0.064	0.635	0.008	0.000	0.000	0.000
2025-11-16 17:36:36	67.983	65.017	0.017	80.325	0.000	0	1	0.000	0.009	0.003				29	0.300	0.093	0.599	0.008	0.000	0.000	0.000
2025-11-16 17:36:37	68.984	66.650	0.008	83.477	0.000	0	0	0.000	0.005	0.003					0.324	0.112	0.526	0.038	0.000	0.000	0.000
2025-11-16 17:36:38	69.984	67.633	0.005	92.639	0.300	0	0	0.000	0.005	0.000					0.341	0.103	0.467	0.088	0.000	0.000	0.000
2025-11-16 17:36:39	70.984	69.683	0.651	87.250	0.000	0	0	0.000	0.000	0.000					0.110	0.038	0.837	0.015	0.000	0.000	0.000
2025-11-16 17:36:40	71.984	70.000	1.000	73.601	0.000	0	0	0.000	0.000	0.000					0.000	0.000	1.000	0.000	0.000	0.000	0.000
2025-11-16 17:36:41	72.984	72.283	1.000	63.340	0.000	0	0	0.000	0.000	0.000					0.000	0.000	1.000	0.000	0.000	0.000	0.000
2025-11-16 17:36:42	73.985	75.167	1.000	60.607	0.000	0	0	0.000	0.000	0.000					0.000	0.000	1.000	0.000	0.000	0.000	0.000
2025-11-16 17:36:43	74.985	77.383	1.000	52.031	0.000	0	0	0.000	0.000	0.000					0.000	0.000	1.000	0.000	0.000	0.000	0.000
2025-11-16 17:36:44	75.985	79.767	1.000	48.616	0.000	0	0	0.000	0.000	0.000					0.000	0.000	1.000	0.000	0.000	0.000	0.000
2025-11-16 17:36:45	76.985	81.517	1.000	45.017	0.000	0	0	0.000	0.000	0.000					0.000	0.000	1.000	0.000	0.000	0.000	0.000
2025-11-16 17:36:46	77.986	83.950	1.000	45.265	0.000	0	0	0.000	0.000	0.000					0.000	0.000	1.000	0.000	0.000	0.000	0.000
2025-11-16 17:36:47	78.986	83.734	1.000	45.963	0.000	0	0	0.000	0.000	0.000					0.000	0.000	1.000	0.000	0.000	0.000	0.000
2025-11-16 17:36:48	79.986	83.817	1.000	45.359	0.000	0	0	0.000	0.000	0.000					0.000	0.000	1.000	0.000	0.000	0.000	0.000
2025-11-16 17:36:49	80.986	84.634	1.000	45.695	0.000	0	0	0.000	0.000	0.000					0.000	0.000	1.000	0.000	0.000	0.000	0.000
2025-11-16 17:36:50	81.986	85.167	1.000	54.547	0.000	0	0	0.000	0.000	0.000					0.000	0.000	1.000	0.000	0.000	0.000	0.000
2025-11-16 17:36:51	82.987	85.117	0.997	65.282	0.000	3	3	0.258	0.122	0.183	32,34,37	1,2,3,4,5,6,8,9,10,11,12,13,14,15,16,17,19,21,22,23,24,26,27,29,31,33,40,43,49,63,66,70,76	38,39,44,45,51,55,59,61,64,67,71,72,73,74,79,80	0,7,18,20,25,28,30,35,36,41,42,46,47,48,50,53,56,62,65,69,75,77,78,82	0.122	0.087	0.776	0.015	0.000	0.000	0.000
2025-11-16 17:36:52	83.987	85.817	0.623	60.854	0.000	1	3	0.329	0.069	0.189	83				0.267	0.140	0.593	0.000	0.000	0.000	0.000
2025-11-16 17:36:53	84.987	87.417	0.002	62.862	0.000	0	1	0.000	0.000	0.000					0.297	0.137	0.560	0.006	0.000	0.000	0.000
2025-11-16 17:36:54	85.987	88.083	0.005	66.798	0.000	0	1	0.000	0.000	0.004				82	0.290	0.154	0.545	0.011	0.000	0.000	0.000
2025-11-16 17:36:55	86.987	88.934	0.040	74.160	0.000	1	1	0.000	0.018	0.011	37		78,82	81	0.275	0.154	0.570	0.000	0.000	0.000	0.000
wall_time	sim_time	unit_seconds	panic_ratio	avg_radius	exceed_ratio	tokkou_active	tokkou_peak	cling_ratio	kaiten_ratio	run_ratio	tokkou_units	cling_units	kaiten_units	run_units	assault_enemy	assault_base	flee	follow_commander	follow_ally	defend_base	wander
2025-11-16 17:41:54	0.983	1.067	0.000	13.741	0.000	0	0	0.000	0.000	0.000					0.922	0.000	0.078	0.000	0.000	0.000	0.000
2025-11-16 17:41:55	1.983	2.167	0.000	12.836	0.000	0	0	0.000	0.000	0.000					0.462	0.000	0.538	0.000	0.000	0.000	0.000
2025-11-16 17:41:56	2.983	3.267	0.000	24.080	0.000	0	0	0.000	0.000	0.000					0.306	0.000	0.612	0.082	0.000	0.000	0.000
2025-11-16 17:41:57	3.983	4.350	0.000	29.481	0.000	0	0	0.000	0.000	0.000					0.310	0.000	0.460	0.230	0.000	0.000	0.000
2025-11-16 17:41:58	4.983	5.450	0.000	30.316	0.000	0	0	0.000	0.000	0.000					0.450	0.000	0.367	0.183	0.000	0.000	0.000
2025-11-16 17:41:59	5.983	6.533	0.000	31.282	0.000	0	0	0.000	0.000	0.000					0.541	0.000	0.306	0.153	0.000	0.000	0.000
2025-11-16 17:42:00	6.983	7.633	0.000	32.969	0.000	0	0	0.000	0.000	0.000					0.607	0.000	0.262	0.131	0.000	0.000	0.000
2025-11-16 17:42:01	7.983	8.717	0.000	38.925	0.000	0	0	0.000	0.000	0.000					0.656	0.000	0.229	0.115	0.000	0.000	0.000
2025-11-16 17:42:02	8.983	9.817	0.000	44.899	0.000	0	0	0.000	0.000	0.000					0.694	0.000	0.204	0.102	0.000	0.000	0.000
2025-11-16 17:42:03	9.983	10.900	0.000	52.713	0.000	0	0	0.000	0.000	0.000					0.725	0.000	0.183	0.092	0.000	0.000	0.000
2025-11-16 17:42:04	10.983	12.083	0.000	60.554	0.000	0	0	0.000	0.000	0.000					0.745	0.007	0.166	0.083	0.000	0.000	0.000
2025-11-16 17:42:05	11.983	13.167	0.000	66.223	0.000	0	0	0.000	0.000	0.000					0.684	0.076	0.152	0.089	0.000	0.000	0.000
2025-11-16 17:42:06	12.983	14.267	0.000	71.993	0.000	0	0	0.000	0.000	0.000					0.650	0.070	0.140	0.140	0.000	0.000	0.000
2025-11-16 17:42:07	13.983	15.350	0.000	78.577	0.000	0	0	0.000	0.000	0.000					0.651	0.065	0.130	0.153	0.000	0.000	0.000
2025-11-16 17:42:08	14.983	16.450	0.000	84.993	0.000	0	0	0.000	0.000	0.000					0.635	0.061	0.122	0.182	0.000	0.000	0.000
2025-11-16 17:42:09	15.983	17.533	0.000	91.418	0.000	0	0	0.000	0.000	0.000					0.627	0.057	0.144	0.171	0.000	0.000	0.000
2025-11-16 17:42:10	16.983	18.633	0.000	98.184	0.900	0	0	0.000	0.000	0.000					0.624	0.054	0.161	0.161	0.000	0.000	0.000
2025-11-16 17:42:11	17.983	19.717	0.000	106.974	1.000	0	0	0.000	0.000	0.000					0.609	0.087	0.152	0.152	0.000	0.000	0.000
2025-11-16 17:42:12	18.983	20.817	0.000	114.241	1.000	0	0	0.000	0.000	0.000					0.616	0.096	0.144	0.144	0.000	0.000	0.000
2025-11-16 17:42:13	19.983	21.900	0.000	128.655	1.000	0	0	0.000	0.000	0.000					0.594	0.132	0.137	0.137	0.000	0.000	0.000
2025-11-16 17:42:14	20.983	23.083	0.000	134.306	1.000	0	0	0.000	0.000	0.000					0.567	0.173	0.130	0.130	0.000	0.000	0.000
2025-11-16 17:42:15	21.983	24.167	0.000	140.510	1.000	0	0	0.000	0.000	0.000					0.579	0.166	0.124	0.131	0.000	0.000	0.000
2025-11-16 17:42:16	22.983	25.267	0.000	150.076	1.000	0	0	0.000	0.000	0.000					0.565	0.158	0.119	0.158	0.000	0.000	0.000
2025-11-16 17:42:17	23.983	26.350	0.000	166.088	1.000	0	0	0.000	0.000	0.000					0.569	0.165	0.114	0.152	0.000	0.000	0.000
2025-11-16 17:42:18	24.983	27.450	0.000	173.515	1.000	0	0	0.000	0.000	0.000					0.546	0.182	0.126	0.146	0.000	0.000	0.000
2025-11-16 17:42:19	25.983	28.533	0.000	181.009	1.000	0	0	0.000	0.000	0.000					0.526	0.175	0.159	0.140	0.000	0.000	0.000
2025-11-16 17:42:20	26.983	29.633	0.000	197.161	1.000	0	0	0.000	0.000	0.000					0.528	0.169	0.169	0.135	0.000	0.000	0.000
2025-11-16 17:42:21	27.983	30.717	0.000	207.780	1.000	0	0	0.000	0.000	0.000					0.521	0.163	0.186	0.130	0.000	0.000	0.000
2025-11-16 17:42:22	28.983	31.817	0.000	219.050	1.000	0	0	0.000	0.000	0.000					0.503	0.183	0.189	0.126	0.000	0.000	0.000
2025-11-16 17:42:23	29.983	32.900	0.000	121.309	1.000	0	0	0.000	0.000	0.000					0.486	0.182	0.210	0.122	0.000	0.000	0.000
2025-11-16 17:42:24	30.983	34.083	0.000	112.699	1.000	0	0	0.000	0.000	0.000					0.501	0.176	0.205	0.117	0.000	0.000	0.000
2025-11-16 17:42:25	31.983	35.167	0.000	115.991	1.000	0	0	0.000	0.000	0.000					0.501	0.171	0.199	0.114	0.000	0.015	0.000
2025-11-16 17:42:26	32.983	36.267	0.000	118.895	1.000	0	0	0.000	0.000	0.000					0.454	0.165	0.200	0.110	0.000	0.070	0.000
2025-11-16 17:42:27	33.983	37.350	0.000	121.280	1.000	0	0	0.000	0.000	0.000					0.411	0.161	0.214	0.107	0.000	0.107	0.000
2025-11-16 17:42:28	34.983	38.450	0.000	123.892	1.000	0	0	0.000	0.000	0.000					0.416	0.167	0.208	0.104	0.000	0.104	0.000
2025-11-16 17:42:29	35.983	39.533	0.000	126.379	1.000	0	0	0.000	0.000	0.000					0.392	0.152	0.202	0.115	0.000	0.140	0.000
wall_time	sim_time	unit_seconds	panic_ratio	avg_radius	exceed_ratio	tokkou_active	tokkou_peak	cling_ratio	kaiten_ratio	run_ratio	tokkou_units	cling_units	kaiten_units	run_units	assault_enemy	assault_base	flee	follow_commander	follow_ally	defend_base	wander
2025-11-16 18:09:24	0.983	1.067	0.000	13.741	0.000	0	0	0.000	0.000	0.000					0.922	0.000	0.078	0.000	0.000	0.000	0.000
2025-11-16 18:09:25	1.983	2.167	0.000	12.836	0.000	0	0	0.000	0.000	0.000					0.462	0.000	0.538	0.000	0.000	0.000	0.000
2025-11-16 18:09:26	2.983	3.267	0.000	24.080	0.000	0	0	0.000	0.000	0.000					0.306	0.000	0.612	0.082	0.000	0.000	0.000
2025-11-16 18:09:27	3.983	4.350	0.000	27.938	0.000	0	0	0.000	0.000	0.000					0.310	0.000	0.460	0.230	0.000	0.000	0.000
2025-11-16 18:09:28	4.983	5.450	0.000	27.266	0.000	0	0	0.000	0.000	0.000					0.450	0.000	0.367	0.183	0.000	0.000	0.000
2025-11-16 18:09:29	5.983	6.533	0.000	30.122	0.000	0	0	0.000	0.000	0.000					0.541	0.000	0.306	0.153	0.000	0.000	0.000
2025-11-16 18:09:30	6.983	7.633	0.000	33.086	0.000	0	0	0.000	0.000	0.000					0.607	0.000	0.262	0.131	0.000	0.000	0.000
2025-11-16 18:09:31	7.983	8.717	0.000	34.818	0.000	0	0	0.000	0.000	0.000					0.656	0.000	0.229	0.115	0.000	0.000	0.000
2025-11-16 18:09:32	8.983	9.817	0.000	41.775	0.000	0	0	0.000	0.000	0.000					0.694	0.000	0.204	0.102	0.000	0.000	0.000
2025-11-16 18:09:33	9.983	10.900	0.000	47.899	0.000	0	0	0.000	0.000	0.000					0.725	0.000	0.183	0.092	0.000	0.000	0.000
2025-11-16 18:09:34	10.983	12.083	0.000	57.312	0.000	0	0	0.000	0.000	0.000					0.745	0.007	0.166	0.083	0.000	0.000	0.000
2025-11-16 18:09:35	11.983	13.167	0.000	67.517	0.000	0	0	0.000	0.000	0.000					0.684	0.076	0.152	0.089	0.000	0.000	0.000
2025-11-16 18:09:36	12.983	14.267	0.000	75.680	0.000	0	0	0.000	0.000	0.000					0.650	0.071	0.140	0.139	0.000	0.000	0.000
2025-11-16 18:09:37	13.983	15.350	0.000	81.923	0.000	0	0	0.000	0.000	0.000					0.651	0.153	0.130	0.065	0.000	0.000	0.000
2025-11-16 18:09:38	14.983	16.450	0.000	89.206	0.000	0	0	0.000	0.000	0.000					0.635	0.151	0.122	0.092	0.000	0.000	0.000
2025-11-16 18:09:39	15.983	17.533	0.000	100.413	0.533	0	0	0.000	0.000	0.000					0.627	0.113	0.144	0.115	0.000	0.000	0.000
2025-11-16 18:09:40	16.983	18.633	0.000	110.196	1.000	0	0	0.000	0.000	0.000					0.624	0.054	0.161	0.161	0.000	0.000	0.000
2025-11-16 18:09:41	17.983	19.717	0.000	119.420	1.000	0	0	0.000	0.000	0.000					0.609	0.087	0.152	0.152	0.000	0.000	0.000
2025-11-16 18:09:42	18.983	20.817	0.000	124.392	1.000	0	0	0.000	0.000	0.000					0.616	0.096	0.144	0.144	0.000	0.000	0.000
2025-11-16 18:09:43	19.983	21.900	0.000	132.451	1.000	0	0	0.000	0.000	0.000					0.594	0.132	0.137	0.137	0.000	0.000	0.000
2025-11-16 18:09:44	20.983	23.083	0.000	139.026	1.000	0	0	0.000	0.000	0.000					0.567	0.173	0.130	0.130	0.000	0.000	0.000
2025-11-16 18:09:45	21.983	24.167	0.000	145.095	1.000	0	0	0.000	0.000	0.000					0.579	0.166	0.124	0.131	0.000	0.000	0.000
2025-11-16 18:09:46	22.983	25.267	0.000	148.197	1.000	0	0	0.000	0.000	0.000					0.565	0.158	0.119	0.158	0.000	0.000	0.000
2025-11-16 18:09:47	23.983	26.350	0.000	147.697	1.000	0	0	0.000	0.000	0.000					0.569	0.165	0.114	0.152	0.000	0.000	0.000
2025-11-16 18:09:48	24.983	27.450	0.000	144.676	1.000	0	0	0.000	0.000	0.000					0.546	0.182	0.126	0.146	0.000	0.000	0.000
2025-11-16 18:09:49	25.983	28.533	0.000	137.460	1.000	0	0	0.000	0.000	0.000					0.526	0.175	0.159	0.140	0.000	0.000	0.000
2025-11-16 18:09:50	26.983	29.633	0.000	142.105	1.000	0	0	0.000	0.000	0.000					0.528	0.169	0.169	0.135	0.000	0.000	0.000
2025-11-16 18:09:51	27.983	30.717	0.000	144.537	1.000	0	0	0.000	0.000	0.000					0.521	0.163	0.186	0.130	0.000	0.000	0.000
2025-11-16 18:09:52	28.983	31.817	0.000	150.686	1.000	0	0	0.000	0.000	0.000					0.503	0.183	0.189	0.126	0.000	0.000	0.000
2025-11-16 18:09:53	29.983	32.900	0.000	163.396	1.000	0	0	0.000	0.000	0.000					0.486	0.182	0.210	0.122	0.000	0.000	0.000
2025-11-16 18:09:54	30.983	34.083	0.000	180.294	1.000	0	0	0.000	0.000	0.000					0.501	0.176	0.205	0.117	0.000	0.000	0.000
2025-11-16 18:09:55	31.983	35.167	0.000	188.080	1.000	0	0	0.000	0.000	0.000					0.516	0.171	0.199	0.114	0.000	0.001	0.000
2025-11-16 18:09:56	32.983	36.267	0.000	203.066	1.000	0	0	0.000	0.000	0.000					0.468	0.165	0.200	0.110	0.000	0.056	0.000
2025-11-16 18:09:57	33.983	37.350	0.000	223.079	1.000	0	0	0.000	0.000	0.000					0.437	0.161	0.214	0.107	0.000	0.081	0.000
2025-11-16 18:09:58	34.983	38.450	0.000	186.997	1.000	0	0	0.000	0.000	0.000					0.403	0.167	0.208	0.104	0.000	0.118	0.000
2025-11-16 18:09:59	35.983	39.533	0.000	132.422	1.000	0	0	0.000	0.000	0.000					0.366	0.165	0.202	0.101	0.000	0.165	0.000
2025-11-16 18:10:00	36.983	40.633	0.000	141.612	1.000	0	0	0.000	0.000	0.000					0.360	0.172	0.197	0.098	0.000	0.172	0.000
2025-11-16 18:10:01	37.983	41.717	0.000	152.160	1.000	0	0	0.000	0.000	0.000					0.360	0.185	0.205	0.083	0.000	0.168	0.000
2025-11-16 18:10:02	38.983	42.817	0.026	160.711	1.000	0	0	0.000	0.011	0.016			4	7	0.350	0.187	0.265	0.035	0.000	0.163	0.000
2025-11-16 18:10:03	39.983	43.600	0.071	160.468	1.000	0	0	0.000	0.032	0.023			4,10	6	0.365	0.183	0.291	0.023	0.000	0.138	0.000
2025-11-16 18:10:04	40.983	43.333	0.058	150.898	1.000	0	0	0.000	0.037	0.017			5,8		0.388	0.185	0.271	0.034	0.000	0.123	0.000
2025-11-16 18:10:05	41.983	41.500	0.054	145.239	1.000	0	0	0.000	0.037	0.006			6	10	0.392	0.197	0.325	0.000	0.000	0.087	0.000
2025-11-16 18:10:06	42.983	39.833	0.046	166.497	1.000	0	0	0.000	0.024	0.014			4,5,7		0.397	0.213	0.335	0.013	0.000	0.042	0.000
2025-11-16 18:10:07	43.983	37.350	0.027	153.112	0.967	0	0	0.000	0.020	0.000					0.391	0.214	0.364	0.027	0.000	0.004	0.000
2025-11-16 18:10:08	44.983	38.217	0.000	128.991	1.000	0	0	0.000	0.000	0.000					0.378	0.209	0.366	0.027	0.000	0.020	0.000
2025-11-16 18:10:09	45.983	41.400	0.000	106.982	1.000	0	0	0.000	0.000	0.000					0.403	0.211	0.314	0.049	0.000	0.024	0.000
2025-11-16 18:10:10	46.983	45.933	0.000	102.551	1.000	0	0	0.000	0.000	0.000					0.446	0.194	0.283	0.043	0.000	0.033	0.000
2025-11-16 18:10:11	47.983	49.433	0.000	105.772	0.950	0	0	0.000	0.000	0.000					0.445	0.176	0.280	0.030	0.000	0.069	0.000
2025-11-16 18:10:12	48.983	52.833	0.022	98.915	0.633	0	1	0.000	0.021	0.000			8		0.464	0.161	0.284	0.019	0.000	0.073	0.000
2025-11-16 18:10:13	49.983	51.417	0.024	99.958	0.817	0	1	0.000	0.019	0.003				6	0.469	0.146	0.311	0.010	0.000	0.064	0.000
2025-11-16 18:10:14	50.983	49.717	0.008	65.204	0.033	0	0	0.000	0.000	0.002					0.465	0.152	0.338	0.000	0.000	0.045	0.000
2025-11-16 18:10:15	51.983	50.167	0.000	63.874	0.000	0	0	0.000	0.000	0.000					0.458	0.159	0.343	0.000	0.000	0.040	0.000
2025-11-16 18:10:16	52.983	51.367	0.000	56.809	0.000	0	0	0.000	0.000	0.000					0.450	0.136	0.376	0.000	0.000	0.039	0.000
2025-11-16 18:10:17	53.983	54.250	0.000	53.777	0.000	0	0	0.000	0.000	0.000					0.430	0.113	0.439	0.000	0.000	0.018	0.000
2025-11-16 18:10:18	54.983	58.283	0.000	56.236	0.000	0	0	0.000	0.000	0.000					0.417	0.120	0.454	0.000	0.000	0.008	0.000
2025-11-16 18:10:19	55.983	61.317	0.010	54.087	0.000	0	0	0.000	0.010	0.000					0.407	0.127	0.466	0.000	0.000	0.000	0.000
2025-11-16 18:10:20	56.983	61.200	0.002	57.336	0.000	0	1	0.000	0.000	0.000					0.385	0.114	0.501	0.000	0.000	0.000	0.000
2025-11-16 18:10:21	57.983	60.917	0.008	59.968	0.000	1	1	0.000	0.007	0.000	12		10		0.360	0.115	0.526	0.000	0.000	0.000	0.000
2025-11-16 18:10:22	58.983	60.150	0.010	62.974	0.000	0	1	0.000	0.006	0.004			11	13	0.363	0.089	0.549	0.000	0.000	0.000	0.000
2025-11-16 18:10:23	59.983	59.117	0.004	67.679	0.000	0	0	0.000	0.002	0.002					0.357	0.085	0.558	0.000	0.000	0.000	0.000
2025-11-16 18:10:24	60.983	59.617	0.004	77.947	0.000	0	1	0.000	0.000	0.000					0.344	0.085	0.570	0.000	0.000	0.000	0.000
2025-11-16 18:10:25	61.983	60.600	0.007	73.437	0.000	1	1	0.000	0.000	0.000	27				0.325	0.099	0.576	0.000	0.000	0.000	0.000
2025-11-16 18:10:26	62.983	60.033	0.012	61.741	0.000	2	2	0.000	0.000	0.000	25,35				0.316	0.100	0.584	0.000	0.000	0.000	0.000
2025-11-16 18:10:27	63.983	61.650	0.047	61.863	0.000	1	2	0.000	0.000	0.023	32			21	0.317	0.097	0.586	0.000	0.000	0.000	0.000
2025-11-16 18:10:28	64.983	60.350	0.029	66.068	0.000	0	1	0.000	0.006	0.009			16		0.285	0.103	0.612	0.000	0.000	0.000	0.000
2025-11-16 18:10:29	65.983	59.467	0.020	68.805	0.000	0	0	0.000	0.017	0.003				35	0.268	0.102	0.629	0.000	0.000	0.000	0.000
2025-11-16 18:10:30	66.983	61.017	0.022	68.222	0.000	0	0	0.000	0.005	0.016				34	0.276	0.096	0.627	0.001	0.000	0.000	0.000
2025-11-16 18:10:31	67.983	63.533	0.022	65.233	0.000	0	0	0.000	0.007	0.016				33	0.329	0.112	0.512	0.047	0.000	0.000	0.000
2025-11-16 18:10:32	68.984	65.400	0.020	66.225	0.000	0	1	0.000	0.003	0.015			29	31	0.302	0.104	0.586	0.007	0.000	0.000	0.000
2025-11-16 18:10:33	69.984	68.700	0.027	67.171	0.000	0	0	0.000	0.012	0.015				30	0.305	0.092	0.588	0.015	0.000	0.000	0.000
2025-11-16 18:10:34	70.984	70.650	0.016	72.802	0.000	0	0	0.000	0.001	0.014				30	0.306	0.085	0.602	0.007	0.000	0.000	0.000
2025-11-16 18:10:35	71.984	71.500	0.019	79.297	0.000	0	1	0.000	0.000	0.014				30	0.312	0.086	0.601	0.000	0.000	0.000	0.000
2025-11-16 18:10:36	72.984	71.233	0.033	90.417	0.000	1	1	0.000	0.013	0.018	55			30	0.298	0.096	0.606	0.000	0.000	0.000	0.000
2025-11-16 18:10:37	73.985	71.433	0.031	93.188	0.250	1	2	0.000	0.000	0.014	54			30	0.287	0.084	0.629	0.000	0.000	0.000	0.000
2025-11-16 18:10:38	74.985	73.633	0.055	92.087	0.167	1	2	0.000	0.017	0.014	50		35	30	0.265	0.089	0.646	0.000	0.000	0.000	0.000
2025-11-16 18:10:39	75.985	71.717	0.030	91.452	0.283	0	1	0.000	0.009	0.021				30,36	0.251	0.093	0.655	0.000	0.000	0.000	0.000
2025-11-16 18:10:40	76.985	72.983	0.045	86.849	0.000	1	1	0.000	0.019	0.014	37		46	30	0.239	0.095	0.665	0.000	0.000	0.000	0.000
2025-11-16 18:10:41	77.986	73.534	0.049	77.969	0.000	1	2	0.000	0.005	0.027	37			30,52	0.244	0.068	0.689	0.000	0.000	0.000	0.000
2025-11-16 18:10:42	78.986	72.867	0.032	78.003	0.000	0	1	0.000	0.006	0.024			51	50	0.243	0.055	0.702	0.000	0.000	0.000	0.000
2025-11-16 18:10:43	79.986	74.167	0.014	75.106	0.000	1	1	0.000	0.011	0.001	42			50	0.232	0.043	0.725	0.000	0.000	0.000	0.000
2025-11-16 18:10:44	80.986	75.500	0.028	69.182	0.000	1	1	0.000	0.004	0.020	45			49,52	0.203	0.038	0.759	0.000	0.000	0.000	0.000
2025-11-16 18:10:45	81.986	75.167	0.040	67.043	0.000	1	2	0.000	0.007	0.021	42		54	50,64	0.195	0.027	0.778	0.000	0.000	0.000	0.000
2025-11-16 18:10:46	82.987	73.450	0.022	59.200	0.000	0	2	0.000	0.004	0.011					0.168	0.017	0.808	0.007	0.000	0.000	0.000
2025-11-16 18:10:47	83.987	74.650	0.014	57.405	0.000	1	1	0.000	0.007	0.000	62				0.169	0.009	0.802	0.020	0.000	0.000	0.000
2025-11-16 18:10:48	84.987	75.434	0.008	55.887	0.000	0	2	0.000	0.003	0.001				65	0.152	0.013	0.821	0.013	0.000	0.000	0.000
2025-11-16 18:10:49	85.987	75.617	0.015	53.841	0.000	0	1	0.000	0.000	0.009					0.114	0.030	0.837	0.020	0.000	0.000	0.000
2025-11-16 18:10:50	86.987	77.633	0.023	57.604	0.000	0	2	0.000	0.004	0.006			66		0.092	0.036	0.840	0.032	0.000	0.000	0.000
2025-11-16 18:10:51	87.988	79.833	0.017	56.434	0.000	0	0	0.000	0.017	0.000					0.075	0.039	0.861	0.025	0.000	0.000	0.000
2025-11-16 18:10:52	88.988	78.917	0.023	56.427	0.000	0	1	0.000	0.010	0.005			68	65	0.057	0.034	0.878	0.032	0.000	0.000	0.000
2025-11-16 18:10:53	89.988	79.800	0.011	53.866	0.000	0	1	0.001	0.004	0.005		76	69	77	0.061	0.015	0.886	0.038	0.000	0.000	0.000
2025-11-16 18:10:54	90.988	81.833	0.036	55.064	0.000	0	1	0.015	0.013	0.007		74,77	79	80	0.061	0.011	0.891	0.037	0.000	0.000	0.000
2025-11-16 18:10:55	91.989	84.167	0.035	57.482	0.000	1	1	0.023	0.000	0.012	81	74		78	0.064	0.018	0.859	0.059	0.000	0.000	0.000
wall_time	sim_time	unit_seconds	panic_ratio	avg_radius	exceed_ratio	tokkou_active	tokkou_peak	cling_ratio	kaiten_ratio	run_ratio	tokkou_units	cling_units	kaiten_units	run_units	assault_enemy	assault_base	flee	follow_commander	follow_ally	defend_base	wander
2025-11-16 19:00:12	0.983	1.100	0.000	12.950	0.000	0	0	0.000	0.000	0.000					0.894	0.000	0.106	0.000	0.000	0.000	0.000
2025-11-16 19:00:13	1.983	2.233	0.000	13.403	0.000	0	0	0.000	0.000	0.000					0.448	0.000	0.552	0.000	0.000	0.000	0.000
2025-11-16 19:00:14	2.983	3.367	0.000	24.780	0.000	0	0	0.000	0.000	0.000					0.297	0.000	0.594	0.109	0.000	0.000	0.000
2025-11-16 19:00:15	3.983	4.483	0.000	28.075	0.000	0	0	0.000	0.000	0.000					0.331	0.000	0.446	0.223	0.000	0.000	0.000
2025-11-16 19:00:16	4.983	5.600	0.000	27.707	0.000	0	0	0.000	0.000	0.000					0.464	0.000	0.357	0.179	0.000	0.000	0.000
2025-11-16 19:00:17	5.983	6.733	0.000	28.488	0.000	0	0	0.000	0.000	0.000					0.554	0.000	0.297	0.149	0.000	0.000	0.000
2025-11-16 19:00:18	6.983	7.850	0.000	29.925	0.000	0	0	0.000	0.000	0.000					0.618	0.000	0.255	0.127	0.000	0.000	0.000
2025-11-16 19:00:19	7.983	9.067	0.000	38.042	0.000	0	0	0.000	0.000	0.000					0.669	0.000	0.221	0.110	0.000	0.000	0.000
2025-11-16 19:00:20	8.983	10.217	0.000	45.331	0.000	0	0	0.000	0.000	0.000					0.706	0.000	0.196	0.098	0.000	0.000	0.000
2025-11-16 19:00:21	9.983	11.350	0.000	50.826	0.000	0	0	0.000	0.000	0.000					0.736	0.000	0.176	0.088	0.000	0.000	0.000
2025-11-16 19:00:22	10.983	12.467	0.000	60.728	0.000	0	0	0.000	0.000	0.000					0.722	0.037	0.160	0.080	0.000	0.000	0.000
2025-11-16 19:00:23	11.983	13.583	0.000	68.522	0.000	0	0	0.000	0.000	0.000					0.706	0.074	0.147	0.074	0.000	0.000	0.000
2025-11-16 19:00:24	12.983	14.717	0.000	73.708	0.000	0	0	0.000	0.000	0.000					0.680	0.068	0.136	0.117	0.000	0.000	0.000
2025-11-16 19:00:25	13.983	15.833	0.000	83.501	0.000	0	0	0.000	0.000	0.000					0.684	0.063	0.126	0.126	0.000	0.000	0.000
2025-11-16 19:00:26	14.983	17.033	0.000	92.132	0.033	0	0	0.000	0.000	0.000					0.646	0.114	0.122	0.117	0.000	0.000	0.000
2025-11-16 19:00:27	15.983	18.200	0.000	96.433	0.450	0	0	0.000	0.000	0.000					0.615	0.110	0.165	0.110	0.000	0.000	0.000
2025-11-16 19:00:28	16.983	19.333	0.000	107.629	1.000	0	0	0.000	0.000	0.000					0.638	0.103	0.155	0.103	0.000	0.000	0.000
2025-11-16 19:00:29	17.983	20.450	0.000	107.190	1.000	0	0	0.000	0.000	0.000					0.636	0.098	0.147	0.120	0.000	0.000	0.000
2025-11-16 19:00:30	18.983	21.567	0.000	115.132	1.000	0	0	0.000	0.000	0.000					0.629	0.093	0.139	0.139	0.000	0.000	0.000
2025-11-16 19:00:31	19.983	22.700	0.000	114.626	1.000	0	0	0.000	0.000	0.000					0.648	0.088	0.132	0.132	0.000	0.000	0.000
2025-11-16 19:00:32	20.983	23.817	0.000	115.662	1.000	0	0	0.000	0.000	0.000					0.664	0.084	0.126	0.126	0.000	0.000	0.000
2025-11-16 19:00:33	21.983	25.000	0.000	114.964	1.000	0	0	0.000	0.000	0.000					0.680	0.080	0.120	0.120	0.000	0.000	0.000
2025-11-16 19:00:34	22.983	26.183	0.000	116.482	1.000	0	0	0.000	0.000	0.000					0.694	0.076	0.115	0.115	0.000	0.000	0.000
2025-11-16 19:00:35	23.983	27.300	0.000	116.633	1.000	0	0	0.000	0.000	0.000					0.696	0.084	0.110	0.110	0.000	0.000	0.000
2025-11-16 19:00:36	24.983	28.433	0.000	115.907	1.000	0	0	0.000	0.000	0.000					0.668	0.106	0.121	0.106	0.000	0.000	0.000
2025-11-16 19:00:37	25.983	29.550	0.000	119.169	1.000	0	0	0.000	0.000	0.000					0.643	0.120	0.135	0.102	0.000	0.000	0.000
2025-11-16 19:00:38	26.983	30.683	0.000	120.703	1.000	0	0	0.000	0.000	0.000					0.641	0.130	0.130	0.098	0.000	0.000	0.000
2025-11-16 19:00:39	27.983	31.800	0.000	123.085	1.000	0	0	0.000	0.000	0.000					0.629	0.126	0.126	0.119	0.000	0.000	0.000
2025-11-16 19:00:40	28.983	32.967	0.000	126.573	1.000	0	0	0.000	0.000	0.000					0.634	0.123	0.121	0.121	0.000	0.000	0.000
2025-11-16 19:00:41	29.983	34.167	0.000	132.183	1.000	0	0	0.000	0.000	0.000					0.615	0.146	0.122	0.117	0.000	0.000	0.000
2025-11-16 19:00:42	30.983	35.283	0.000	157.022	1.000	0	0	0.000	0.000	0.000					0.595	0.150	0.142	0.113	0.000	0.000	0.000
2025-11-16 19:00:43	31.983	36.417	0.000	155.360	1.000	0	0	0.000	0.000	0.000					0.588	0.165	0.137	0.109	0.000	0.000	0.000
2025-11-16 19:00:44	32.983	37.533	0.000	160.010	1.000	0	0	0.000	0.000	0.000					0.571	0.201	0.135	0.079	0.000	0.014	0.000
2025-11-16 19:00:45	33.983	38.667	0.016	166.405	1.000	0	0	0.000	0.016	0.000			4		0.508	0.207	0.233	0.000	0.000	0.052	0.000
2025-11-16 19:00:46	34.983	39.783	0.008	179.338	1.000	0	0	0.000	0.008	0.000					0.497	0.201	0.226	0.000	0.000	0.075	0.000
2025-11-16 19:00:47	35.983	40.933	0.028	181.641	1.000	1	1	0.000	0.007	0.000	10		13		0.493	0.195	0.238	0.000	0.000	0.073	0.000
2025-11-16 19:00:48	36.983	41.550	0.051	145.023	1.000	0	1	0.000	0.024	0.017			12	14	0.519	0.192	0.217	0.000	0.000	0.073	0.000
2025-11-16 19:00:49	37.983	42.267	0.047	118.624	1.000	0	0	0.000	0.024	0.024			12	14	0.527	0.166	0.213	0.000	0.000	0.095	0.000
2025-11-16 19:00:50	38.983	42.650	0.044	115.798	1.000	0	0	0.000	0.006	0.023				13	0.516	0.153	0.237	0.000	0.000	0.094	0.000
2025-11-16 19:00:51	39.983	42.750	0.029	125.042	1.000	0	0	0.000	0.000	0.023				12	0.526	0.199	0.181	0.000	0.000	0.094	0.000
2025-11-16 19:00:52	40.983	43.833	0.023	133.254	1.000	0	0	0.000	0.000	0.023				12	0.532	0.205	0.171	0.000	0.000	0.092	0.000
2025-11-16 19:00:53	41.983	45.500	0.040	147.003	1.000	0	0	0.000	0.012	0.022			4	11	0.549	0.187	0.170	0.000	0.000	0.093	0.000
2025-11-16 19:00:54	42.983	45.217	0.043	164.568	1.000	0	0	0.000	0.018	0.022				9	0.561	0.218	0.147	0.000	0.000	0.074	0.000
2025-11-16 19:00:55	43.983	46.517	0.033	155.110	1.000	1	1	0.000	0.005	0.021	3		5,7	9	0.546	0.193	0.171	0.001	0.000	0.089	0.000
2025-11-16 19:00:56	44.983	45.933	0.054	108.373	1.000	0	1	0.000	0.011	0.024				3,6	0.565	0.141	0.191	0.043	0.000	0.061	0.000
2025-11-16 19:00:57	45.983	46.383	0.065	101.143	1.000	0	0	0.000	0.000	0.043				3,6	0.568	0.129	0.225	0.033	0.000	0.043	0.000
2025-11-16 19:00:58	46.983	47.750	0.043	94.513	0.417	0	0	0.000	0.002	0.027			5	4	0.540	0.133	0.234	0.030	0.000	0.063	0.000
2025-11-16 19:00:59	47.983	48.550	0.045	82.158	0.000	1	1	0.000	0.007	0.021	7		10	4	0.503	0.124	0.318	0.000	0.000	0.056	0.000
2025-11-16 19:01:00	48.983	45.900	1.000	80.464	0.000	0	1	0.000	0.000	0.000					0.000	0.000	1.000	0.000	0.000	0.000	0.000
2025-11-16 19:01:01	49.983	47.033	1.000	73.155	0.000	0	0	0.000	0.000	0.000					0.000	0.000	1.000	0.000	0.000	0.000	0.000
2025-11-16 19:01:02	50.983	46.467	1.000	70.381	0.000	0	0	0.000	0.000	0.000					0.000	0.000	1.000	0.000	0.000	0.000	0.000
2025-11-16 19:01:03	51.983	47.583	1.000	58.945	0.000	0	0	0.000	0.000	0.000					0.000	0.000	1.000	0.000	0.000	0.000	0.000
2025-11-16 19:01:04	52.983	49.433	1.000	47.887	0.000	0	0	0.000	0.000	0.000					0.000	0.000	1.000	0.000	0.000	0.000	0.000
2025-11-16 19:01:05	53.983	52.933	1.000	46.085	0.000	0	0	0.000	0.000	0.000					0.000	0.000	1.000	0.000	0.000	0.000	0.000
2025-11-16 19:01:06	54.983	58.150	1.000	45.678	0.000	0	0	0.000	0.000	0.000					0.000	0.000	1.000	0.000	0.000	0.000	0.000
2025-11-16 19:01:07	55.983	61.167	1.000	41.917	0.000	0	0	0.000	0.000	0.000					0.000	0.000	1.000	0.000	0.000	0.000	0.000
2025-11-16 19:01:08	56.983	62.917	1.000	43.304	0.000	0	0	0.000	0.000	0.000					0.000	0.000	1.000	0.000	0.000	0.000	0.000
2025-11-16 19:01:09	57.983	64.267	1.000	45.956	0.000	0	0	0.000	0.000	0.000					0.000	0.000	1.000	0.000	0.000	0.000	0.000
2025-11-16 19:01:10	58.983	65.133	1.000	46.939	0.000	0	0	0.000	0.000	0.000					0.000	0.000	1.000	0.000	0.000	0.000	0.000
2025-11-16 19:01:11	59.983	66.000	1.000	51.436	0.000	0	0	0.000	0.000	0.000					0.000	0.000	1.000	0.000	0.000	0.000	0.000
2025-11-16 19:01:12	60.983	67.000	0.940	50.034	0.000	0	3	0.313	0.223	0.347		1,2,3,4,5,8,10,13,16,24,32,39,46,49,53,54,56,58,60,62,64	12,29,35	0,6,7,20,21,25,28,30,31,37,38,41,42,48,51,57,61	0.403	0.060	0.538	0.000	0.000	0.000	0.000
2025-11-16 19:01:13	61.983	68.000	0.263	45.718	0.000	0	0	0.148	0.008	0.105					0.410	0.059	0.531	0.000	0.000	0.000	0.000
2025-11-16 19:01:14	62.983	69.183	0.000	44.481	0.000	0	0	0.000	0.000	0.000					0.422	0.058	0.520	0.000	0.000	0.000	0.000
2025-11-16 19:01:15	63.983	70.300	0.000	44.503	0.000	0	0	0.000	0.000	0.000					0.431	0.057	0.512	0.000	0.000	0.000	0.000
2025-11-16 19:01:16	64.983	71.400	0.007	46.760	0.000	0	0	0.000	0.007	0.000					0.440	0.056	0.504	0.000	0.000	0.000	0.000
2025-11-16 19:01:17	65.983	71.550	0.000	52.046	0.000	0	0	0.000	0.000	0.000					0.441	0.056	0.503	0.000	0.000	0.000	0.000
2025-11-16 19:01:18	66.983	72.033	0.004	54.514	0.000	0	0	0.000	0.004	0.000					0.444	0.047	0.509	0.000	0.000	0.000	0.000
2025-11-16 19:01:19	67.983	72.433	0.012	56.862	0.000	0	0	0.000	0.007	0.000			66		0.432	0.052	0.516	0.000	0.000	0.000	0.000
2025-11-16 19:01:20	68.984	72.083	0.002	63.673	0.000	1	1	0.000	0.002	0.000	13				0.418	0.068	0.513	0.000	0.000	0.000	0.000
2025-11-16 19:01:21	69.984	72.983	0.022	64.887	0.000	1	2	0.000	0.000	0.000	63				0.437	0.089	0.453	0.021	0.000	0.000	0.000
2025-11-16 19:01:22	70.984	74.517	0.013	69.992	0.000	1	1	0.000	0.000	0.000	63				0.450	0.074	0.462	0.014	0.000	0.000	0.000
2025-11-16 19:01:23	71.984	76.417	0.025	79.875	0.000	1	1	0.000	0.012	0.000	63		11		0.497	0.105	0.358	0.039	0.000	0.000	0.000
2025-11-16 19:01:24	72.984	77.750	0.014	83.505	0.000	0	1	0.000	0.006	0.000			31		0.514	0.085	0.370	0.031	0.000	0.000	0.000
2025-11-16 19:01:25	73.985	79.100	0.013	90.962	0.000	0	0	0.000	0.013	0.000			31		0.441	0.057	0.496	0.000	0.000	0.006	0.000
2025-11-16 19:01:26	74.985	80.734	0.026	95.418	0.467	0	1	0.000	0.020	0.000			14,60		0.494	0.081	0.387	0.031	0.000	0.006	0.000
2025-11-16 19:01:27	75.985	79.033	0.023	87.847	0.000	1	1	0.000	0.015	0.000	17		24	15	0.512	0.069	0.394	0.019	0.000	0.006	0.000
2025-11-16 19:01:28	76.985	75.950	0.072	101.731	0.650	3	3	0.000	0.022	0.018	15,24,57		52,56		0.458	0.046	0.490	0.006	0.000	0.000	0.000
2025-11-16 19:01:29	77.986	70.867	0.063	110.934	1.000	3	3	0.000	0.007	0.022	12,22,52			12,19,30	0.421	0.011	0.568	0.000	0.000	0.000	0.000
2025-11-16 19:01:30	78.986	66.617	0.050	113.463	1.000	1	3	0.000	0.006	0.019	48			50,56	0.370	0.000	0.630	0.000	0.000	0.000	0.000
2025-11-16 19:01:31	79.986	63.650	0.051	97.881	0.583	0	1	0.000	0.014	0.027			25,27	51	0.306	0.025	0.668	0.000	0.000	0.000	0.000
2025-11-16 19:01:32	80.986	62.750	0.678	88.220	0.217	0	0	0.000	0.011	0.004					0.086	0.011	0.903	0.000	0.000	0.000	0.000
2025-11-16 19:01:33	81.986	67.333	1.000	70.193	0.000	0	0	0.000	0.000	0.000					0.000	0.000	1.000	0.000	0.000	0.000	0.000
2025-11-16 19:01:34	82.987	73.417	1.000	53.770	0.000	0	0	0.000	0.000	0.000					0.000	0.000	1.000	0.000	0.000	0.000	0.000
2025-11-16 19:01:35	83.987	78.150	1.000	46.955	0.000	0	0	0.000	0.000	0.000					0.000	0.000	1.000	0.000	0.000	0.000	0.000
2025-11-16 19:01:36	84.987	82.983	1.000	46.690	0.000	0	0	0.000	0.000	0.000					0.000	0.000	1.000	0.000	0.000	0.000	0.000
2025-11-16 19:01:37	85.987	86.550	1.000	45.947	0.000	0	0	0.000	0.000	0.000					0.000	0.000	1.000	0.000	0.000	0.000	0.000
2025-11-16 19:01:38	86.987	91.367	1.000	47.370	0.000	0	0	0.000	0.000	0.000					0.000	0.000	1.000	0.000	0.000	0.000	0.000
2025-11-16 19:01:39	87.988	93.800	1.000	46.471	0.000	0	0	0.000	0.000	0.000					0.000	0.000	1.000	0.000	0.000	0.000	0.000
2025-11-16 19:01:40	88.988	93.750	1.000	44.877	0.000	0	0	0.000	0.000	0.000					0.000	0.000	1.000	0.000	0.000	0.000	0.000
2025-11-16 19:01:41	89.988	93.567	1.000	47.934	0.000	0	0	0.000	0.000	0.000					0.000	0.000	1.000	0.000	0.000	0.000	0.000
2025-11-16 19:01:42	90.988	94.300	1.000	47.077	0.000	0	0	0.000	0.000	0.000					0.000	0.000	1.000	0.000	0.000	0.000	0.000
2025-11-16 19:01:43	91.989	95.234	1.000	55.162	0.000	0	0	0.000	0.000	0.000					0.000	0.000	1.000	0.000	0.000	0.000	0.000
2025-11-16 19:01:44	92.989	94.767	0.999	69.963	0.000	3	3	0.261	0.090	0.240	26,45,48	1,2,3,4,5,8,9,10,11,13,17,20,23,25,28,29,30,32,34,36,37,38,39,53,56,58,63,67,68,69,71,72,74,75,76,77,78,80	22,33,51,52,54,55,59,61,62,73,83,86,88	0,6,7,12,14,15,16,18,19,21,24,27,31,35,40,41,42,43,44,50,57,60,64,65,66,70,79,81,82,84,85,89,91,92,93	0.146	0.041	0.813	0.000	0.000	0.000	0.000
2025-11-16 19:01:45	93.989	95.117	0.662	75.338	0.000	2	3	0.327	0.042	0.253	45,88				0.272	0.056	0.671	0.000	0.000	0.000	0.000
2025-11-16 19:01:46	94.989	96.334	0.012	70.368	0.000	1	2	0.000	0.001	0.000	45		94		0.295	0.055	0.649	0.000	0.000	0.000	0.000
2025-11-16 19:01:47	95.989	98.017	0.023	67.018	0.000	1	2	0.000	0.001	0.009	45			84	0.290	0.061	0.649	0.000	0.000	0.000	0.000
2025-11-16 19:01:48	96.990	98.184	0.031	71.932	0.000	3	3	0.000	0.004	0.010	26,45,98		93	84	0.287	0.061	0.647	0.005	0.000	0.000	0.000
2025-11-16 19:01:49	97.990	98.000	0.043	74.618	0.050	2	3	0.000	0.005	0.010	91,94		93,96	81	0.286	0.054	0.650	0.010	0.000	0.000	0.000
2025-11-16 19:01:50	98.990	96.134	0.038	93.428	0.350	1	2	0.000	0.011	0.020	76		93	81,91	0.268	0.057	0.669	0.006	0.000	0.000	0.000
2025-11-16 19:01:51	99.990	96.583	0.046	96.048	0.450	1	1	0.000	0.013	0.027	46		22,92,94,97	43,62,78,80,90	0.250	0.072	0.663	0.015	0.000	0.000	0.000
2025-11-16 19:01:52	100.990	95.734	0.085	110.847	1.000	0	1	0.008	0.044	0.028		93	51,58,59,88,90,92	86	0.228	0.065	0.691	0.015	0.000	0.000	0.000
2025-11-16 19:01:53	101.991	94.050	0.053	107.946	1.000	0	0	0.009	0.027	0.011			32	83	0.194	0.058	0.743	0.005	0.000	0.000	0.000
2025-11-16 19:01:54	102.991	95.084	0.048	108.956	1.000	0	1	0.000	0.015	0.015			22,32	82,95	0.171	0.063	0.756	0.011	0.000	0.000	0.000
2025-11-16 19:01:55	103.991	95.150	0.051	113.581	1.000	1	1	0.000	0.012	0.021	73			79,87	0.156	0.056	0.772	0.016	0.000	0.000	0.000
2025-11-16 19:01:56	104.991	93.700	0.042	122.097	1.000	0	2	0.000	0.004	0.014			48	78	0.137	0.064	0.778	0.021	0.000	0.000	0.000
2025-11-16 19:01:57	105.992	97.650	0.056	133.582	1.000	1	1	0.004	0.005	0.030	86	95	59	72,75	0.170	0.056	0.764	0.010	0.000	0.000	0.000
2025-11-16 19:01:58	106.992	98.117	0.060	138.203	1.000	1	1	0.010	0.014	0.020	88		49,59	72,75	0.133	0.061	0.796	0.010	0.000	0.000	0.000
2025-11-16 19:01:59	107.992	98.550	0.052	104.414	1.000	0	1	0.000	0.013	0.021			58	71,74,94	0.142	0.057	0.801	0.000	0.000	0.000	0.000
2025-11-16 19:02:00	108.992	102.284	0.047	86.534	0.450	1	1	0.000	0.004	0.033	47			72,92,98	0.202	0.117	0.657	0.015	0.000	0.010	0.000
2025-11-16 19:02:01	109.992	102.467	0.044	70.882	0.000	2	2	0.000	0.002	0.022	47,97			72	0.209	0.112	0.664	0.005	0.000	0.010	0.000
2025-11-16 19:02:02	110.993	104.434	0.062	71.563	0.000	1	3	0.007	0.014	0.014	47	88	66,98	71,96,97	0.215	0.136	0.629	0.000	0.000	0.020	0.000
2025-11-16 19:02:03	111.993	102.667	0.064	72.681	0.000	1	2	0.015	0.009	0.018	47			70	0.196	0.155	0.610	0.000	0.000	0.039	0.000
2025-11-16 19:02:04	112.993	100.850	0.045	71.884	0.000	2	3	0.000	0.001	0.018	42,47		64	70	0.170	0.149	0.642	0.000	0.000	0.039	0.000
2025-11-16 19:02:05	113.993	100.867	0.039	77.902	0.000	1	2	0.000	0.009	0.010	46		99	68	0.169	0.136	0.660	0.005	0.000	0.030	0.000
2025-11-16 19:02:06	114.993	103.500	0.219	82.737	0.000	0	2	0.000	0.002	0.015					0.126	0.110	0.736	0.000	0.000	0.028	0.000
2025-11-16 19:02:07	115.994	108.017	1.000	80.006	0.000	0	0	0.000	0.000	0.000					0.000	0.000	1.000	0.000	0.000	0.000	0.000
2025-11-16 19:02:08	116.994	113.900	1.000	75.144	0.000	0	0	0.000	0.000	0.000					0.000	0.000	1.000	0.000	0.000	0.000	0.000
2025-11-16 19:02:09	117.994	117.167	1.000	69.972	0.000	0	0	0.000	0.000	0.000					0.000	0.000	1.000	0.000	0.000	0.000	0.000
2025-11-16 19:02:10	118.994	120.117	1.000	64.317	0.000	0	0	0.000	0.000	0.000					0.000	0.000	1.000	0.000	0.000	0.000	0.000
2025-11-16 19:02:11	119.994	121.867	1.000	61.382	0.000	0	0	0.000	0.000	0.000					0.000	0.000	1.000	0.000	0.000	0.000	0.000
2025-11-16 19:02:12	120.995	123.150	1.000	71.747	0.000	0	0	0.000	0.000	0.000					0.000	0.000	1.000	0.000	0.000	0.000	0.000
2025-11-16 19:02:13	121.995	122.917	1.000	84.795	0.000	0	0	0.000	0.000	0.000					0.000	0.000	1.000	0.000	0.000	0.000	0.000
2025-11-16 19:02:14	122.995	123.417	1.000	83.283	0.000	0	0	0.000	0.000	0.000					0.000	0.000	1.000	0.000	0.000	0.000	0.000
2025-11-16 19:02:15	123.995	123.884	1.000	86.608	0.000	0	0	0.000	0.000	0.000					0.000	0.000	1.000	0.000	0.000	0.000	0.000
2025-11-16 19:02:16	124.996	124.817	1.000	88.027	0.000	0	0	0.000	0.000	0.000					0.000	0.000	1.000	0.000	0.000	0.000	0.000
2025-11-16 19:02:17	125.996	124.650	1.000	99.654	0.767	0	0	0.000	0.000	0.000					0.000	0.000	1.000	0.000	0.000	0.000	0.000
wall_time	sim_time	unit_seconds	panic_ratio	avg_radius	exceed_ratio	tokkou_active	tokkou_peak	cling_ratio	kaiten_ratio	run_ratio	tokkou_units	cling_units	kaiten_units	run_units	assault_enemy	assault_base	flee	follow_commander	follow_ally	defend_base	wander
2025-11-16 19:30:11	0.983	1.100	0.000	12.950	0.000	0	0	0.000	0.000	0.000					0.894	0.000	0.106	0.000	0.000	0.000	0.000
2025-11-16 19:30:12	1.983	2.233	0.000	13.403	0.000	0	0	0.000	0.000	0.000					0.448	0.000	0.552	0.000	0.000	0.000	0.000
2025-11-16 19:30:13	2.983	3.367	0.000	24.780	0.000	0	0	0.000	0.000	0.000					0.297	0.000	0.594	0.109	0.000	0.000	0.000
2025-11-16 19:30:14	3.983	4.483	0.000	28.801	0.000	0	0	0.000	0.000	0.000					0.331	0.000	0.446	0.223	0.000	0.000	0.000
2025-11-16 19:30:15	4.983	5.600	0.000	29.315	0.000	0	0	0.000	0.000	0.000					0.464	0.000	0.357	0.179	0.000	0.000	0.000
2025-11-16 19:30:16	5.983	6.733	0.000	29.366	0.000	0	0	0.000	0.000	0.000					0.554	0.000	0.297	0.149	0.000	0.000	0.000
2025-11-16 19:30:17	6.983	7.850	0.000	31.034	0.000	0	0	0.000	0.000	0.000					0.618	0.000	0.255	0.127	0.000	0.000	0.000
2025-11-16 19:30:18	7.983	9.067	0.000	36.754	0.000	0	0	0.000	0.000	0.000					0.669	0.000	0.221	0.110	0.000	0.000	0.000
2025-11-16 19:30:19	8.983	10.217	0.000	44.775	0.000	0	0	0.000	0.000	0.000					0.706	0.000	0.196	0.098	0.000	0.000	0.000
2025-11-16 19:30:20	9.983	11.350	0.000	53.538	0.000	0	0	0.000	0.000	0.000					0.736	0.000	0.176	0.088	0.000	0.000	0.000
2025-11-16 19:30:21	10.983	12.467	0.000	60.563	0.000	0	0	0.000	0.000	0.000					0.722	0.037	0.160	0.080	0.000	0.000	0.000
2025-11-16 19:30:22	11.983	13.583	0.000	67.487	0.000	0	0	0.000	0.000	0.000					0.706	0.074	0.147	0.074	0.000	0.000	0.000
2025-11-16 19:30:23	12.983	14.717	0.000	74.098	0.000	0	0	0.000	0.000	0.000					0.680	0.068	0.136	0.117	0.000	0.000	0.000
2025-11-16 19:30:24	13.983	15.833	0.000	81.965	0.000	0	0	0.000	0.000	0.000					0.684	0.063	0.126	0.126	0.000	0.000	0.000
2025-11-16 19:30:25	14.983	17.033	0.000	88.413	0.000	0	0	0.000	0.000	0.000					0.646	0.114	0.122	0.117	0.000	0.000	0.000
2025-11-16 19:30:26	15.983	18.200	0.000	93.355	0.233	0	0	0.000	0.000	0.000					0.615	0.110	0.165	0.110	0.000	0.000	0.000
2025-11-16 19:30:27	16.983	19.333	0.000	99.978	1.000	0	0	0.000	0.000	0.000					0.638	0.103	0.155	0.103	0.000	0.000	0.000
2025-11-16 19:30:28	17.983	20.450	0.000	107.211	1.000	0	0	0.000	0.000	0.000					0.636	0.098	0.147	0.120	0.000	0.000	0.000
2025-11-16 19:30:29	18.983	21.567	0.000	111.573	1.000	0	0	0.000	0.000	0.000					0.629	0.093	0.139	0.139	0.000	0.000	0.000
2025-11-16 19:30:30	19.983	22.700	0.000	116.269	1.000	0	0	0.000	0.000	0.000					0.648	0.088	0.132	0.132	0.000	0.000	0.000
2025-11-16 19:30:31	20.983	23.817	0.000	120.080	1.000	0	0	0.000	0.000	0.000					0.664	0.084	0.126	0.126	0.000	0.000	0.000
2025-11-16 19:30:32	21.983	25.000	0.000	122.858	1.000	0	0	0.000	0.000	0.000					0.680	0.080	0.120	0.120	0.000	0.000	0.000
2025-11-16 19:30:33	22.983	26.183	0.000	126.405	1.000	0	0	0.000	0.000	0.000					0.694	0.076	0.115	0.115	0.000	0.000	0.000
2025-11-16 19:30:34	23.983	27.300	0.000	135.405	1.000	0	0	0.000	0.000	0.000					0.696	0.084	0.110	0.110	0.000	0.000	0.000
2025-11-16 19:30:35	24.983	28.433	0.000	142.753	1.000	0	0	0.000	0.000	0.000					0.668	0.106	0.121	0.106	0.000	0.000	0.000
2025-11-16 19:30:36	25.983	29.550	0.000	149.850	1.000	0	0	0.000	0.000	0.000					0.643	0.120	0.135	0.102	0.000	0.000	0.000
2025-11-16 19:30:37	26.983	30.683	0.000	163.676	1.000	0	0	0.000	0.000	0.000					0.641	0.130	0.130	0.098	0.000	0.000	0.000
2025-11-16 19:30:38	27.983	31.800	0.000	181.920	1.000	0	0	0.000	0.000	0.000					0.629	0.126	0.126	0.119	0.000	0.000	0.000
2025-11-16 19:30:39	28.983	32.967	0.000	194.857	1.000	0	0	0.000	0.000	0.000					0.634	0.123	0.121	0.121	0.000	0.000	0.000
2025-11-16 19:30:40	29.983	34.167	0.000	209.106	1.000	0	0	0.000	0.000	0.000					0.615	0.146	0.122	0.117	0.000	0.000	0.000
2025-11-16 19:30:41	30.983	35.283	0.000	214.786	1.000	0	0	0.000	0.000	0.000					0.595	0.150	0.142	0.113	0.000	0.000	0.000
2025-11-16 19:30:42	31.983	36.417	0.000	219.183	1.000	0	0	0.000	0.000	0.000					0.574	0.165	0.137	0.110	0.000	0.014	0.000
2025-11-16 19:30:43	32.983	37.533	0.000	187.538	1.000	0	0	0.000	0.000	0.000					0.546	0.160	0.133	0.121	0.000	0.040	0.000
2025-11-16 19:30:44	33.983	38.667	0.000	148.460	1.000	0	0	0.000	0.000	0.000					0.508	0.155	0.142	0.129	0.000	0.065	0.000
2025-11-16 19:30:45	34.983	39.783	0.006	113.776	1.000	0	0	0.000	0.000	0.000					0.509	0.150	0.132	0.126	0.000	0.083	0.000
2025-11-16 19:30:46	35.983	40.550	0.015	107.501	1.000	0	0	0.000	0.000	0.000					0.478	0.123	0.139	0.123	0.000	0.136	0.000
2025-11-16 19:30:47	36.983	41.150	0.032	109.117	1.000	0	0	0.000	0.009	0.023			12	6	0.465	0.134	0.146	0.109	0.000	0.146	0.000
2025-11-16 19:30:48	37.983	42.267	0.026	110.561	1.000	0	0	0.000	0.024	0.002			12		0.473	0.148	0.142	0.095	0.000	0.142	0.000
2025-11-16 19:30:49	38.983	43.400	0.033	114.018	1.000	0	0	0.000	0.033	0.000			3,12		0.470	0.151	0.149	0.091	0.000	0.138	0.000
2025-11-16 19:30:50	39.983	43.933	0.057	115.162	1.000	0	0	0.000	0.032	0.011			3	6	0.500	0.216	0.140	0.022	0.000	0.121	0.000
2025-11-16 19:30:51	40.983	45.167	0.058	111.563	1.000	0	0	0.000	0.013	0.022			6	5	0.487	0.224	0.188	0.000	0.000	0.100	0.000
2025-11-16 19:30:52	41.983	43.600	0.045	117.383	1.000	0	0	0.000	0.010	0.016			6		0.527	0.229	0.192	0.000	0.000	0.052	0.000
2025-11-16 19:30:53	42.983	41.933	0.007	125.721	1.000	0	0	0.000	0.007	0.000					0.533	0.238	0.201	0.000	0.000	0.027	0.000
2025-11-16 19:30:54	43.983	41.183	0.006	122.927	1.000	0	1	0.000	0.000	0.000					0.487	0.194	0.307	0.000	0.000	0.012	0.000
2025-11-16 19:30:55	44.983	41.850	0.008	117.055	1.000	0	0	0.000	0.000	0.008					0.474	0.190	0.335	0.000	0.000	0.000	0.000
2025-11-16 19:30:56	45.983	44.083	0.000	113.973	1.000	0	0	0.000	0.000	0.000					0.495	0.153	0.352	0.000	0.000	0.000	0.000
2025-11-16 19:30:57	46.983	48.750	0.000	113.670	1.000	0	0	0.000	0.000	0.000					0.521	0.151	0.328	0.000	0.000	0.000	0.000
2025-11-16 19:30:58	47.983	51.517	0.005	106.027	1.000	0	0	0.000	0.000	0.000					0.515	0.146	0.339	0.000	0.000	0.000	0.000
2025-11-16 19:30:59	48.983	51.950	0.010	99.192	0.650	0	1	0.000	0.008	0.000					0.498	0.148	0.354	0.000	0.000	0.000	0.000
2025-11-16 19:31:00	49.983	52.533	0.004	88.196	0.000	0	0	0.000	0.004	0.000					0.495	0.127	0.378	0.000	0.000	0.000	0.000
2025-11-16 19:31:01	50.983	52.383	0.006	79.353	0.000	0	1	0.000	0.000	0.000					0.473	0.086	0.439	0.000	0.000	0.002	0.000
2025-11-16 19:31:02	51.983	51.383	0.003	68.355	0.000	0	1	0.000	0.000	0.000					0.445	0.097	0.439	0.000	0.000	0.019	0.000
2025-11-16 19:31:03	52.983	53.300	0.005	63.435	0.000	0	0	0.000	0.005	0.000					0.453	0.078	0.451	0.000	0.000	0.018	0.000
2025-11-16 19:31:04	53.983	56.150	0.005	61.099	0.000	0	0	0.000	0.005	0.000					0.462	0.076	0.462	0.000	0.000	0.000	0.000
2025-11-16 19:31:05	54.983	57.283	0.001	54.817	0.000	0	0	0.000	0.001	0.000					0.467	0.122	0.385	0.000	0.000	0.026	0.000
2025-11-16 19:31:06	55.983	59.383	0.221	53.392	0.000	0	1	0.000	0.000	0.000					0.363	0.088	0.530	0.000	0.000	0.018	0.000
2025-11-16 19:31:07	56.983	59.967	1.000	54.232	0.000	0	0	0.000	0.000	0.000					0.000	0.000	1.000	0.000	0.000	0.000	0.000
2025-11-16 19:31:08	57.983	60.467	1.000	48.183	0.000	0	0	0.000	0.000	0.000					0.000	0.000	1.000	0.000	0.000	0.000	0.000
2025-11-16 19:31:09	58.983	61.450	1.000	48.154	0.000	0	0	0.000	0.000	0.000					0.000	0.000	1.000	0.000	0.000	0.000	0.000
2025-11-16 19:31:10	59.983	62.500	1.000	47.440	0.000	0	0	0.000	0.000	0.000					0.000	0.000	1.000	0.000	0.000	0.000	0.000
2025-11-16 19:31:11	60.983	64.283	1.000	47.670	0.000	0	0	0.000	0.000	0.000					0.000	0.000	1.000	0.000	0.000	0.000	0.000
2025-11-16 19:31:12	61.983	65.917	1.000	49.832	0.000	0	0	0.000	0.000	0.000					0.000	0.000	1.000	0.000	0.000	0.000	0.000
2025-11-16 19:31:13	62.983	68.450	1.000	47.260	0.000	0	0	0.000	0.000	0.000					0.000	0.000	1.000	0.000	0.000	0.000	0.000
2025-11-16 19:31:14	63.983	70.000	1.000	48.859	0.000	0	0	0.000	0.000	0.000					0.000	0.000	1.000	0.000	0.000	0.000	0.000
2025-11-16 19:31:15	64.983	70.617	1.000	44.581	0.000	0	0	0.000	0.000	0.000					0.000	0.000	1.000	0.000	0.000	0.000	0.000
2025-11-16 19:31:16	65.983	71.733	1.000	42.856	0.000	0	0	0.000	0.000	0.000					0.000	0.000	1.000	0.000	0.000	0.000	0.000
2025-11-16 19:31:17	66.983	72.583	1.000	44.522	0.000	0	0	0.000	0.000	0.000					0.000	0.000	1.000	0.000	0.000	0.000	0.000
2025-11-16 19:31:18	67.983	73.450	1.000	50.723	0.000	3	3	0.077	0.032	0.065	14,16,20	1,2,3,4,5,8,9,10,11,15,17,21,22,24,29,33,38,40,41,42,47,50,59,60,67,71	19,28,44,48,49,52,53,55,56,69,70	0,6,7,12,13,18,23,26,30,34,36,37,39,45,51,54,57,62,63,65,66,68	0.065	0.012	0.923	0.000	0.000	0.000	0.000
2025-11-16 19:31:19	68.984	74.300	0.893	54.495	0.000	0	3	0.350	0.108	0.269		1,2,3,4,5,8,9,10,11,15,17,21,22,24,29,33,38,40,41,42,47,50,59,60,67,71		0,6,7,26,34,37,51,62,65,66	0.327	0.054	0.619	0.000	0.000	0.000	0.000
2025-11-16 19:31:20	69.984	75.983	0.132	49.647	0.000	0	0	0.091	0.000	0.040					0.474	0.053	0.474	0.000	0.000	0.000	0.000
2025-11-16 19:31:21	70.984	77.550	0.000	47.376	0.000	0	0	0.000	0.000	0.000					0.491	0.072	0.411	0.027	0.000	0.000	0.000
2025-11-16 19:31:22	71.984	78.450	0.005	47.683	0.000	0	0	0.000	0.000	0.005					0.494	0.091	0.370	0.044	0.000	0.000	0.000
2025-11-16 19:31:23	72.984	78.800	0.000	50.062	0.000	0	0	0.000	0.000	0.000					0.476	0.082	0.423	0.019	0.000	0.000	0.000
2025-11-16 19:31:24	73.985	79.967	0.000	53.429	0.000	0	0	0.000	0.000	0.000					0.463	0.075	0.449	0.013	0.000	0.000	0.000
2025-11-16 19:31:25	74.985	81.167	0.000	50.798	0.000	0	0	0.000	0.000	0.000					0.470	0.062	0.456	0.012	0.000	0.000	0.000
2025-11-16 19:31:26	75.985	82.284	0.027	52.977	0.000	1	1	0.000	0.008	0.008	72		18	29	0.474	0.067	0.454	0.006	0.000	0.000	0.000
2025-11-16 19:31:27	76.985	83.967	0.031	59.285	0.000	0	1	0.000	0.012	0.010			18	12	0.461	0.066	0.473	0.000	0.000	0.000	0.000
2025-11-16 19:31:28	77.986	84.534	0.032	65.343	0.000	1	1	0.000	0.019	0.012	53		18,69	12	0.450	0.059	0.485	0.006	0.000	0.000	0.000
2025-11-16 19:31:29	78.986	84.850	0.057	67.279	0.000	0	1	0.000	0.038	0.017			18,43,51,68	12,17	0.446	0.071	0.477	0.006	0.000	0.000	0.000
2025-11-16 19:31:30	79.986	85.783	0.070	65.532	0.000	0	0	0.000	0.047	0.023			18,43,51,68	12,17	0.452	0.070	0.466	0.012	0.000	0.000	0.000
2025-11-16 19:31:31	80.986	86.934	0.069	64.897	0.000	0	0	0.000	0.046	0.023			18,43,51,68	12,17	0.455	0.085	0.449	0.011	0.000	0.000	0.000
2025-11-16 19:31:32	81.986	88.034	0.077	74.297	0.000	0	1	0.000	0.050	0.025			17,42,50,67	12,16,21	0.455	0.094	0.445	0.006	0.000	0.000	0.000
2025-11-16 19:31:33	82.987	85.683	0.087	78.544	0.000	0	1	0.000	0.032	0.040			40,48,78	12,16,67,71	0.432	0.082	0.480	0.006	0.000	0.000	0.000
2025-11-16 19:31:34	83.987	82.233	0.123	84.489	0.000	0	0	0.000	0.054	0.044			40,48,51,73,74,75	12,16,35,62	0.392	0.079	0.517	0.012	0.000	0.000	0.000
2025-11-16 19:31:35	84.987	76.684	0.149	91.170	0.183	1	2	0.000	0.057	0.043	39		38,46,67,68	12,15,33	0.348	0.070	0.576	0.007	0.000	0.000	0.000
2025-11-16 19:31:36	85.987	70.400	0.147	102.965	0.833	0	3	0.000	0.035	0.063			37,44	12,15,23,32,47	0.315	0.071	0.607	0.007	0.000	0.000	0.000
2025-11-16 19:31:37	86.987	67.650	0.148	103.425	0.950	1	2	0.000	0.044	0.057	61		21,32,38,55	12,15	0.260	0.066	0.659	0.015	0.000	0.000	0.000
2025-11-16 19:31:38	87.988	64.683	0.137	115.859	1.000	0	2	0.000	0.065	0.031			20,31,36	12,15,57	0.231	0.056	0.675	0.038	0.000	0.000	0.000
2025-11-16 19:31:39	88.988	64.833	0.123	117.174	1.000	3	3	0.000	0.042	0.039	56,57,64		29,60	12,15	0.217	0.069	0.691	0.023	0.000	0.000	0.000
2025-11-16 19:31:40	89.988	65.867	0.100	113.804	1.000	1	3	0.000	0.030	0.030	50		55	12,15	0.171	0.085	0.714	0.030	0.000	0.000	0.000
2025-11-16 19:31:41	90.988	69.300	0.061	104.602	1.000	0	1	0.000	0.016	0.029			54	12,15	0.144	0.087	0.734	0.036	0.000	0.000	0.000
2025-11-16 19:31:42	91.989	76.233	0.079	90.923	0.017	0	2	0.000	0.011	0.037			57	12,15	0.136	0.085	0.748	0.032	0.000	0.000	0.000
2025-11-16 19:31:43	92.989	77.067	0.067	88.358	0.000	0	1	0.008	0.014	0.028		66	33,68,73	12,15,72	0.106	0.077	0.810	0.006	0.000	0.000	0.000
2025-11-16 19:31:44	93.989	80.050	0.088	82.971	0.000	2	2	0.012	0.025	0.029	70,75	64		12,15,74	0.117	0.091	0.785	0.007	0.000	0.000	0.000
2025-11-16 19:31:45	94.989	79.283	0.079	69.942	0.000	0	2	0.018	0.007	0.038		64,72		12,15,71	0.102	0.094	0.734	0.069	0.000	0.000	0.000
2025-11-16 19:31:46	95.989	79.900	0.093	64.962	0.000	1	2	0.026	0.010	0.038	78	64,71,79	72	12,15,70	0.125	0.073	0.734	0.069	0.000	0.000	0.000
2025-11-16 19:31:47	96.990	82.550	0.111	59.367	0.000	1	1	0.035	0.010	0.046	67	64,71	77,81	12,15,70,73	0.123	0.065	0.757	0.055	0.000	0.000	0.000
2025-11-16 19:31:48	97.990	83.650	0.099	55.005	0.000	0	2	0.024	0.010	0.048		64,70	73	12,15,69,72	0.128	0.048	0.775	0.048	0.000	0.000	0.000
2025-11-16 19:31:49	98.990	88.683	0.095	60.807	0.000	2	2	0.026	0.005	0.048	77,88	64,70,85		12,15,69,72,82	0.123	0.051	0.782	0.045	0.000	0.000	0.000
2025-11-16 19:31:50	99.990	88.850	0.100	65.000	0.000	1	2	0.023	0.004	0.052	78	64,70	83	12,15,69,72,84	0.100	0.056	0.816	0.029	0.000	0.000	0.000
2025-11-16 19:31:51	100.990	91.200	0.108	64.035	0.000	1	1	0.030	0.003	0.059	83	64,70,85,86	84	12,15,69,72,82,92	0.091	0.050	0.821	0.038	0.000	0.000	0.000
2025-11-16 19:31:52	101.991	95.883	0.119	59.220	0.000	1	1	0.038	0.002	0.062	94	64,82,83		12,15,69,71,81	0.091	0.063	0.815	0.032	0.000	0.000	0.000
2025-11-16 19:31:53	102.991	99.467	0.116	60.841	0.000	0	1	0.030	0.008	0.058		64,82,83	86	12,15,69,71,81,87	0.120	0.051	0.778	0.051	0.000	0.000	0.000
2025-11-16 19:31:54	103.991	101.400	0.911	56.717	0.000	0	0	0.002	0.001	0.006					0.011	0.006	0.977	0.007	0.000	0.000	0.000
2025-11-16 19:31:55	104.991	106.000	1.000	62.943	0.000	0	0	0.000	0.000	0.000					0.000	0.000	1.000	0.000	0.000	0.000	0.000
2025-11-16 19:31:56	105.992	109.000	1.000	59.697	0.000	0	0	0.000	0.000	0.000					0.000	0.000	1.000	0.000	0.000	0.000	0.000
2025-11-16 19:31:57	106.992	111.500	1.000	56.330	0.000	0	0	0.000	0.000	0.000					0.000	0.000	1.000	0.000	0.000	0.000	0.000
2025-11-16 19:31:58	107.992	114.000	1.000	54.711	0.000	0	0	0.000	0.000	0.000					0.000	0.000	1.000	0.000	0.000	0.000	0.000
2025-11-16 19:31:59	108.992	116.867	1.000	57.860	0.000	0	0	0.000	0.000	0.000					0.000	0.000	1.000	0.000	0.000	0.000	0.000
2025-11-16 19:32:00	109.992	120.484	1.000	54.270	0.000	0	0	0.000	0.000	0.000					0.000	0.000	1.000	0.000	0.000	0.000	0.000
2025-11-16 19:32:01	110.993	121.334	1.000	55.530	0.000	0	0	0.000	0.000	0.000					0.000	0.000	1.000	0.000	0.000	0.000	0.000
2025-11-16 19:32:02	111.993	121.150	1.000	61.348	0.000	0	0	0.000	0.000	0.000					0.000	0.000	1.000	0.000	0.000	0.000	0.000
2025-11-16 19:32:03	112.993	121.100	1.000	76.938	0.000	0	0	0.000	0.000	0.000					0.000	0.000	1.000	0.000	0.000	0.000	0.000
2025-11-16 19:32:04	113.993	121.017	1.000	99.485	0.567	0	0	0.000	0.000	0.000					0.000	0.000	1.000	0.000	0.000	0.000	0.000
2025-11-16 19:32:05	114.993	120.300	1.000	130.931	1.000	0	0	0.000	0.000	0.000					0.000	0.000	1.000	0.000	0.000	0.000	0.000
2025-11-16 19:32:06	115.994	119.900	0.991	119.141	1.000	3	3	0.480	0.059	0.314	85,95,96	1,2,3,4,5,8,9,10,11,13,14,16,17,18,20,22,25,26,27,28,29,31,33,34,38,39,40,42,43,45,47,50,52,53,55,56,57,58,59,61,62,63,64,65,66,67,70,71,74,79,80,82,84,86,88,92,93,94,99,105,106,110,111,115	30,87,89,91,100,102,118	0,6,7,12,15,19,23,24,32,35,36,37,41,44,46,48,49,51,54,60,68,69,72,73,75,76,77,78,81,83,90,97,98,101,107,108,112,113,114,116,117	0.150	0.033	0.817	0.000	0.000	0.000	0.000
2025-11-16 19:32:07	116.994	121.684	0.554	116.137	1.000	2	3	0.320	0.017	0.197	85,122	59,63,79	87	12,15,68,69,78,81	0.178	0.033	0.789	0.000	0.000	0.000	0.000
2025-11-16 19:32:08	117.994	123.000	0.102	122.295	1.000	3	3	0.018	0.008	0.050	84,120,123	62,78	86	12,15,67,68,77,80	0.191	0.033	0.776	0.000	0.000	0.000	0.000
2025-11-16 19:32:09	118.994	123.867	0.102	127.175	1.000	2	3	0.016	0.009	0.048	84,121	62,78	86,124	12,15,67,68,77,80	0.193	0.032	0.775	0.000	0.000	0.000	0.000
2025-11-16 19:32:10	119.994	124.767	0.105	137.470	1.000	1	3	0.016	0.016	0.050	93	62,78	85,121	12,15,67,68,77,80	0.195	0.032	0.773	0.000	0.000	0.000	0.000
2025-11-16 19:32:11	120.995	123.017	0.098	201.537	1.000	0	2	0.016	0.018	0.049		62,78	85,115,119	12,15,67,68,77,80	0.179	0.033	0.789	0.000	0.000	0.000	0.000
2025-11-16 19:32:12	121.995	121.184	0.099	236.021	1.000	0	0	0.017	0.025	0.050		62,78	85,98	12,15,67,68,77,80	0.164	0.030	0.802	0.004	0.000	0.000	0.000
2025-11-16 19:32:13	122.995	120.400	0.087	254.423	1.000	0	1	0.017	0.012	0.050		62,78	85	12,15,67,68,77,80	0.147	0.025	0.824	0.004	0.000	0.000	0.000
2025-11-16 19:32:14	123.995	122.217	0.095	228.290	1.000	2	2	0.016	0.010	0.049	92,118	62,78	85,121	12,15,67,68,77,80	0.141	0.034	0.817	0.008	0.000	0.000	0.000
2025-11-16 19:32:15	124.996	122.084	0.098	205.624	1.000	0	2	0.016	0.015	0.057		62,78	85	12,15,67,68,77,80,105,121	0.124	0.048	0.816	0.012	0.000	0.000	0.000
2025-11-16 19:32:16	125.996	124.134	0.105	187.014	1.000	2	2	0.016	0.015	0.058	109,120	62,78	85	12,15,67,68,77,80,105	0.124	0.039	0.830	0.004	0.000	0.004	0.000
2025-11-16 19:32:17	126.996	126.234	0.092	181.693	1.000	0	2	0.016	0.008	0.055		62,78	85	12,15,67,68,77,80,105	0.133	0.032	0.836	0.000	0.000	0.000	0.000
2025-11-16 19:32:18	127.996	126.467	0.097	177.154	1.000	0	0	0.017	0.009	0.064		62,78,124	85	12,15,67,68,77,80,101,104	0.118	0.032	0.850	0.000	0.000	0.000	0.000
2025-11-16 19:32:19	128.996	126.500	0.092	152.215	1.000	0	2	0.019	0.001	0.059		62,78		12,15,67,68,77,80,102	0.111	0.034	0.851	0.000	0.000	0.004	0.000
2025-11-16 19:32:20	129.996	125.067	0.097	139.269	1.000	0	0	0.024	0.008	0.054		62,64,77,123	92	12,15,67,76,100,120	0.079	0.044	0.869	0.000	0.000	0.008	0.000
2025-11-16 19:32:21	130.995	127.817	0.111	135.168	1.000	0	0	0.034	0.023	0.047		11,62,64,77,122	85,92,120	12,15,67,76,99,119	0.081	0.047	0.852	0.000	0.000	0.020	0.000
2025-11-16 19:32:22	131.995	129.250	0.118	124.474	1.000	0	0	0.034	0.030	0.046		60,62,75,119	83,117	11,14,65,74,96,116	0.093	0.044	0.843	0.000	0.000	0.019	0.000
2025-11-16 19:32:23	132.995	130.367	0.101	120.672	1.000	0	0	0.031	0.015	0.046		60,62,75,119	83,117	11,14,65,74,96,116	0.096	0.040	0.840	0.000	0.000	0.023	0.000
2025-11-16 19:32:24	133.995	133.517	0.089	100.078	0.467	0	1	0.030	0.013	0.041		59,61,73,116	114,124	11,14,72,93,113	0.107	0.043	0.816	0.000	0.000	0.034	0.000
2025-11-16 19:32:25	134.994	132.734	0.082	98.863	0.900	0	1	0.034	0.009	0.039		3,59,61,73,116	114	11,14,72,93,113	0.113	0.031	0.821	0.000	0.000	0.034	0.000
2025-11-16 19:32:42	0.067	120.800	0.087	102.762	1.000	0	0	0.035	0.011	0.041					0.102	0.030	0.838	0.000	0.000	0.030	0.000
2025-11-16 19:32:43	1.067	1.200	0.000	12.289	0.000	0	0	0.000	0.000	0.000					0.833	0.000	0.167	0.000	0.000	0.000	0.000
2025-11-16 19:32:44	2.067	2.317	0.000	14.276	0.000	0	0	0.000	0.000	0.000					0.432	0.000	0.568	0.000	0.000	0.000	0.000
