wall_time	sim_time	avg_radius	avg_radius_ok	greater_96_ratio	tokkou_active	tokkou_cap	tokkou_ok	panic_ratio	cling_ratio	kaiten_ratio	run_ratio
2025-11-16 11:51:15	0.983	0.860	1	0.000	0	3	1	0.000	0.000	0.000	0.000
2025-11-16 11:51:16	1.983	8.411	1	0.000	0	3	1	0.000	0.000	0.000	0.000
2025-11-16 11:51:17	2.983	14.739	1	0.000	0	3	1	0.000	0.000	0.000	0.000
2025-11-16 11:51:18	3.983	18.769	1	0.000	0	3	1	0.000	0.000	0.000	0.000
2025-11-16 11:51:19	4.983	20.407	1	0.000	0	3	1	0.000	0.000	0.000	0.000
2025-11-16 11:51:20	5.983	24.099	1	0.000	0	3	1	0.000	0.000	0.000	0.000
2025-11-16 11:51:21	6.983	27.123	1	0.000	0	3	1	0.000	0.000	0.000	0.000
2025-11-16 11:51:22	7.983	32.982	1	0.000	0	3	1	0.000	0.000	0.000	0.000
2025-11-16 11:51:23	8.983	38.783	1	0.000	0	3	1	0.000	0.000	0.000	0.000
2025-11-16 11:51:24	9.983	46.141	1	0.000	0	3	1	0.000	0.000	0.000	0.000
2025-11-16 11:51:25	10.983	51.112	1	0.000	0	3	1	0.000	0.000	0.000	0.000
2025-11-16 11:51:26	11.983	55.536	1	0.000	0	3	1	0.000	0.000	0.000	0.000
2025-11-16 11:51:27	12.983	59.197	1	0.000	0	3	1	0.000	0.000	0.000	0.000
2025-11-16 11:51:28	13.983	62.633	1	0.000	0	3	1	0.000	0.000	0.000	0.000
2025-11-16 11:51:29	14.983	68.144	1	0.000	0	3	1	0.000	0.000	0.000	0.000
2025-11-16 11:51:30	15.983	72.227	1	0.000	0	3	1	0.000	0.000	0.000	0.000
2025-11-16 11:51:31	16.983	74.752	1	0.000	0	3	1	0.000	0.000	0.000	0.000
2025-11-16 11:51:32	17.983	78.970	1	0.000	0	3	1	0.000	0.000	0.000	0.000
2025-11-16 11:51:33	18.983	72.189	1	0.000	0	3	1	0.000	0.000	0.000	0.000
2025-11-16 11:51:34	19.983	77.193	1	0.000	0	3	1	0.000	0.000	0.000	0.000
2025-11-16 11:51:35	20.983	68.832	1	0.000	0	3	1	0.000	0.000	0.000	0.000
2025-11-16 11:51:36	21.983	63.670	1	0.000	0	3	1	0.000	0.000	0.000	0.000
2025-11-16 11:51:37	22.983	67.854	1	0.000	0	3	1	0.000	0.000	0.000	0.000
2025-11-16 11:51:38	23.983	65.655	1	0.000	0	3	1	0.000	0.000	0.000	0.000
2025-11-16 11:51:39	24.983	61.077	1	0.000	0	3	1	0.000	0.000	0.000	0.000
2025-11-16 11:51:40	25.983	57.643	1	0.000	0	3	1	0.000	0.000	0.000	0.000
2025-11-16 11:51:41	26.983	53.041	1	0.000	0	3	1	0.000	0.000	0.000	0.000
2025-11-16 11:51:42	27.983	48.511	1	0.000	0	3	1	0.000	0.000	0.000	0.000
2025-11-16 11:51:43	28.983	42.103	1	0.000	0	3	1	0.000	0.000	0.000	0.000
2025-11-16 11:51:44	29.983	40.375	1	0.000	0	3	1	0.000	0.000	0.000	0.000
2025-11-16 11:51:45	30.983	39.847	1	0.000	0	3	1	0.000	0.000	0.000	0.000
2025-11-16 11:51:46	31.983	42.370	1	0.000	0	3	1	0.000	0.000	0.000	0.000
2025-11-16 11:51:47	32.983	42.209	1	0.000	0	3	1	0.000	0.000	0.000	0.000
2025-11-16 11:51:48	33.983	42.973	1	0.000	0	3	1	0.000	0.000	0.000	0.000
2025-11-16 11:51:49	34.983	42.484	1	0.000	0	3	1	0.000	0.000	0.000	0.000
2025-11-16 11:51:50	35.983	37.493	1	0.000	0	3	1	0.000	0.000	0.000	0.000
2025-11-16 11:51:51	36.983	37.361	1	0.000	0	3	1	0.000	0.000	0.000	0.000
2025-11-16 11:51:52	37.983	37.900	1	0.000	0	3	1	0.000	0.000	0.000	0.000
2025-11-16 11:51:53	38.983	37.207	1	0.000	0	3	1	0.000	0.000	0.000	0.000
2025-11-16 11:51:54	39.983	40.754	1	0.000	0	3	1	0.000	0.000	0.000	0.000
2025-11-16 11:51:55	40.983	43.298	1	0.000	0	3	1	0.484	0.000	0.000	0.000
2025-11-16 11:51:56	41.983	35.519	1	0.000	0	3	1	1.000	0.000	0.000	0.000
2025-11-16 11:51:57	42.983	32.040	1	0.000	0	3	1	1.000	0.000	0.000	0.000
2025-11-16 11:51:58	43.983	29.122	1	0.000	0	3	1	1.000	0.000	0.000	0.000
2025-11-16 11:51:59	44.983	24.431	1	0.000	0	3	1	1.000	0.000	0.000	0.000
2025-11-16 11:52:00	45.983	22.516	1	0.000	0	3	1	1.000	0.000	0.000	0.000
2025-11-16 11:52:01	46.983	21.831	1	0.000	0	3	1	1.000	0.000	0.000	0.000
2025-11-16 11:52:02	47.983	22.496	1	0.000	0	3	1	1.000	0.000	0.000	0.000
2025-11-16 11:52:03	48.983	20.620	1	0.000	0	3	1	1.000	0.000	0.000	0.000
2025-11-16 11:52:04	49.983	20.427	1	0.000	0	3	1	1.000	0.000	0.000	0.000
2025-11-16 11:52:05	50.983	21.508	1	0.000	0	3	1	1.000	0.000	0.000	0.000
2025-11-16 11:52:06	51.983	20.307	1	0.000	0	3	1	1.000	0.000	0.000	0.000
2025-11-16 11:52:07	52.983	20.670	1	0.000	3	3	1	1.000	0.151	0.159	0.109
2025-11-16 11:52:08	53.983	26.748	1	0.000	0	3	1	0.690	0.290	0.158	0.163
2025-11-16 11:52:09	54.983	34.288	1	0.000	0	3	1	0.018	0.013	0.000	0.005
2025-11-16 11:52:10	55.983	41.423	1	0.000	0	3	1	0.000	0.000	0.000	0.000
2025-11-16 11:52:11	56.983	48.934	1	0.000	0	3	1	0.000	0.000	0.000	0.000
2025-11-16 11:52:12	57.983	51.262	1	0.000	0	3	1	0.000	0.000	0.000	0.000
2025-11-16 11:52:13	58.983	53.821	1	0.000	0	3	1	0.000	0.000	0.000	0.000
2025-11-16 11:52:14	59.983	57.313	1	0.000	0	3	1	0.000	0.000	0.000	0.000
2025-11-16 11:52:15	60.983	57.681	1	0.000	0	3	1	0.000	0.000	0.000	0.000
2025-11-16 11:52:16	61.983	65.493	1	0.000	0	3	1	0.000	0.000	0.000	0.000
2025-11-16 11:52:17	62.983	73.838	1	0.000	0	3	1	0.011	0.000	0.011	0.000
2025-11-16 11:52:18	63.983	76.956	1	0.000	0	3	1	0.030	0.000	0.030	0.000
2025-11-16 11:52:19	64.983	86.040	1	0.067	1	3	1	0.037	0.000	0.030	0.005
2025-11-16 11:52:20	65.983	97.305	0	0.767	0	3	1	0.068	0.000	0.046	0.014
2025-11-16 11:52:21	66.983	111.591	0	1.000	0	3	1	0.063	0.000	0.026	0.027
2025-11-16 11:52:22	67.983	109.224	0	1.000	0	3	1	0.072	0.000	0.036	0.017
2025-11-16 11:52:23	68.984	78.113	1	0.000	1	3	1	0.069	0.000	0.039	0.008
2025-11-16 11:52:24	69.984	66.939	1	0.000	1	3	1	0.057	0.000	0.020	0.008
2025-11-16 11:52:25	70.984	47.233	1	0.000	0	3	1	0.042	0.000	0.018	0.008
2025-11-16 11:52:26	71.984	44.621	1	0.000	0	3	1	0.023	0.000	0.007	0.016
2025-11-16 11:52:27	72.984	43.856	1	0.000	0	3	1	0.009	0.000	0.000	0.009
2025-11-16 11:52:28	73.985	44.750	1	0.000	0	3	1	0.000	0.000	0.000	0.000
2025-11-16 11:52:29	74.985	49.545	1	0.000	0	3	1	0.000	0.000	0.000	0.000
2025-11-16 11:52:30	75.985	55.634	1	0.000	1	3	1	0.004	0.000	0.000	0.000
2025-11-16 11:52:31	76.985	63.800	1	0.000	0	3	1	0.018	0.000	0.009	0.009
2025-11-16 11:52:32	77.986	78.704	1	0.000	0	3	1	0.045	0.000	0.032	0.005
2025-11-16 11:52:33	78.986	94.366	1	0.500	2	3	1	0.040	0.000	0.016	0.013
2025-11-16 11:52:34	79.986	101.827	0	0.733	2	3	1	0.061	0.000	0.021	0.011
2025-11-16 11:52:35	80.986	100.797	0	0.750	0	3	1	0.064	0.000	0.013	0.025
2025-11-16 11:52:36	81.986	84.055	1	0.150	0	3	1	0.049	0.000	0.000	0.032
2025-11-16 11:52:37	82.987	84.561	1	0.000	1	3	1	0.045	0.000	0.013	0.026
2025-11-16 11:52:38	83.987	73.699	1	0.000	0	3	1	0.052	0.000	0.023	0.016
2025-11-16 11:52:39	84.987	61.784	1	0.000	1	3	1	0.057	0.000	0.005	0.035
2025-11-16 11:52:40	85.987	68.552	1	0.000	1	3	1	0.051	0.000	0.011	0.027
2025-11-16 11:52:41	86.987	65.144	1	0.000	0	3	1	0.044	0.000	0.002	0.032
2025-11-16 11:52:42	87.988	60.927	1	0.000	0	3	1	0.050	0.000	0.003	0.036
2025-11-16 11:52:43	88.988	52.285	1	0.000	0	3	1	0.061	0.000	0.021	0.040
2025-11-16 11:52:44	89.988	49.072	1	0.000	0	3	1	0.057	0.000	0.030	0.026
2025-11-16 11:52:45	90.988	42.723	1	0.000	0	3	1	0.039	0.000	0.007	0.024
2025-11-16 11:52:46	91.989	40.192	1	0.000	1	3	1	0.032	0.000	0.006	0.020
2025-11-16 11:52:47	92.989	41.087	1	0.000	0	3	1	0.047	0.001	0.003	0.032
2025-11-16 11:52:48	93.989	40.937	1	0.000	1	3	1	0.041	0.007	0.004	0.029
2025-11-16 11:52:49	94.989	40.921	1	0.000	1	3	1	0.032	0.000	0.001	0.027
2025-11-16 11:52:50	95.989	38.322	1	0.000	0	3	1	0.025	0.008	0.004	0.011
2025-11-16 11:52:51	96.990	38.986	1	0.000	1	3	1	0.048	0.009	0.002	0.017
2025-11-16 11:52:52	97.990	38.472	1	0.000	0	3	1	0.025	0.000	0.002	0.017
2025-11-16 11:52:53	98.990	43.186	1	0.000	0	3	1	0.030	0.000	0.001	0.030
2025-11-16 11:52:54	99.990	44.513	1	0.000	0	3	1	0.045	0.000	0.001	0.044
2025-11-16 11:52:55	100.990	45.223	1	0.000	1	3	1	0.045	0.000	0.000	0.041
2025-11-16 11:52:56	101.991	42.943	1	0.000	0	3	1	0.041	0.000	0.000	0.040
2025-11-16 11:52:57	102.991	44.925	1	0.000	1	3	1	0.044	0.000	0.002	0.040
2025-11-16 11:52:58	103.991	39.697	1	0.000	0	3	1	0.044	0.000	0.006	0.038
2025-11-16 11:52:59	104.991	38.741	1	0.000	0	3	1	0.040	0.000	0.000	0.040
2025-11-16 11:53:00	105.992	40.750	1	0.000	0	3	1	0.052	0.000	0.000	0.052
2025-11-16 11:53:01	106.992	42.584	1	0.000	0	3	1	0.047	0.000	0.000	0.046
2025-11-16 11:53:02	107.992	43.241	1	0.000	0	3	1	0.046	0.000	0.000	0.045
2025-11-16 11:53:03	108.992	48.771	1	0.000	0	3	1	0.054	0.000	0.001	0.052
2025-11-16 11:53:04	109.992	49.324	1	0.000	0	3	1	0.055	0.000	0.002	0.052
2025-11-16 11:53:05	110.993	57.457	1	0.000	0	3	1	0.047	0.000	0.002	0.045
2025-11-16 11:53:06	111.993	63.054	1	0.000	0	3	1	0.053	0.000	0.000	0.044
2025-11-16 11:53:07	112.993	70.561	1	0.000	0	3	1	0.054	0.000	0.001	0.044
2025-11-16 11:53:08	113.993	80.824	1	0.000	0	3	1	0.530	0.000	0.000	0.021
wall_time	sim_time	avg_radius	avg_radius_ok	greater_96_ratio	tokkou_active	tokkou_cap	tokkou_ok	panic_ratio	cling_ratio	kaiten_ratio	run_ratio
2025-11-16 12:06:43	0.983	0.860	1	0.000	0	3	1	0.000	0.000	0.000	0.000
2025-11-16 12:06:44	1.983	7.414	1	0.000	0	3	1	0.000	0.000	0.000	0.000
2025-11-16 12:06:45	2.983	13.209	1	0.000	0	3	1	0.000	0.000	0.000	0.000
2025-11-16 12:06:46	3.983	17.584	1	0.000	0	3	1	0.000	0.000	0.000	0.000
2025-11-16 12:06:47	4.983	18.055	1	0.000	0	3	1	0.000	0.000	0.000	0.000
2025-11-16 12:06:48	5.983	20.301	1	0.000	0	3	1	0.000	0.000	0.000	0.000
2025-11-16 12:06:49	6.983	23.624	1	0.000	0	3	1	0.000	0.000	0.000	0.000
2025-11-16 12:06:50	7.983	28.040	1	0.000	0	3	1	0.000	0.000	0.000	0.000
2025-11-16 12:06:51	8.983	32.754	1	0.000	0	3	1	0.000	0.000	0.000	0.000
2025-11-16 12:06:52	9.983	38.866	1	0.000	0	3	1	0.000	0.000	0.000	0.000
2025-11-16 12:06:53	10.983	46.014	1	0.000	0	3	1	0.000	0.000	0.000	0.000
2025-11-16 12:06:54	11.983	51.346	1	0.000	0	3	1	0.000	0.000	0.000	0.000
2025-11-16 12:06:55	12.983	53.033	1	0.000	0	3	1	0.000	0.000	0.000	0.000
2025-11-16 12:06:56	13.983	55.244	1	0.000	0	3	1	0.000	0.000	0.000	0.000
2025-11-16 12:06:57	14.983	58.600	1	0.000	0	3	1	0.000	0.000	0.000	0.000
2025-11-16 12:06:58	15.983	62.620	1	0.000	0	3	1	0.000	0.000	0.000	0.000
2025-11-16 12:06:59	16.983	66.351	1	0.000	0	3	1	0.000	0.000	0.000	0.000
2025-11-16 12:07:00	17.983	68.191	1	0.000	0	3	1	0.000	0.000	0.000	0.000
2025-11-16 12:07:01	18.983	69.868	1	0.000	0	3	1	0.000	0.000	0.000	0.000
2025-11-16 12:07:02	19.983	66.605	1	0.000	0	3	1	0.000	0.000	0.000	0.000
2025-11-16 12:07:03	20.983	61.093	1	0.000	0	3	1	0.000	0.000	0.000	0.000
2025-11-16 12:07:04	21.983	64.348	1	0.000	0	3	1	0.000	0.000	0.000	0.000
2025-11-16 12:07:05	22.983	65.209	1	0.000	0	3	1	0.000	0.000	0.000	0.000
2025-11-16 12:07:06	23.983	63.704	1	0.000	0	3	1	0.000	0.000	0.000	0.000
2025-11-16 12:07:07	24.983	62.366	1	0.000	0	3	1	0.000	0.000	0.000	0.000
2025-11-16 12:07:08	25.983	58.805	1	0.000	0	3	1	0.000	0.000	0.000	0.000
2025-11-16 12:07:09	26.983	59.844	1	0.000	0	3	1	0.000	0.000	0.000	0.000
2025-11-16 12:07:10	27.983	59.678	1	0.000	0	3	1	0.000	0.000	0.000	0.000
2025-11-16 12:07:11	28.983	62.178	1	0.000	0	3	1	0.000	0.000	0.000	0.000
2025-11-16 12:07:12	29.983	62.426	1	0.000	0	3	1	0.000	0.000	0.000	0.000
2025-11-16 12:07:13	30.983	71.027	1	0.000	0	3	1	0.000	0.000	0.000	0.000
2025-11-16 12:07:14	31.983	78.720	1	0.000	0	3	1	0.000	0.000	0.000	0.000
2025-11-16 12:07:15	32.983	84.332	1	0.000	0	3	1	0.000	0.000	0.000	0.000
2025-11-16 12:07:16	33.983	90.969	1	0.117	0	3	1	0.000	0.000	0.000	0.000
2025-11-16 12:07:17	34.983	91.455	1	0.583	0	3	1	0.000	0.000	0.000	0.000
2025-11-16 12:07:18	35.983	75.787	1	0.000	0	3	1	0.000	0.000	0.000	0.000
2025-11-16 12:07:19	36.983	74.644	1	0.000	0	3	1	0.000	0.000	0.000	0.000
2025-11-16 12:07:20	37.983	73.052	1	0.000	0	3	1	0.000	0.000	0.000	0.000
2025-11-16 12:07:21	38.983	73.403	1	0.000	0	3	1	0.000	0.000	0.000	0.000
2025-11-16 12:07:22	39.983	74.117	1	0.000	0	3	1	0.000	0.000	0.000	0.000
2025-11-16 12:07:23	40.983	73.976	1	0.000	0	3	1	0.000	0.000	0.000	0.000
2025-11-16 12:07:24	41.983	73.220	1	0.000	0	3	1	0.000	0.000	0.000	0.000
2025-11-16 12:07:25	42.983	73.537	1	0.000	0	3	1	0.000	0.000	0.000	0.000
2025-11-16 12:07:26	43.983	73.369	1	0.000	0	3	1	0.000	0.000	0.000	0.000
2025-11-16 12:07:27	44.983	68.867	1	0.000	0	3	1	0.000	0.000	0.000	0.000
2025-11-16 12:07:28	45.983	63.257	1	0.000	0	3	1	0.000	0.000	0.000	0.000
2025-11-16 12:07:29	46.983	58.146	1	0.000	0	3	1	0.005	0.000	0.005	0.000
2025-11-16 12:07:30	47.983	55.451	1	0.000	0	3	1	0.030	0.000	0.030	0.000
2025-11-16 12:07:31	48.983	56.802	1	0.000	0	3	1	0.056	0.000	0.056	0.000
2025-11-16 12:07:32	49.983	54.946	1	0.000	1	3	1	0.076	0.000	0.074	0.000
2025-11-16 12:07:33	50.983	48.886	1	0.000	0	3	1	0.045	0.000	0.037	0.000
2025-11-16 12:07:34	51.983	47.513	1	0.000	0	3	1	0.000	0.000	0.000	0.000
2025-11-16 12:07:35	52.983	44.819	1	0.000	0	3	1	0.000	0.000	0.000	0.000
2025-11-16 12:07:36	53.983	47.416	1	0.000	0	3	1	0.000	0.000	0.000	0.000
2025-11-16 12:07:37	54.983	37.474	1	0.000	0	3	1	0.000	0.000	0.000	0.000
2025-11-16 12:07:38	55.983	35.045	1	0.000	0	3	1	0.000	0.000	0.000	0.000
2025-11-16 12:07:39	56.983	37.397	1	0.000	0	3	1	0.000	0.000	0.000	0.000
2025-11-16 12:07:40	57.983	32.664	1	0.000	0	3	1	0.000	0.000	0.000	0.000
2025-11-16 12:07:41	58.983	35.332	1	0.000	0	3	1	0.000	0.000	0.000	0.000
2025-11-16 12:07:42	59.983	35.281	1	0.000	0	3	1	0.000	0.000	0.000	0.000
2025-11-16 12:07:43	60.983	35.486	1	0.000	0	3	1	0.000	0.000	0.000	0.000
2025-11-16 12:07:44	61.983	40.110	1	0.000	0	3	1	0.000	0.000	0.000	0.000
2025-11-16 12:07:45	62.983	45.897	1	0.000	0	3	1	0.010	0.000	0.010	0.000
2025-11-16 12:07:46	63.983	48.504	1	0.000	0	3	1	0.004	0.000	0.004	0.000
2025-11-16 12:07:47	64.983	58.227	1	0.000	0	3	1	0.025	0.000	0.004	0.003
2025-11-16 12:07:48	65.983	67.751	1	0.000	0	3	1	0.039	0.000	0.010	0.014
2025-11-16 12:07:49	66.983	83.620	1	0.000	0	3	1	0.023	0.000	0.005	0.012
2025-11-16 12:07:50	67.983	95.652	1	0.583	0	3	1	0.043	0.000	0.008	0.021
2025-11-16 12:07:51	68.984	99.636	0	0.550	3	3	1	0.057	0.000	0.008	0.027
2025-11-16 12:07:52	69.984	82.790	1	0.500	1	3	1	0.075	0.000	0.007	0.030
2025-11-16 12:07:53	70.984	60.894	1	0.000	2	3	1	0.103	0.000	0.002	0.084
2025-11-16 12:07:54	71.984	55.046	1	0.000	0	3	1	0.043	0.000	0.006	0.032
2025-11-16 12:07:55	72.984	54.920	1	0.000	0	3	1	0.014	0.000	0.006	0.000
2025-11-16 12:07:56	73.985	53.036	1	0.000	0	3	1	0.008	0.000	0.008	0.000
2025-11-16 12:07:57	74.985	54.455	1	0.000	0	3	1	0.007	0.000	0.007	0.000
2025-11-16 12:07:58	75.985	52.692	1	0.000	0	3	1	0.003	0.000	0.003	0.000
2025-11-16 12:07:59	76.985	59.462	1	0.000	1	3	1	0.032	0.000	0.019	0.000
2025-11-16 12:08:00	77.986	74.135	1	0.000	1	3	1	0.045	0.000	0.019	0.000
2025-11-16 12:08:01	78.986	85.329	1	0.217	1	3	1	0.031	0.000	0.020	0.000
2025-11-16 12:08:02	79.986	110.094	0	1.000	3	3	1	0.059	0.000	0.033	0.000
2025-11-16 12:08:03	80.986	92.504	1	0.350	3	3	1	0.066	0.000	0.034	0.003
2025-11-16 12:08:04	81.986	78.937	1	0.000	1	3	1	0.058	0.000	0.036	0.013
2025-11-16 12:08:05	82.987	56.278	1	0.000	0	3	1	0.043	0.000	0.038	0.000
2025-11-16 12:08:06	83.987	46.751	1	0.000	0	3	1	0.023	0.000	0.023	0.000
2025-11-16 12:08:07	84.987	45.181	1	0.000	0	3	1	0.022	0.000	0.018	0.005
2025-11-16 12:08:08	85.987	42.216	1	0.000	0	3	1	0.022	0.000	0.018	0.000
2025-11-16 12:08:09	86.987	39.071	1	0.000	0	3	1	0.029	0.000	0.019	0.005
2025-11-16 12:08:10	87.988	33.377	1	0.000	0	3	1	0.027	0.000	0.010	0.011
2025-11-16 12:08:11	88.988	31.239	1	0.000	0	3	1	0.048	0.000	0.002	0.041
2025-11-16 12:08:12	89.988	30.273	1	0.000	0	3	1	0.050	0.010	0.003	0.037
2025-11-16 12:08:13	90.988	29.938	1	0.000	0	3	1	0.037	0.010	0.000	0.027
2025-11-16 12:08:14	91.989	29.166	1	0.000	0	3	1	0.061	0.017	0.002	0.039
2025-11-16 12:08:15	92.989	30.261	1	0.000	2	3	1	0.058	0.015	0.000	0.038
2025-11-16 12:08:16	93.989	35.819	1	0.000	0	3	1	0.047	0.001	0.000	0.036
2025-11-16 12:08:17	94.989	41.127	1	0.000	1	3	1	0.051	0.010	0.006	0.030
2025-11-16 12:08:18	95.989	43.518	1	0.000	0	3	1	0.075	0.027	0.004	0.034
2025-11-16 12:08:19	96.990	41.279	1	0.000	0	3	1	0.059	0.011	0.001	0.034
2025-11-16 12:08:20	97.990	39.791	1	0.000	0	3	1	0.067	0.011	0.000	0.046
2025-11-16 12:08:21	98.990	34.254	1	0.000	0	3	1	0.111	0.002	0.000	0.049
2025-11-16 12:08:22	99.990	32.461	1	0.000	0	3	1	1.000	0.000	0.000	0.000
2025-11-16 12:08:23	100.990	27.999	1	0.000	0	3	1	1.000	0.000	0.000	0.000
2025-11-16 12:08:24	101.991	25.806	1	0.000	0	3	1	1.000	0.000	0.000	0.000
2025-11-16 12:08:25	102.991	24.383	1	0.000	0	3	1	1.000	0.000	0.000	0.000
2025-11-16 12:08:26	103.991	24.018	1	0.000	0	3	1	1.000	0.000	0.000	0.000
2025-11-16 12:08:27	104.991	22.369	1	0.000	0	3	1	1.000	0.000	0.000	0.000
2025-11-16 12:08:28	105.992	25.698	1	0.000	0	3	1	1.000	0.000	0.000	0.000
2025-11-16 12:08:29	106.992	28.379	1	0.000	0	3	1	1.000	0.000	0.000	0.000
2025-11-16 12:08:30	107.992	27.822	1	0.000	0	3	1	1.000	0.000	0.000	0.000
2025-11-16 12:08:31	108.992	27.774	1	0.000	0	3	1	1.000	0.000	0.000	0.000
2025-11-16 12:08:32	109.992	29.793	1	0.000	0	3	1	1.000	0.000	0.000	0.000
2025-11-16 12:08:33	110.993	29.673	1	0.000	3	3	1	1.000	0.027	0.003	0.019
2025-11-16 12:08:34	111.993	35.090	1	0.000	1	3	1	0.986	0.533	0.047	0.366
2025-11-16 12:08:35	112.993	38.356	1	0.000	1	3	1	0.405	0.221	0.003	0.156
2025-11-16 12:08:36	113.993	41.662	1	0.000	1	3	1	0.066	0.000	0.000	0.041
2025-11-16 12:08:37	114.993	41.803	1	0.000	1	3	1	0.065	0.000	0.000	0.041
2025-11-16 12:08:38	115.994	41.045	1	0.000	0	3	1	0.736	0.000	0.000	0.011
2025-11-16 12:08:39	116.994	40.741	1	0.000	0	3	1	1.000	0.000	0.000	0.000
2025-11-16 12:08:40	117.994	39.042	1	0.000	0	3	1	1.000	0.000	0.000	0.000
2025-11-16 12:08:41	118.994	40.793	1	0.000	0	3	1	1.000	0.000	0.000	0.000
2025-11-16 12:08:42	119.994	44.293	1	0.000	0	3	1	1.000	0.000	0.000	0.000
2025-11-16 12:08:43	120.995	47.916	1	0.000	0	3	1	1.000	0.000	0.000	0.000
2025-11-16 12:08:44	121.995	55.615	1	0.000	0	3	1	1.000	0.000	0.000	0.000
2025-11-16 12:08:45	122.995	60.387	1	0.000	0	3	1	1.000	0.000	0.000	0.000
2025-11-16 12:08:46	123.995	67.178	1	0.000	0	3	1	1.000	0.000	0.000	0.000
2025-11-16 12:08:47	124.996	77.853	1	0.000	0	3	1	1.000	0.000	0.000	0.000
2025-11-16 12:08:48	125.996	77.533	1	0.000	0	3	1	1.000	0.000	0.000	0.000
2025-11-16 12:08:49	126.996	75.804	1	0.000	0	3	1	1.000	0.000	0.000	0.000
2025-11-16 12:08:50	127.996	76.991	1	0.000	3	3	1	1.000	0.376	0.053	0.256
2025-11-16 12:08:51	128.996	71.615	1	0.000	1	3	1	0.684	0.389	0.026	0.241
2025-11-16 12:08:52	129.996	63.425	1	0.000	1	3	1	0.059	0.000	0.000	0.037
2025-11-16 12:08:53	130.995	58.410	1	0.000	1	3	1	0.058	0.000	0.000	0.036
2025-11-16 12:08:54	131.995	54.102	1	0.000	1	3	1	0.058	0.000	0.000	0.036
2025-11-16 12:09:12	0.367	54.988	1	0.000	0	3	1	0.668	0.000	0.000	0.014
2025-11-16 12:09:13	1.367	3.781	1	0.000	0	3	1	0.000	0.000	0.000	0.000
wall_time	sim_time	avg_radius	avg_radius_ok	greater_96_ratio	tokkou_active	tokkou_cap	tokkou_ok	panic_ratio	cling_ratio	kaiten_ratio	run_ratio
2025-11-16 12:12:04	0.983	0.860	1	0.000	0	3	1	0.000	0.000	0.000	0.000
2025-11-16 12:12:05	1.983	7.414	1	0.000	0	3	1	0.000	0.000	0.000	0.000
2025-11-16 12:12:06	2.983	13.209	1	0.000	0	3	1	0.000	0.000	0.000	0.000
2025-11-16 12:12:07	3.983	17.584	1	0.000	0	3	1	0.000	0.000	0.000	0.000
2025-11-16 12:12:08	4.983	18.055	1	0.000	0	3	1	0.000	0.000	0.000	0.000
2025-11-16 12:12:09	5.983	20.301	1	0.000	0	3	1	0.000	0.000	0.000	0.000
2025-11-16 12:12:10	6.983	23.624	1	0.000	0	3	1	0.000	0.000	0.000	0.000
2025-11-16 12:12:11	7.983	28.040	1	0.000	0	3	1	0.000	0.000	0.000	0.000
2025-11-16 12:12:12	8.983	32.754	1	0.000	0	3	1	0.000	0.000	0.000	0.000
2025-11-16 12:12:13	9.983	38.866	1	0.000	0	3	1	0.000	0.000	0.000	0.000
2025-11-16 12:12:14	10.983	46.014	1	0.000	0	3	1	0.000	0.000	0.000	0.000
2025-11-16 12:12:15	11.983	51.346	1	0.000	0	3	1	0.000	0.000	0.000	0.000
2025-11-16 12:12:16	12.983	53.033	1	0.000	0	3	1	0.000	0.000	0.000	0.000
2025-11-16 12:12:17	13.983	55.244	1	0.000	0	3	1	0.000	0.000	0.000	0.000
2025-11-16 12:12:18	14.983	58.600	1	0.000	0	3	1	0.000	0.000	0.000	0.000
2025-11-16 12:12:19	15.983	62.620	1	0.000	0	3	1	0.000	0.000	0.000	0.000
2025-11-16 12:12:20	16.983	66.351	1	0.000	0	3	1	0.000	0.000	0.000	0.000
2025-11-16 12:12:21	17.983	68.191	1	0.000	0	3	1	0.000	0.000	0.000	0.000
2025-11-16 12:12:22	18.983	69.868	1	0.000	0	3	1	0.000	0.000	0.000	0.000
2025-11-16 12:12:23	19.983	66.605	1	0.000	0	3	1	0.000	0.000	0.000	0.000
2025-11-16 12:12:24	20.983	61.093	1	0.000	0	3	1	0.000	0.000	0.000	0.000
2025-11-16 12:12:25	21.983	64.348	1	0.000	0	3	1	0.000	0.000	0.000	0.000
2025-11-16 12:12:26	22.983	65.209	1	0.000	0	3	1	0.000	0.000	0.000	0.000
2025-11-16 12:12:27	23.983	63.704	1	0.000	0	3	1	0.000	0.000	0.000	0.000
2025-11-16 12:12:28	24.983	62.366	1	0.000	0	3	1	0.000	0.000	0.000	0.000
2025-11-16 12:12:29	25.983	58.805	1	0.000	0	3	1	0.000	0.000	0.000	0.000
2025-11-16 12:12:30	26.983	59.844	1	0.000	0	3	1	0.000	0.000	0.000	0.000
2025-11-16 12:12:31	27.983	59.678	1	0.000	0	3	1	0.000	0.000	0.000	0.000
2025-11-16 12:12:32	28.983	62.178	1	0.000	0	3	1	0.000	0.000	0.000	0.000
2025-11-16 12:12:33	29.983	62.426	1	0.000	0	3	1	0.000	0.000	0.000	0.000
2025-11-16 12:12:34	30.983	71.027	1	0.000	0	3	1	0.000	0.000	0.000	0.000
2025-11-16 12:12:35	31.983	78.720	1	0.000	0	3	1	0.000	0.000	0.000	0.000
2025-11-16 12:12:36	32.983	84.332	1	0.000	0	3	1	0.000	0.000	0.000	0.000
2025-11-16 12:12:37	33.983	90.969	1	0.117	0	3	1	0.000	0.000	0.000	0.000
2025-11-16 12:12:38	34.983	91.455	1	0.583	0	3	1	0.000	0.000	0.000	0.000
2025-11-16 12:12:39	35.983	75.787	1	0.000	0	3	1	0.000	0.000	0.000	0.000
2025-11-16 12:12:40	36.983	74.644	1	0.000	0	3	1	0.000	0.000	0.000	0.000
2025-11-16 12:12:41	37.983	73.052	1	0.000	0	3	1	0.000	0.000	0.000	0.000
2025-11-16 12:12:42	38.983	73.403	1	0.000	0	3	1	0.000	0.000	0.000	0.000
2025-11-16 12:12:43	39.983	74.117	1	0.000	0	3	1	0.000	0.000	0.000	0.000
2025-11-16 12:12:44	40.983	73.976	1	0.000	0	3	1	0.000	0.000	0.000	0.000
2025-11-16 12:12:45	41.983	73.220	1	0.000	0	3	1	0.000	0.000	0.000	0.000
2025-11-16 12:12:46	42.983	73.537	1	0.000	0	3	1	0.000	0.000	0.000	0.000
2025-11-16 12:12:47	43.983	73.369	1	0.000	0	3	1	0.000	0.000	0.000	0.000
2025-11-16 12:12:48	44.983	68.867	1	0.000	0	3	1	0.000	0.000	0.000	0.000
2025-11-16 12:12:49	45.983	63.257	1	0.000	0	3	1	0.000	0.000	0.000	0.000
2025-11-16 12:12:50	46.983	58.146	1	0.000	0	3	1	0.005	0.000	0.005	0.000
2025-11-16 12:12:51	47.983	55.451	1	0.000	0	3	1	0.030	0.000	0.030	0.000
2025-11-16 12:12:52	48.983	56.802	1	0.000	0	3	1	0.056	0.000	0.056	0.000
2025-11-16 12:12:53	49.983	54.946	1	0.000	1	3	1	0.076	0.000	0.074	0.000
2025-11-16 12:12:54	50.983	48.886	1	0.000	0	3	1	0.045	0.000	0.037	0.000
2025-11-16 12:12:55	51.983	44.660	1	0.000	0	3	1	0.768	0.000	0.000	0.000
2025-11-16 12:12:56	52.983	30.741	1	0.000	0	3	1	1.000	0.000	0.000	0.000
2025-11-16 12:12:57	53.983	23.462	1	0.000	0	3	1	1.000	0.000	0.000	0.000
2025-11-16 12:12:58	54.983	15.116	1	0.000	0	3	1	1.000	0.000	0.000	0.000
2025-11-16 12:12:59	55.983	9.619	1	0.000	0	3	1	1.000	0.000	0.000	0.000
2025-11-16 12:13:00	56.983	4.957	1	0.000	0	3	1	1.000	0.000	0.000	0.000
2025-11-16 12:13:01	57.983	5.391	1	0.000	0	3	1	1.000	0.000	0.000	0.000
2025-11-16 12:13:02	58.983	11.395	1	0.000	0	3	1	1.000	0.000	0.000	0.000
2025-11-16 12:13:03	59.983	14.347	1	0.000	0	3	1	1.000	0.000	0.000	0.000
2025-11-16 12:13:04	60.983	15.993	1	0.000	0	3	1	1.000	0.000	0.000	0.000
2025-11-16 12:13:05	61.983	16.444	1	0.000	0	3	1	1.000	0.000	0.000	0.000
2025-11-16 12:13:06	62.983	16.118	1	0.000	0	3	1	1.000	0.000	0.000	0.000
2025-11-16 12:13:07	63.983	16.474	1	0.000	3	3	1	0.999	0.263	0.109	0.273
2025-11-16 12:13:08	64.983	16.599	1	0.000	0	3	1	0.449	0.242	0.025	0.132
2025-11-16 12:13:09	65.983	17.036	1	0.000	0	3	1	0.000	0.000	0.000	0.000
2025-11-16 12:13:10	66.983	17.079	1	0.000	0	3	1	0.000	0.000	0.000	0.000
2025-11-16 12:13:11	67.983	17.658	1	0.000	0	3	1	0.000	0.000	0.000	0.000
2025-11-16 12:13:12	68.984	17.894	1	0.000	0	3	1	0.000	0.000	0.000	0.000
2025-11-16 12:13:13	69.984	19.200	1	0.000	0	3	1	0.000	0.000	0.000	0.000
2025-11-16 12:13:14	70.984	21.004	1	0.000	0	3	1	0.000	0.000	0.000	0.000
2025-11-16 12:13:15	71.984	28.446	1	0.000	0	3	1	0.000	0.000	0.000	0.000
2025-11-16 12:13:16	72.984	45.908	1	0.000	0	3	1	0.000	0.000	0.000	0.000
2025-11-16 12:13:17	73.985	74.523	1	0.000	0	3	1	0.000	0.000	0.000	0.000
2025-11-16 12:13:18	74.985	107.898	0	0.783	0	3	1	0.025	0.000	0.012	0.010
2025-11-16 12:13:19	75.985	131.581	0	1.000	1	3	1	0.043	0.000	0.001	0.027
2025-11-16 12:13:20	76.985	140.095	0	1.000	2	3	1	0.124	0.000	0.019	0.088
2025-11-16 12:13:21	77.986	107.922	0	0.533	0	3	1	0.176	0.000	0.024	0.116
2025-11-16 12:13:22	78.986	77.318	1	0.000	1	3	1	0.076	0.000	0.031	0.025
2025-11-16 12:13:23	79.986	52.903	1	0.000	0	3	1	0.062	0.000	0.009	0.029
2025-11-16 12:13:24	80.986	42.446	1	0.000	0	3	1	0.041	0.000	0.019	0.021
2025-11-16 12:13:25	81.986	64.340	1	0.000	0	3	1	0.036	0.000	0.018	0.018
2025-11-16 12:13:26	82.987	55.221	1	0.000	0	3	1	0.026	0.000	0.013	0.013
2025-11-16 12:13:27	83.987	44.846	1	0.000	0	3	1	0.163	0.000	0.028	0.010
2025-11-16 12:13:28	84.987	37.490	1	0.000	0	3	1	1.000	0.000	0.000	0.000
2025-11-16 12:13:29	85.987	35.185	1	0.000	0	3	1	1.000	0.000	0.000	0.000
2025-11-16 12:13:30	86.987	31.877	1	0.000	0	3	1	1.000	0.000	0.000	0.000
2025-11-16 12:13:31	87.988	28.340	1	0.000	0	3	1	1.000	0.000	0.000	0.000
2025-11-16 12:13:32	88.988	24.917	1	0.000	0	3	1	1.000	0.000	0.000	0.000
2025-11-16 12:13:33	89.988	24.474	1	0.000	0	3	1	1.000	0.000	0.000	0.000
2025-11-16 12:13:34	90.988	26.737	1	0.000	0	3	1	1.000	0.000	0.000	0.000
2025-11-16 12:13:35	91.989	25.827	1	0.000	0	3	1	1.000	0.000	0.000	0.000
2025-11-16 12:13:36	92.989	27.238	1	0.000	0	3	1	1.000	0.000	0.000	0.000
2025-11-16 12:13:37	93.989	26.003	1	0.000	0	3	1	1.000	0.000	0.000	0.000
2025-11-16 12:13:38	94.989	29.030	1	0.000	0	3	1	1.000	0.000	0.000	0.000
2025-11-16 12:13:39	95.989	29.007	1	0.000	3	3	1	1.000	0.052	0.018	0.032
2025-11-16 12:13:40	96.990	33.265	1	0.000	0	3	1	0.940	0.446	0.135	0.259
2025-11-16 12:13:41	97.990	35.343	1	0.000	0	3	1	0.234	0.154	0.003	0.076
2025-11-16 12:13:42	98.990	35.270	1	0.000	0	3	1	0.013	0.000	0.000	0.009
2025-11-16 12:13:43	99.990	35.579	1	0.000	0	3	1	0.020	0.000	0.001	0.009
2025-11-16 12:13:44	100.990	39.895	1	0.000	1	3	1	0.022	0.000	0.000	0.009
2025-11-16 12:13:45	101.991	42.452	1	0.000	0	3	1	0.021	0.000	0.001	0.009
2025-11-16 12:13:46	102.991	45.911	1	0.000	0	3	1	0.025	0.000	0.005	0.010
2025-11-16 12:13:47	103.991	46.340	1	0.000	0	3	1	0.029	0.000	0.010	0.010
2025-11-16 12:13:48	104.991	46.092	1	0.000	1	3	1	0.051	0.003	0.021	0.010
2025-11-16 12:13:49	105.992	50.979	1	0.000	1	3	1	0.059	0.005	0.016	0.010
2025-11-16 12:13:50	106.992	61.583	1	0.000	0	3	1	0.024	0.000	0.002	0.010
2025-11-16 12:13:51	107.992	76.950	1	0.000	0	3	1	0.024	0.000	0.001	0.010
2025-11-16 12:13:52	108.992	87.546	1	0.083	0	3	1	0.034	0.000	0.013	0.010
2025-11-16 12:13:53	109.992	92.898	1	0.150	0	3	1	0.037	0.000	0.012	0.010
2025-11-16 12:13:54	110.993	98.136	0	0.600	0	3	1	0.039	0.000	0.014	0.014
2025-11-16 12:13:55	111.993	111.355	0	1.000	0	3	1	0.042	0.000	0.010	0.021
2025-11-16 12:13:56	112.993	107.208	0	1.000	1	3	1	0.042	0.000	0.011	0.020
2025-11-16 12:13:57	113.993	112.719	0	1.000	1	3	1	0.044	0.000	0.013	0.019
2025-11-16 12:13:58	114.993	113.534	0	1.000	0	3	1	0.037	0.002	0.004	0.020
2025-11-16 12:13:59	115.994	115.029	0	1.000	1	3	1	0.054	0.001	0.001	0.037
2025-11-16 12:14:13	0.533	117.135	0	1.000	0	3	1	0.070	0.000	0.009	0.042
2025-11-16 12:14:14	1.533	4.884	1	0.000	0	3	1	0.000	0.000	0.000	0.000
2025-11-16 12:14:16	2.533	10.822	1	0.000	0	3	1	0.000	0.000	0.000	0.000
2025-11-16 12:14:16	3.533	16.670	1	0.000	0	3	1	0.000	0.000	0.000	0.000
2025-11-16 12:14:17	4.533	16.998	1	0.000	0	3	1	0.000	0.000	0.000	0.000
2025-11-16 12:14:18	5.533	19.565	1	0.000	0	3	1	0.000	0.000	0.000	0.000
2025-11-16 12:14:19	6.533	21.572	1	0.000	0	3	1	0.000	0.000	0.000	0.000
2025-11-16 12:14:20	7.533	26.725	1	0.000	0	3	1	0.000	0.000	0.000	0.000
2025-11-16 12:14:21	8.533	30.264	1	0.000	0	3	1	0.000	0.000	0.000	0.000
2025-11-16 12:14:22	9.533	36.318	1	0.000	0	3	1	0.000	0.000	0.000	0.000
2025-11-16 12:14:23	10.533	42.800	1	0.000	0	3	1	0.000	0.000	0.000	0.000
2025-11-16 12:14:24	11.533	50.737	1	0.000	0	3	1	0.000	0.000	0.000	0.000
2025-11-16 12:14:25	12.533	54.464	1	0.000	0	3	1	0.000	0.000	0.000	0.000
2025-11-16 12:14:26	13.533	56.966	1	0.000	0	3	1	0.000	0.000	0.000	0.000
2025-11-16 12:14:27	14.533	60.165	1	0.000	0	3	1	0.000	0.000	0.000	0.000
2025-11-16 12:14:28	15.533	64.738	1	0.000	0	3	1	0.000	0.000	0.000	0.000
2025-11-16 12:14:29	16.533	67.940	1	0.000	0	3	1	0.000	0.000	0.000	0.000
2025-11-16 12:14:30	17.533	69.645	1	0.000	0	3	1	0.000	0.000	0.000	0.000
2025-11-16 12:14:31	18.533	68.925	1	0.000	0	3	1	0.000	0.000	0.000	0.000
2025-11-16 12:14:32	19.533	64.194	1	0.000	0	3	1	0.000	0.000	0.000	0.000
2025-11-16 12:14:33	20.533	62.357	1	0.000	0	3	1	0.000	0.000	0.000	0.000
2025-11-16 12:14:34	21.533	61.082	1	0.000	0	3	1	0.000	0.000	0.000	0.000
2025-11-16 12:14:35	22.533	60.098	1	0.000	0	3	1	0.000	0.000	0.000	0.000
2025-11-16 12:14:36	23.533	61.614	1	0.000	0	3	1	0.000	0.000	0.000	0.000
2025-11-16 12:14:37	24.533	63.836	1	0.000	0	3	1	0.000	0.000	0.000	0.000
2025-11-16 12:14:38	25.533	66.115	1	0.000	0	3	1	0.000	0.000	0.000	0.000
2025-11-16 12:14:40	26.533	68.022	1	0.000	0	3	1	0.000	0.000	0.000	0.000
2025-11-16 12:14:40	27.533	68.692	1	0.000	0	3	1	0.000	0.000	0.000	0.000
2025-11-16 12:14:41	28.533	71.572	1	0.000	0	3	1	0.000	0.000	0.000	0.000
2025-11-16 12:14:42	29.533	75.709	1	0.000	0	3	1	0.000	0.000	0.000	0.000
2025-11-16 12:14:43	30.533	78.261	1	0.000	0	3	1	0.000	0.000	0.000	0.000
2025-11-16 12:14:44	31.533	82.777	1	0.000	0	3	1	0.000	0.000	0.000	0.000
2025-11-16 12:14:45	32.533	84.805	1	0.000	0	3	1	0.000	0.000	0.000	0.000
2025-11-16 12:14:46	33.533	81.561	1	0.000	0	3	1	0.000	0.000	0.000	0.000
2025-11-16 12:14:47	34.533	79.008	1	0.000	0	3	1	0.000	0.000	0.000	0.000
2025-11-16 12:14:48	35.533	79.150	1	0.000	0	3	1	0.000	0.000	0.000	0.000
2025-11-16 12:14:49	36.533	81.226	1	0.000	0	3	1	0.000	0.000	0.000	0.000
2025-11-16 12:14:50	37.533	80.895	1	0.000	0	3	1	0.000	0.000	0.000	0.000
2025-11-16 12:14:51	38.533	78.956	1	0.000	0	3	1	0.000	0.000	0.000	0.000
2025-11-16 12:14:52	39.533	78.495	1	0.000	0	3	1	0.000	0.000	0.000	0.000
2025-11-16 12:14:53	40.533	78.853	1	0.000	0	3	1	0.000	0.000	0.000	0.000
2025-11-16 12:14:54	41.533	79.908	1	0.000	0	3	1	0.000	0.000	0.000	0.000
2025-11-16 12:14:55	42.533	79.592	1	0.000	0	3	1	0.000	0.000	0.000	0.000
2025-11-16 12:14:56	43.533	79.216	1	0.000	0	3	1	0.000	0.000	0.000	0.000
2025-11-16 12:14:57	44.533	79.756	1	0.000	0	3	1	0.000	0.000	0.000	0.000
2025-11-16 12:14:58	45.533	76.627	1	0.000	0	3	1	0.000	0.000	0.000	0.000
2025-11-16 12:14:59	46.533	72.612	1	0.000	0	3	1	0.008	0.000	0.008	0.000
2025-11-16 12:15:00	47.533	66.878	1	0.000	0	3	1	0.027	0.000	0.027	0.000
2025-11-16 12:15:01	48.533	61.802	1	0.000	0	3	1	0.044	0.000	0.044	0.000
2025-11-16 12:15:02	49.533	50.651	1	0.000	1	3	1	0.064	0.000	0.063	0.000
2025-11-16 12:15:03	50.533	48.932	1	0.000	0	3	1	0.026	0.000	0.021	0.000
2025-11-16 12:15:04	51.533	52.931	1	0.000	0	3	1	0.000	0.000	0.000	0.000
2025-11-16 12:15:05	52.533	57.588	1	0.000	0	3	1	0.000	0.000	0.000	0.000
2025-11-16 12:15:06	53.533	57.744	1	0.000	0	3	1	0.000	0.000	0.000	0.000
2025-11-16 12:15:07	54.533	55.991	1	0.000	0	3	1	0.000	0.000	0.000	0.000
2025-11-16 12:15:08	55.533	54.784	1	0.000	0	3	1	0.000	0.000	0.000	0.000
2025-11-16 12:15:09	56.533	50.202	1	0.000	0	3	1	0.000	0.000	0.000	0.000
2025-11-16 12:15:10	57.533	50.538	1	0.000	0	3	1	0.000	0.000	0.000	0.000
2025-11-16 12:15:11	58.533	44.771	1	0.000	0	3	1	0.000	0.000	0.000	0.000
2025-11-16 12:15:12	59.533	42.470	1	0.000	0	3	1	0.000	0.000	0.000	0.000
2025-11-16 12:15:13	60.533	42.453	1	0.000	0	3	1	0.014	0.000	0.014	0.000
2025-11-16 12:15:14	61.533	48.493	1	0.000	0	3	1	0.025	0.000	0.025	0.000
2025-11-16 12:15:15	62.533	57.187	1	0.000	0	3	1	0.031	0.000	0.001	0.006
2025-11-16 12:15:16	63.533	61.530	1	0.000	0	3	1	0.037	0.000	0.009	0.012
2025-11-16 12:15:17	64.533	77.288	1	0.000	0	3	1	0.026	0.000	0.005	0.014
2025-11-16 12:15:18	65.533	98.768	0	0.567	0	3	1	0.027	0.000	0.011	0.011
2025-11-16 12:15:19	66.533	114.121	0	0.833	1	3	1	0.027	0.000	0.000	0.018
2025-11-16 12:15:20	67.533	74.727	1	0.000	1	3	1	0.047	0.000	0.005	0.034
2025-11-16 12:15:21	68.534	72.275	1	0.000	1	3	1	0.091	0.000	0.000	0.077
2025-11-16 12:15:22	69.534	48.065	1	0.000	0	3	1	0.050	0.000	0.012	0.021
2025-11-16 12:15:23	70.534	45.152	1	0.000	0	3	1	0.025	0.000	0.014	0.004
2025-11-16 12:15:24	71.534	46.793	1	0.000	0	3	1	0.004	0.000	0.004	0.000
2025-11-16 12:15:25	72.534	52.316	1	0.000	0	3	1	0.000	0.000	0.000	0.000
2025-11-16 12:15:26	73.535	46.753	1	0.000	0	3	1	0.000	0.000	0.000	0.000
2025-11-16 12:15:27	74.535	39.155	1	0.000	0	3	1	0.000	0.000	0.000	0.000
2025-11-16 12:15:28	75.535	46.601	1	0.000	1	3	1	0.007	0.000	0.000	0.000
2025-11-16 12:15:29	76.535	58.043	1	0.000	1	3	1	0.017	0.000	0.003	0.000
2025-11-16 12:15:30	77.535	82.141	1	0.000	1	3	1	0.018	0.000	0.012	0.000
2025-11-16 12:15:31	78.536	106.275	0	0.967	0	3	1	0.021	0.000	0.018	0.000
2025-11-16 12:15:32	79.536	114.192	0	1.000	0	3	1	0.037	0.000	0.025	0.010
2025-11-16 12:15:33	80.536	103.456	0	0.967	2	3	1	0.046	0.000	0.021	0.019
2025-11-16 12:15:34	81.536	88.404	1	0.100	0	3	1	0.057	0.000	0.001	0.037
2025-11-16 12:15:35	82.536	81.326	1	0.000	0	3	1	0.082	0.000	0.028	0.044
2025-11-16 12:15:36	83.537	76.311	1	0.000	0	3	1	0.056	0.000	0.008	0.048
2025-11-16 12:15:37	84.537	72.431	1	0.000	1	3	1	0.059	0.000	0.002	0.054
2025-11-16 12:15:38	85.537	68.275	1	0.000	1	3	1	0.067	0.000	0.000	0.050
2025-11-16 12:15:39	86.537	60.804	1	0.000	0	3	1	0.072	0.000	0.003	0.048
2025-11-16 12:15:40	87.538	50.761	1	0.000	0	3	1	0.072	0.000	0.009	0.048
2025-11-16 12:15:41	88.538	40.496	1	0.000	0	3	1	0.087	0.000	0.016	0.059
2025-11-16 12:15:42	89.538	36.162	1	0.000	1	3	1	0.089	0.000	0.011	0.055
2025-11-16 12:15:43	90.538	31.942	1	0.000	0	3	1	0.085	0.000	0.014	0.057
2025-11-16 12:15:44	91.538	30.191	1	0.000	0	3	1	0.074	0.000	0.003	0.059
2025-11-16 12:15:45	92.539	30.185	1	0.000	0	3	1	0.065	0.000	0.005	0.048
2025-11-16 12:15:46	93.539	35.975	1	0.000	1	3	1	0.077	0.000	0.011	0.046
2025-11-16 12:15:47	94.539	38.986	1	0.000	0	3	1	0.076	0.004	0.010	0.045
2025-11-16 12:15:48	95.539	42.281	1	0.000	0	3	1	0.089	0.008	0.016	0.049
2025-11-16 12:15:49	96.539	41.237	1	0.000	1	3	1	0.083	0.000	0.011	0.051
2025-11-16 12:15:50	97.540	38.782	1	0.000	0	3	1	0.174	0.000	0.000	0.042
2025-11-16 12:15:51	98.540	47.863	1	0.000	0	3	1	1.000	0.000	0.000	0.000
2025-11-16 12:15:52	99.540	49.239	1	0.000	0	3	1	1.000	0.000	0.000	0.000
2025-11-16 12:15:53	100.540	44.333	1	0.000	0	3	1	1.000	0.000	0.000	0.000
2025-11-16 12:15:54	101.541	40.017	1	0.000	0	3	1	1.000	0.000	0.000	0.000
2025-11-16 12:15:55	102.541	42.768	1	0.000	0	3	1	1.000	0.000	0.000	0.000
2025-11-16 12:15:56	103.541	43.125	1	0.000	0	3	1	1.000	0.000	0.000	0.000
2025-11-16 12:15:57	104.541	49.306	1	0.000	0	3	1	1.000	0.000	0.000	0.000
2025-11-16 12:15:58	105.541	48.281	1	0.000	0	3	1	1.000	0.000	0.000	0.000
2025-11-16 12:15:59	106.542	51.656	1	0.000	0	3	1	1.000	0.000	0.000	0.000
2025-11-16 12:16:00	107.542	56.635	1	0.000	0	3	1	1.000	0.000	0.000	0.000
2025-11-16 12:16:01	108.542	53.995	1	0.000	0	3	1	1.000	0.000	0.000	0.000
2025-11-16 12:16:02	109.542	59.084	1	0.000	3	3	1	1.000	0.062	0.007	0.040
2025-11-16 12:16:03	110.542	57.121	1	0.000	0	3	1	0.963	0.531	0.053	0.332
2025-11-16 12:16:04	111.543	49.060	1	0.000	0	3	1	0.345	0.204	0.002	0.132
2025-11-16 12:16:05	112.543	42.477	1	0.000	0	3	1	0.041	0.000	0.000	0.033
2025-11-16 12:16:06	113.543	43.778	1	0.000	0	3	1	0.042	0.000	0.001	0.033
2025-11-16 12:16:07	114.543	44.485	1	0.000	0	3	1	0.042	0.000	0.001	0.033
2025-11-16 12:16:08	115.544	46.960	1	0.000	0	3	1	0.440	0.000	0.001	0.019
2025-11-16 12:16:09	116.544	45.405	1	0.000	0	3	1	1.000	0.000	0.000	0.000
wall_time	sim_time	avg_radius	avg_radius_ok	greater_96_ratio	tokkou_active	tokkou_cap	tokkou_ok	panic_ratio	cling_ratio	kaiten_ratio	run_ratio
2025-11-16 12:18:38	0.983	0.404	1	0.000	0	3	1	0.000	0.000	0.000	0.000
2025-11-16 12:18:39	1.983	0.860	1	0.000	0	3	1	0.000	0.000	0.000	0.000
2025-11-16 12:18:40	2.983	9.931	1	0.000	0	3	1	0.000	0.000	0.000	0.000
2025-11-16 12:18:41	3.983	14.865	1	0.000	0	3	1	0.000	0.000	0.000	0.000
2025-11-16 12:18:42	4.983	16.070	1	0.000	0	3	1	0.000	0.000	0.000	0.000
2025-11-16 12:18:43	5.983	20.081	1	0.000	0	3	1	0.000	0.000	0.000	0.000
2025-11-16 12:18:44	6.983	21.866	1	0.000	0	3	1	0.000	0.000	0.000	0.000
2025-11-16 12:18:45	7.983	25.333	1	0.000	0	3	1	0.000	0.000	0.000	0.000
2025-11-16 12:18:46	8.983	28.003	1	0.000	0	3	1	0.000	0.000	0.000	0.000
2025-11-16 12:18:47	9.983	30.758	1	0.000	0	3	1	0.000	0.000	0.000	0.000
2025-11-16 12:18:48	10.983	35.071	1	0.000	0	3	1	0.000	0.000	0.000	0.000
2025-11-16 12:18:49	11.983	38.622	1	0.000	0	3	1	0.000	0.000	0.000	0.000
2025-11-16 12:18:50	12.983	43.345	1	0.000	0	3	1	0.000	0.000	0.000	0.000
2025-11-16 12:18:51	13.983	47.431	1	0.000	0	3	1	0.000	0.000	0.000	0.000
2025-11-16 12:18:52	14.983	55.842	1	0.000	0	3	1	0.000	0.000	0.000	0.000
2025-11-16 12:18:53	15.983	71.256	1	0.000	0	3	1	0.000	0.000	0.000	0.000
2025-11-16 12:18:54	16.983	76.067	1	0.000	0	3	1	0.000	0.000	0.000	0.000
2025-11-16 12:18:55	17.983	70.618	1	0.000	0	3	1	0.000	0.000	0.000	0.000
2025-11-16 12:18:56	18.983	63.140	1	0.000	0	3	1	0.000	0.000	0.000	0.000
2025-11-16 12:18:57	19.983	62.785	1	0.000	0	3	1	0.000	0.000	0.000	0.000
2025-11-16 12:18:58	20.983	59.337	1	0.000	0	3	1	0.000	0.000	0.000	0.000
2025-11-16 12:18:59	21.983	62.416	1	0.000	0	3	1	0.000	0.000	0.000	0.000
2025-11-16 12:19:00	22.983	67.292	1	0.000	0	3	1	0.000	0.000	0.000	0.000
2025-11-16 12:19:01	23.983	73.447	1	0.000	0	3	1	0.000	0.000	0.000	0.000
2025-11-16 12:19:02	24.983	78.639	1	0.000	0	3	1	0.000	0.000	0.000	0.000
2025-11-16 12:19:03	25.983	86.306	1	0.000	0	3	1	0.000	0.000	0.000	0.000
2025-11-16 12:19:04	26.983	89.694	1	0.000	0	3	1	0.000	0.000	0.000	0.000
2025-11-16 12:19:05	27.983	87.496	1	0.000	0	3	1	0.000	0.000	0.000	0.000
2025-11-16 12:19:06	28.983	78.489	1	0.000	0	3	1	0.000	0.000	0.000	0.000
2025-11-16 12:19:07	29.983	74.399	1	0.000	0	3	1	0.000	0.000	0.000	0.000
2025-11-16 12:19:08	30.983	74.669	1	0.000	0	3	1	0.000	0.000	0.000	0.000
2025-11-16 12:19:09	31.983	60.905	1	0.000	0	3	1	0.000	0.000	0.000	0.000
2025-11-16 12:19:10	32.983	67.750	1	0.167	0	3	1	0.000	0.000	0.000	0.000
2025-11-16 12:19:11	33.983	88.318	1	0.050	0	3	1	0.000	0.000	0.000	0.000
2025-11-16 12:19:12	34.983	97.600	0	0.667	0	3	1	0.000	0.000	0.000	0.000
2025-11-16 12:19:13	35.983	98.394	0	0.400	0	3	1	0.000	0.000	0.000	0.000
2025-11-16 12:19:14	36.983	88.526	1	0.267	0	3	1	0.000	0.000	0.000	0.000
2025-11-16 12:19:15	37.983	77.807	1	0.133	0	3	1	0.000	0.000	0.000	0.000
2025-11-16 12:19:16	38.983	77.530	1	0.167	0	3	1	0.000	0.000	0.000	0.000
2025-11-16 12:19:17	39.983	90.078	1	0.300	0	3	1	0.000	0.000	0.000	0.000
2025-11-16 12:19:18	40.983	83.520	1	0.283	0	3	1	0.000	0.000	0.000	0.000
2025-11-16 12:19:19	41.983	201.958	0	1.000	0	3	1	0.000	0.000	0.000	0.000
2025-11-16 12:19:20	42.983	211.730	0	1.000	0	3	1	0.000	0.000	0.000	0.000
2025-11-16 12:19:21	43.983	222.220	0	1.000	0	3	1	0.000	0.000	0.000	0.000
2025-11-16 12:19:22	44.983	240.453	0	1.000	0	3	1	0.000	0.000	0.000	0.000
2025-11-16 12:19:23	45.983	242.156	0	1.000	0	3	1	0.000	0.000	0.000	0.000
2025-11-16 12:19:24	46.983	247.060	0	1.000	0	3	1	0.487	0.000	0.000	0.000
2025-11-16 12:19:25	47.983	241.972	0	1.000	0	3	1	1.000	0.000	0.000	0.000
2025-11-16 12:19:26	48.983	230.068	0	1.000	0	3	1	1.000	0.000	0.000	0.000
2025-11-16 12:19:27	49.983	217.584	0	1.000	0	3	1	1.000	0.000	0.000	0.000
2025-11-16 12:19:28	50.983	200.418	0	1.000	0	3	1	1.000	0.000	0.000	0.000
2025-11-16 12:19:29	51.983	151.123	0	1.000	0	3	1	1.000	0.000	0.000	0.000
2025-11-16 12:19:30	52.983	152.354	0	1.000	0	3	1	1.000	0.000	0.000	0.000
2025-11-16 12:19:31	53.983	160.148	0	1.000	0	3	1	1.000	0.000	0.000	0.000
2025-11-16 12:19:32	54.983	156.081	0	1.000	0	3	1	1.000	0.000	0.000	0.000
2025-11-16 12:19:33	55.983	146.793	0	1.000	0	3	1	1.000	0.000	0.000	0.000
2025-11-16 12:19:34	56.983	140.207	0	1.000	0	3	1	1.000	0.000	0.000	0.000
2025-11-16 12:19:35	57.983	135.057	0	1.000	0	3	1	1.000	0.000	0.000	0.000
2025-11-16 12:19:36	58.983	129.566	0	1.000	3	3	1	1.000	0.140	0.133	0.133
2025-11-16 12:19:37	59.983	120.859	0	1.000	0	3	1	0.661	0.273	0.122	0.180
2025-11-16 12:19:38	60.983	116.381	0	1.000	0	3	1	0.019	0.016	0.000	0.003
2025-11-16 12:19:39	61.983	112.498	0	1.000	0	3	1	0.000	0.000	0.000	0.000
2025-11-16 12:19:40	62.983	108.003	0	1.000	0	3	1	0.017	0.000	0.017	0.000
2025-11-16 12:19:41	63.983	104.018	0	1.000	0	3	1	0.078	0.000	0.073	0.005
2025-11-16 12:19:42	64.983	100.088	0	1.000	0	3	1	0.120	0.000	0.097	0.014
2025-11-16 12:19:43	65.983	88.987	1	0.400	3	3	1	0.148	0.000	0.071	0.039
2025-11-16 12:19:44	66.983	37.120	1	0.000	0	3	1	0.093	0.000	0.029	0.025
2025-11-16 12:19:45	67.983	25.441	1	0.000	0	3	1	0.030	0.000	0.020	0.010
2025-11-16 12:19:46	68.984	25.208	1	0.000	0	3	1	0.024	0.000	0.019	0.005
2025-11-16 12:19:47	69.984	18.447	1	0.000	0	3	1	0.024	0.000	0.018	0.006
2025-11-16 12:19:49	70.984	15.572	1	0.000	0	3	1	0.021	0.000	0.015	0.006
2025-11-16 12:19:49	71.984	17.310	1	0.000	0	3	1	0.019	0.000	0.013	0.006
2025-11-16 12:19:50	72.984	17.792	1	0.000	0	3	1	0.019	0.000	0.013	0.006
2025-11-16 12:19:51	73.985	19.173	1	0.000	0	3	1	0.018	0.000	0.013	0.005
2025-11-16 12:19:52	74.985	20.093	1	0.000	0	3	1	0.017	0.000	0.013	0.005
2025-11-16 12:19:53	75.985	19.968	1	0.000	1	3	1	0.023	0.000	0.012	0.004
2025-11-16 12:19:54	76.985	19.196	1	0.000	1	3	1	0.044	0.000	0.020	0.012
2025-11-16 12:19:55	77.986	25.483	1	0.000	0	3	1	0.044	0.000	0.023	0.016
2025-11-16 12:19:56	78.986	35.173	1	0.000	1	3	1	0.062	0.000	0.020	0.030
2025-11-16 12:19:57	79.986	39.715	1	0.000	1	3	1	0.077	0.000	0.035	0.026
2025-11-16 12:19:58	80.986	41.927	1	0.000	2	3	1	0.062	0.000	0.044	0.014
2025-11-16 12:19:59	81.986	45.568	1	0.000	1	3	1	0.061	0.000	0.015	0.015
2025-11-16 12:20:00	82.987	47.124	1	0.000	0	3	1	0.052	0.000	0.025	0.014
2025-11-16 12:20:01	83.987	45.937	1	0.000	0	3	1	0.034	0.000	0.020	0.014
2025-11-16 12:20:02	84.987	42.549	1	0.000	1	3	1	0.028	0.000	0.015	0.013
2025-11-16 12:20:03	85.987	37.658	1	0.000	3	3	1	0.071	0.000	0.012	0.037
2025-11-16 12:20:04	86.987	32.753	1	0.000	2	3	1	0.116	0.000	0.021	0.066
2025-11-16 12:20:05	87.988	27.904	1	0.000	1	3	1	0.109	0.000	0.026	0.065
2025-11-16 12:20:06	88.988	26.578	1	0.000	2	3	1	0.119	0.000	0.018	0.070
2025-11-16 12:20:07	89.988	22.006	1	0.000	2	3	1	0.130	0.000	0.013	0.084
2025-11-16 12:20:08	90.988	16.318	1	0.000	0	3	1	0.110	0.000	0.000	0.105
2025-11-16 12:20:09	91.989	23.449	1	0.000	0	3	1	0.096	0.000	0.005	0.090
2025-11-16 12:20:10	92.989	24.379	1	0.000	0	3	1	0.099	0.000	0.010	0.089
2025-11-16 12:20:11	93.989	21.056	1	0.000	0	3	1	0.118	0.000	0.002	0.104
2025-11-16 12:20:12	94.989	15.683	1	0.000	0	3	1	0.119	0.006	0.001	0.109
2025-11-16 12:20:13	95.989	12.805	1	0.000	0	3	1	0.119	0.000	0.000	0.108
2025-11-16 12:20:14	96.990	8.529	1	0.000	0	3	1	0.120	0.000	0.003	0.107
2025-11-16 12:20:15	97.990	7.053	1	0.000	0	3	1	0.117	0.000	0.001	0.104
2025-11-16 12:20:16	98.990	10.731	1	0.000	0	3	1	0.109	0.000	0.000	0.099
wall_time	sim_time	avg_radius	avg_radius_ok	greater_96_ratio	tokkou_active	tokkou_cap	tokkou_ok	panic_ratio	cling_ratio	kaiten_ratio	run_ratio
2025-11-16 13:32:03	0.983	0.860	1	0.000	0	3	1	0.000	0.000	0.000	0.000
2025-11-16 13:32:04	1.983	8.809	1	0.000	0	3	1	0.000	0.000	0.000	0.000
2025-11-16 13:32:05	2.983	15.641	1	0.000	0	3	1	0.000	0.000	0.000	0.000
2025-11-16 13:32:06	3.983	20.737	1	0.000	0	3	1	0.000	0.000	0.000	0.000
2025-11-16 13:32:07	4.983	23.429	1	0.000	0	3	1	0.000	0.000	0.000	0.000
2025-11-16 13:32:08	5.983	22.995	1	0.000	0	3	1	0.000	0.000	0.000	0.000
2025-11-16 13:32:09	6.983	27.750	1	0.000	0	3	1	0.000	0.000	0.000	0.000
2025-11-16 13:32:10	7.983	35.712	1	0.000	0	3	1	0.000	0.000	0.000	0.000
2025-11-16 13:32:11	8.983	40.537	1	0.000	0	3	1	0.000	0.000	0.000	0.000
2025-11-16 13:32:12	9.983	45.369	1	0.000	0	3	1	0.000	0.000	0.000	0.000
2025-11-16 13:32:13	10.983	49.203	1	0.000	0	3	1	0.000	0.000	0.000	0.000
2025-11-16 13:32:14	11.983	57.333	1	0.000	0	3	1	0.000	0.000	0.000	0.000
2025-11-16 13:32:15	12.983	62.028	1	0.000	0	3	1	0.000	0.000	0.000	0.000
2025-11-16 13:32:16	13.983	65.577	1	0.000	0	3	1	0.000	0.000	0.000	0.000
2025-11-16 13:32:17	14.983	68.366	1	0.000	0	3	1	0.000	0.000	0.000	0.000
2025-11-16 13:32:18	15.983	74.484	1	0.000	0	3	1	0.000	0.000	0.000	0.000
2025-11-16 13:32:19	16.983	81.872	1	0.000	0	3	1	0.000	0.000	0.000	0.000
2025-11-16 13:32:20	17.983	89.910	1	0.000	0	3	1	0.000	0.000	0.000	0.000
2025-11-16 13:32:21	18.983	91.290	1	0.000	0	3	1	0.000	0.000	0.000	0.000
2025-11-16 13:32:22	19.983	91.727	1	0.100	0	3	1	0.000	0.000	0.000	0.000
2025-11-16 13:32:23	20.983	85.438	1	0.000	0	3	1	0.000	0.000	0.000	0.000
2025-11-16 13:32:24	21.983	82.961	1	0.000	0	3	1	0.000	0.000	0.000	0.000
2025-11-16 13:32:25	22.983	79.892	1	0.000	0	3	1	0.000	0.000	0.000	0.000
2025-11-16 13:32:26	23.983	73.783	1	0.000	0	3	1	0.000	0.000	0.000	0.000
2025-11-16 13:32:27	24.983	68.743	1	0.000	0	3	1	0.000	0.000	0.000	0.000
2025-11-16 13:32:28	25.983	75.085	1	0.000	0	3	1	0.000	0.000	0.000	0.000
2025-11-16 13:32:29	26.983	74.030	1	0.000	0	3	1	0.000	0.000	0.000	0.000
2025-11-16 13:32:30	27.983	76.630	1	0.000	0	3	1	0.000	0.000	0.000	0.000
2025-11-16 13:32:31	28.983	74.755	1	0.000	0	3	1	0.000	0.000	0.000	0.000
2025-11-16 13:32:32	29.983	87.811	1	0.000	0	3	1	0.000	0.000	0.000	0.000
2025-11-16 13:32:33	30.983	75.220	1	0.000	0	3	1	0.000	0.000	0.000	0.000
2025-11-16 13:32:34	31.983	77.415	1	0.000	0	3	1	0.000	0.000	0.000	0.000
2025-11-16 13:32:35	32.983	78.084	1	0.000	0	3	1	0.000	0.000	0.000	0.000
2025-11-16 13:32:36	33.983	77.131	1	0.000	0	3	1	0.000	0.000	0.000	0.000
2025-11-16 13:32:37	34.983	80.817	1	0.000	0	3	1	0.000	0.000	0.000	0.000
2025-11-16 13:32:38	35.983	87.226	1	0.000	0	3	1	0.000	0.000	0.000	0.000
2025-11-16 13:32:39	36.983	91.981	1	0.000	0	3	1	0.000	0.000	0.000	0.000
2025-11-16 13:32:40	37.983	94.328	1	0.000	0	3	1	0.000	0.000	0.000	0.000
2025-11-16 13:32:41	38.983	98.042	0	0.917	0	3	1	0.000	0.000	0.000	0.000
2025-11-16 13:32:42	39.983	102.258	0	1.000	0	3	1	0.351	0.000	0.000	0.000
2025-11-16 13:32:43	40.983	89.118	1	0.150	0	3	1	1.000	0.000	0.000	0.000
2025-11-16 13:32:44	41.983	68.892	1	0.000	0	3	1	1.000	0.000	0.000	0.000
2025-11-16 13:32:45	42.983	53.177	1	0.000	0	3	1	1.000	0.000	0.000	0.000
2025-11-16 13:32:46	43.983	45.328	1	0.000	0	3	1	1.000	0.000	0.000	0.000
2025-11-16 13:32:47	44.983	40.510	1	0.000	0	3	1	1.000	0.000	0.000	0.000
2025-11-16 13:32:48	45.983	37.611	1	0.000	0	3	1	1.000	0.000	0.000	0.000
2025-11-16 13:32:49	46.983	34.210	1	0.000	0	3	1	1.000	0.000	0.000	0.000
2025-11-16 13:32:50	47.983	31.664	1	0.000	0	3	1	1.000	0.000	0.000	0.000
2025-11-16 13:32:51	48.983	31.829	1	0.000	0	3	1	1.000	0.000	0.000	0.000
2025-11-16 13:32:52	49.983	31.020	1	0.000	0	3	1	1.000	0.000	0.000	0.000
2025-11-16 13:32:53	50.983	30.211	1	0.000	0	3	1	1.000	0.000	0.000	0.000
2025-11-16 13:32:54	51.983	29.448	1	0.000	3	3	1	0.997	0.090	0.123	0.084
2025-11-16 13:32:55	52.983	34.663	1	0.000	0	3	1	0.759	0.253	0.203	0.200
2025-11-16 13:32:56	53.983	40.411	1	0.000	0	3	1	0.044	0.033	0.000	0.011
2025-11-16 13:32:57	54.983	44.598	1	0.000	0	3	1	0.000	0.000	0.000	0.000
2025-11-16 13:32:58	55.983	48.293	1	0.000	0	3	1	0.000	0.000	0.000	0.000
2025-11-16 13:32:59	56.983	48.822	1	0.000	0	3	1	0.000	0.000	0.000	0.000
2025-11-16 13:33:00	57.983	52.581	1	0.000	0	3	1	0.000	0.000	0.000	0.000
2025-11-16 13:33:01	58.983	53.247	1	0.000	0	3	1	0.000	0.000	0.000	0.000
2025-11-16 13:33:02	59.983	51.550	1	0.000	0	3	1	0.010	0.000	0.010	0.000
2025-11-16 13:33:03	60.983	57.438	1	0.000	0	3	1	0.016	0.000	0.016	0.000
2025-11-16 13:33:04	61.983	62.841	1	0.000	0	3	1	0.014	0.000	0.014	0.000
2025-11-16 13:33:05	62.983	69.374	1	0.000	0	3	1	0.025	0.000	0.025	0.000
2025-11-16 13:33:06	63.983	83.557	1	0.000	1	3	1	0.035	0.000	0.033	0.000
2025-11-16 13:33:07	64.983	99.217	0	0.700	0	3	1	0.061	0.000	0.055	0.000
2025-11-16 13:33:08	65.983	115.506	0	1.000	0	3	1	0.056	0.000	0.040	0.000
2025-11-16 13:33:09	66.983	99.015	0	0.467	0	3	1	0.070	0.000	0.024	0.030
2025-11-16 13:33:10	67.983	85.223	1	0.267	0	3	1	0.069	0.000	0.031	0.030
2025-11-16 13:33:11	68.984	69.165	1	0.000	1	3	1	0.053	0.000	0.030	0.007
2025-11-16 13:33:12	69.984	53.669	1	0.000	0	3	1	0.075	0.000	0.025	0.030
2025-11-16 13:33:13	70.984	46.625	1	0.000	0	3	1	0.048	0.000	0.013	0.017
2025-11-16 13:33:14	71.984	46.253	1	0.000	0	3	1	0.044	0.000	0.000	0.016
2025-11-16 13:33:15	72.984	47.312	1	0.000	0	3	1	0.033	0.000	0.003	0.015
2025-11-16 13:33:16	73.985	47.623	1	0.000	0	3	1	0.035	0.000	0.007	0.014
2025-11-16 13:33:17	74.985	50.172	1	0.000	0	3	1	0.027	0.000	0.000	0.013
2025-11-16 13:33:18	75.985	58.971	1	0.000	0	3	1	0.028	0.000	0.002	0.013
2025-11-16 13:33:19	76.985	64.415	1	0.000	0	3	1	0.714	0.000	0.000	0.006
2025-11-16 13:33:20	77.986	59.156	1	0.000	0	3	1	1.000	0.000	0.000	0.000
2025-11-16 13:33:21	78.986	48.772	1	0.000	0	3	1	1.000	0.000	0.000	0.000
2025-11-16 13:33:22	79.986	46.400	1	0.000	0	3	1	1.000	0.000	0.000	0.000
2025-11-16 13:33:23	80.986	42.178	1	0.000	0	3	1	1.000	0.000	0.000	0.000
2025-11-16 13:33:24	81.986	41.313	1	0.000	0	3	1	1.000	0.000	0.000	0.000
2025-11-16 13:33:25	82.987	40.140	1	0.000	0	3	1	1.000	0.000	0.000	0.000
2025-11-16 13:33:26	83.987	40.817	1	0.000	0	3	1	1.000	0.000	0.000	0.000
2025-11-16 13:33:27	84.987	35.911	1	0.000	0	3	1	1.000	0.000	0.000	0.000
2025-11-16 13:33:28	85.987	35.311	1	0.000	0	3	1	1.000	0.000	0.000	0.000
2025-11-16 13:33:29	86.987	32.732	1	0.000	0	3	1	1.000	0.000	0.000	0.000
2025-11-16 13:33:30	87.988	37.836	1	0.000	0	3	1	1.000	0.000	0.000	0.000
2025-11-16 13:33:31	88.988	37.494	1	0.000	3	3	1	1.000	0.267	0.130	0.229
2025-11-16 13:33:32	89.988	39.872	1	0.000	0	3	1	0.571	0.295	0.054	0.192
2025-11-16 13:33:33	90.988	40.313	1	0.000	0	3	1	0.023	0.000	0.000	0.011
2025-11-16 13:33:34	91.989	44.965	1	0.000	1	3	1	0.026	0.000	0.001	0.011
2025-11-16 13:33:35	92.989	46.833	1	0.000	0	3	1	0.027	0.000	0.003	0.011
2025-11-16 13:33:36	93.989	50.149	1	0.000	0	3	1	0.037	0.000	0.013	0.011
2025-11-16 13:33:37	94.989	53.320	1	0.000	0	3	1	0.035	0.000	0.005	0.012
2025-11-16 13:33:38	95.989	58.887	1	0.000	1	3	1	0.069	0.000	0.027	0.027
2025-11-16 13:33:39	96.990	67.585	1	0.000	3	3	1	0.068	0.000	0.008	0.035
2025-11-16 13:33:40	97.990	72.684	1	0.000	2	3	1	0.081	0.000	0.016	0.044
2025-11-16 13:33:41	98.990	80.736	1	0.000	1	3	1	0.091	0.005	0.016	0.041
2025-11-16 13:33:42	99.990	85.340	1	0.000	2	3	1	0.077	0.008	0.014	0.036
2025-11-16 13:33:43	100.990	88.896	1	0.000	0	3	1	0.109	0.006	0.031	0.051
2025-11-16 13:33:44	101.991	70.958	1	0.000	0	3	1	0.119	0.010	0.048	0.044
2025-11-16 13:33:45	102.991	69.842	1	0.000	1	3	1	0.126	0.004	0.047	0.061
2025-11-16 13:33:46	103.991	66.142	1	0.000	1	3	1	0.153	0.012	0.045	0.073
2025-11-16 13:33:47	104.991	67.884	1	0.000	2	3	1	0.121	0.007	0.011	0.069
2025-11-16 13:33:48	105.992	76.680	1	0.000	1	3	1	0.132	0.009	0.010	0.076
2025-11-16 13:33:49	106.992	84.267	1	0.000	2	3	1	0.144	0.023	0.000	0.092
2025-11-16 13:33:50	107.992	89.224	1	0.000	1	3	1	0.157	0.022	0.010	0.098
2025-11-16 13:33:51	108.992	84.581	1	0.000	0	3	1	0.143	0.021	0.013	0.089
2025-11-16 13:33:52	109.992	84.982	1	0.000	0	3	1	0.120	0.007	0.013	0.081
2025-11-16 13:33:53	110.993	95.603	1	0.450	0	3	1	0.115	0.000	0.012	0.077
2025-11-16 13:33:54	111.993	102.713	0	1.000	1	3	1	0.118	0.000	0.009	0.085
2025-11-16 13:34:13	0.633	110.115	0	1.000	0	3	1	0.111	0.000	0.009	0.082
wall_time	sim_time	avg_radius	avg_radius_ok	greater_96_ratio	tokkou_active	tokkou_cap	tokkou_ok	panic_ratio	cling_ratio	kaiten_ratio	run_ratio
2025-11-16 16:30:02	0.983	0.860	1	0.000	0	3	1	0.000	0.000	0.000	0.000
2025-11-16 16:30:03	1.983	8.809	1	0.000	0	3	1	0.000	0.000	0.000	0.000
2025-11-16 16:30:04	2.983	15.641	1	0.000	0	3	1	0.000	0.000	0.000	0.000
2025-11-16 16:30:05	3.983	23.220	1	0.000	0	3	1	0.000	0.000	0.000	0.000
2025-11-16 16:30:06	4.983	25.423	1	0.000	0	3	1	0.000	0.000	0.000	0.000
2025-11-16 16:30:07	5.983	27.449	1	0.000	0	3	1	0.000	0.000	0.000	0.000
2025-11-16 16:30:08	6.983	31.402	1	0.000	0	3	1	0.000	0.000	0.000	0.000
2025-11-16 16:30:09	7.983	34.236	1	0.000	0	3	1	0.000	0.000	0.000	0.000
2025-11-16 16:30:10	8.983	41.302	1	0.000	0	3	1	0.000	0.000	0.000	0.000
2025-11-16 16:30:11	9.983	48.405	1	0.000	0	3	1	0.000	0.000	0.000	0.000
2025-11-16 16:30:12	10.983	52.088	1	0.000	0	3	1	0.000	0.000	0.000	0.000
2025-11-16 16:30:13	11.983	55.335	1	0.000	0	3	1	0.000	0.000	0.000	0.000
2025-11-16 16:30:14	12.983	60.706	1	0.000	0	3	1	0.000	0.000	0.000	0.000
2025-11-16 16:30:15	13.983	64.552	1	0.000	0	3	1	0.000	0.000	0.000	0.000
2025-11-16 16:30:16	14.983	69.604	1	0.000	0	3	1	0.000	0.000	0.000	0.000
2025-11-16 16:30:17	15.983	78.316	1	0.000	0	3	1	0.000	0.000	0.000	0.000
2025-11-16 16:30:18	16.983	89.119	1	0.000	0	3	1	0.000	0.000	0.000	0.000
2025-11-16 16:30:19	17.983	97.131	0	0.717	0	3	1	0.000	0.000	0.000	0.000
2025-11-16 16:30:20	18.983	104.236	0	1.000	0	3	1	0.000	0.000	0.000	0.000
2025-11-16 16:30:21	19.983	90.295	1	0.100	0	3	1	0.000	0.000	0.000	0.000
2025-11-16 16:30:22	20.983	80.899	1	0.000	0	3	1	0.000	0.000	0.000	0.000
2025-11-16 16:30:23	21.983	75.242	1	0.000	0	3	1	0.000	0.000	0.000	0.000
2025-11-16 16:30:24	22.983	77.789	1	0.000	0	3	1	0.000	0.000	0.000	0.000
2025-11-16 16:30:25	23.983	79.374	1	0.000	0	3	1	0.000	0.000	0.000	0.000
2025-11-16 16:30:26	24.983	75.122	1	0.000	0	3	1	0.000	0.000	0.000	0.000
2025-11-16 16:30:27	25.983	72.204	1	0.000	0	3	1	0.000	0.000	0.000	0.000
2025-11-16 16:30:28	26.983	74.805	1	0.000	0	3	1	0.000	0.000	0.000	0.000
2025-11-16 16:30:29	27.983	69.056	1	0.000	0	3	1	0.000	0.000	0.000	0.000
2025-11-16 16:30:30	28.983	69.682	1	0.000	0	3	1	0.000	0.000	0.000	0.000
2025-11-16 16:30:31	29.983	76.538	1	0.000	0	3	1	0.000	0.000	0.000	0.000
2025-11-16 16:30:32	30.983	71.239	1	0.000	0	3	1	0.000	0.000	0.000	0.000
2025-11-16 16:30:33	31.983	75.166	1	0.000	0	3	1	0.000	0.000	0.000	0.000
2025-11-16 16:30:34	32.983	81.957	1	0.000	0	3	1	0.000	0.000	0.000	0.000
2025-11-16 16:30:35	33.983	81.364	1	0.000	0	3	1	0.000	0.000	0.000	0.000
2025-11-16 16:30:36	34.983	81.634	1	0.000	0	3	1	0.000	0.000	0.000	0.000
2025-11-16 16:30:37	35.983	93.767	1	0.250	0	3	1	0.000	0.000	0.000	0.000
2025-11-16 16:30:38	36.983	94.866	1	0.650	0	3	1	0.000	0.000	0.000	0.000
2025-11-16 16:30:39	37.983	86.475	1	0.150	0	3	1	0.604	0.000	0.000	0.000
2025-11-16 16:30:40	38.983	61.951	1	0.000	0	3	1	1.000	0.000	0.000	0.000
2025-11-16 16:30:41	39.983	45.922	1	0.000	0	3	1	1.000	0.000	0.000	0.000
2025-11-16 16:30:42	40.983	38.164	1	0.000	0	3	1	1.000	0.000	0.000	0.000
2025-11-16 16:30:43	41.983	38.657	1	0.000	0	3	1	1.000	0.000	0.000	0.000
2025-11-16 16:30:44	42.983	37.343	1	0.000	0	3	1	1.000	0.000	0.000	0.000
2025-11-16 16:30:45	43.983	37.428	1	0.000	0	3	1	1.000	0.000	0.000	0.000
2025-11-16 16:30:46	44.983	37.736	1	0.000	0	3	1	1.000	0.000	0.000	0.000
2025-11-16 16:30:47	45.983	29.726	1	0.000	0	3	1	1.000	0.000	0.000	0.000
2025-11-16 16:30:48	46.983	29.378	1	0.000	0	3	1	1.000	0.000	0.000	0.000
2025-11-16 16:30:49	47.983	25.855	1	0.000	0	3	1	1.000	0.000	0.000	0.000
2025-11-16 16:30:50	48.983	23.705	1	0.000	0	3	1	1.000	0.000	0.000	0.000
2025-11-16 16:30:51	49.983	25.564	1	0.000	3	3	1	0.990	0.160	0.194	0.137
2025-11-16 16:30:52	50.983	31.623	1	0.000	0	3	1	0.573	0.231	0.118	0.157
2025-11-16 16:30:53	51.983	39.498	1	0.000	0	3	1	0.000	0.000	0.000	0.000
2025-11-16 16:30:54	52.983	48.415	1	0.000	0	3	1	0.000	0.000	0.000	0.000
2025-11-16 16:30:55	53.983	51.238	1	0.000	0	3	1	0.000	0.000	0.000	0.000
2025-11-16 16:30:56	54.983	54.554	1	0.000	0	3	1	0.000	0.000	0.000	0.000
2025-11-16 16:30:57	55.983	54.560	1	0.000	0	3	1	0.000	0.000	0.000	0.000
2025-11-16 16:30:58	56.983	64.787	1	0.000	0	3	1	0.014	0.000	0.014	0.000
2025-11-16 16:30:59	57.983	74.274	1	0.000	0	3	1	0.003	0.000	0.003	0.000
2025-11-16 16:31:00	58.983	84.689	1	0.000	0	3	1	0.025	0.000	0.025	0.000
2025-11-16 16:31:01	59.983	96.683	0	0.600	0	3	1	0.050	0.000	0.050	0.000
2025-11-16 16:31:02	60.983	100.941	0	1.000	1	3	1	0.047	0.000	0.043	0.000
2025-11-16 16:31:03	61.983	118.923	0	1.000	0	3	1	0.050	0.000	0.048	0.000
2025-11-16 16:31:04	62.983	111.760	0	0.983	0	3	1	0.032	0.000	0.029	0.000
2025-11-16 16:31:05	63.983	110.694	0	1.000	0	3	1	0.019	0.000	0.019	0.000
2025-11-16 16:31:06	64.983	99.364	0	0.867	0	3	1	0.034	0.000	0.019	0.006
2025-11-16 16:31:07	65.983	72.440	1	0.000	0	3	1	0.023	0.000	0.000	0.013
2025-11-16 16:31:08	66.983	57.594	1	0.000	0	3	1	0.038	0.000	0.015	0.014
2025-11-16 16:31:09	67.983	56.730	1	0.000	0	3	1	0.052	0.000	0.028	0.024
2025-11-16 16:31:10	68.984	64.264	1	0.000	1	3	1	0.021	0.000	0.012	0.001
2025-11-16 16:31:11	69.984	64.378	1	0.000	0	3	1	0.015	0.000	0.001	0.012
2025-11-16 16:31:12	70.984	57.990	1	0.000	0	3	1	0.003	0.000	0.003	0.000
2025-11-16 16:31:13	71.984	62.800	1	0.000	0	3	1	0.006	0.000	0.000	0.004
2025-11-16 16:31:14	72.984	66.021	1	0.000	0	3	1	0.653	0.000	0.000	0.000
2025-11-16 16:31:15	73.985	55.341	1	0.000	0	3	1	1.000	0.000	0.000	0.000
2025-11-16 16:31:16	74.985	50.139	1	0.000	0	3	1	1.000	0.000	0.000	0.000
2025-11-16 16:31:17	75.985	50.883	1	0.000	0	3	1	1.000	0.000	0.000	0.000
2025-11-16 16:31:18	76.985	49.179	1	0.000	0	3	1	1.000	0.000	0.000	0.000
2025-11-16 16:31:19	77.986	47.095	1	0.000	0	3	1	1.000	0.000	0.000	0.000
2025-11-16 16:31:20	78.986	45.954	1	0.000	0	3	1	1.000	0.000	0.000	0.000
2025-11-16 16:31:21	79.986	40.699	1	0.000	0	3	1	1.000	0.000	0.000	0.000
2025-11-16 16:31:22	80.986	40.311	1	0.000	0	3	1	1.000	0.000	0.000	0.000
2025-11-16 16:31:23	81.986	44.781	1	0.000	0	3	1	1.000	0.000	0.000	0.000
2025-11-16 16:31:24	82.987	45.532	1	0.000	0	3	1	1.000	0.000	0.000	0.000
2025-11-16 16:31:25	83.987	52.585	1	0.000	0	3	1	1.000	0.000	0.000	0.000
2025-11-16 16:31:26	84.987	60.486	1	0.000	3	3	1	0.999	0.231	0.119	0.224
2025-11-16 16:31:27	85.987	62.193	1	0.000	2	3	1	0.676	0.301	0.064	0.254
2025-11-16 16:31:28	86.987	67.771	1	0.000	2	3	1	0.051	0.015	0.004	0.012
2025-11-16 16:31:29	87.988	69.638	1	0.000	1	3	1	0.039	0.012	0.004	0.012
2025-11-16 16:31:30	88.988	66.165	1	0.000	1	3	1	0.052	0.012	0.007	0.021
2025-11-16 16:31:31	89.988	69.907	1	0.000	1	3	1	0.055	0.012	0.007	0.023
2025-11-16 16:31:32	90.988	72.751	1	0.000	1	3	1	0.049	0.005	0.008	0.024
2025-11-16 16:31:33	91.989	80.418	1	0.000	0	3	1	0.052	0.009	0.015	0.024
2025-11-16 16:31:34	92.989	83.691	1	0.000	0	3	1	0.068	0.008	0.014	0.025
2025-11-16 16:31:35	93.989	89.356	1	0.000	0	3	1	0.071	0.000	0.015	0.027
2025-11-16 16:31:36	94.989	85.168	1	0.000	0	3	1	0.072	0.000	0.015	0.043
2025-11-16 16:31:37	95.989	72.777	1	0.000	0	3	1	0.071	0.000	0.009	0.046
2025-11-16 16:31:38	96.990	69.290	1	0.000	0	3	1	0.063	0.000	0.008	0.039
2025-11-16 16:31:39	97.990	69.172	1	0.000	0	3	1	0.078	0.017	0.006	0.038
2025-11-16 16:31:40	98.990	70.384	1	0.000	1	3	1	0.096	0.034	0.002	0.042
2025-11-16 16:31:41	99.990	78.572	1	0.000	0	3	1	0.250	0.022	0.000	0.037
2025-11-16 16:31:42	100.990	81.433	1	0.000	0	3	1	1.000	0.000	0.000	0.000
2025-11-16 16:31:43	101.991	80.836	1	0.000	0	3	1	1.000	0.000	0.000	0.000
2025-11-16 16:31:44	102.991	78.349	1	0.000	0	3	1	1.000	0.000	0.000	0.000
2025-11-16 16:31:45	103.991	79.732	1	0.000	0	3	1	1.000	0.000	0.000	0.000
2025-11-16 16:31:46	104.991	88.338	1	0.000	0	3	1	1.000	0.000	0.000	0.000
2025-11-16 16:31:47	105.992	94.441	1	0.283	0	3	1	1.000	0.000	0.000	0.000
2025-11-16 16:31:48	106.992	102.693	0	0.983	0	3	1	1.000	0.000	0.000	0.000
2025-11-16 16:31:49	107.992	121.776	0	1.000	0	3	1	1.000	0.000	0.000	0.000
2025-11-16 16:31:50	108.992	137.660	0	1.000	0	3	1	1.000	0.000	0.000	0.000
2025-11-16 16:31:51	109.992	170.257	0	1.000	0	3	1	1.000	0.000	0.000	0.000
2025-11-16 16:31:52	110.993	196.216	0	1.000	0	3	1	1.000	0.000	0.000	0.000
2025-11-16 16:31:53	111.993	205.963	0	1.000	3	3	1	0.999	0.077	0.002	0.077
2025-11-16 16:31:54	112.993	209.766	0	1.000	1	3	1	0.954	0.443	0.008	0.453
2025-11-16 16:31:55	113.993	227.026	0	1.000	1	3	1	0.387	0.194	0.000	0.172
wall_time	sim_time	avg_radius	avg_radius_ok	greater_96_ratio	tokkou_active	tokkou_cap	tokkou_ok	panic_ratio	cling_ratio	kaiten_ratio	run_ratio
2025-11-16 17:27:48	0.983	13.741	1	0.000	0	3	1	0.000	0.000	0.000	0.000
2025-11-16 17:27:49	1.983	12.836	1	0.000	0	3	1	0.000	0.000	0.000	0.000
2025-11-16 17:27:50	2.983	24.080	1	0.000	0	3	1	0.000	0.000	0.000	0.000
2025-11-16 17:27:51	3.983	28.086	1	0.000	0	3	1	0.000	0.000	0.000	0.000
2025-11-16 17:27:52	4.983	28.478	1	0.000	0	3	1	0.000	0.000	0.000	0.000
2025-11-16 17:27:53	5.983	31.252	1	0.000	0	3	1	0.000	0.000	0.000	0.000
2025-11-16 17:27:54	6.983	30.587	1	0.000	0	3	1	0.000	0.000	0.000	0.000
2025-11-16 17:27:55	7.983	33.240	1	0.000	0	3	1	0.000	0.000	0.000	0.000
2025-11-16 17:27:56	8.983	39.925	1	0.000	0	3	1	0.000	0.000	0.000	0.000
2025-11-16 17:27:57	9.983	44.841	1	0.000	0	3	1	0.000	0.000	0.000	0.000
2025-11-16 17:27:58	10.983	55.886	1	0.000	0	3	1	0.000	0.000	0.000	0.000
2025-11-16 17:27:59	11.983	65.894	1	0.000	0	3	1	0.000	0.000	0.000	0.000
2025-11-16 17:28:00	12.983	73.026	1	0.000	0	3	1	0.000	0.000	0.000	0.000
2025-11-16 17:28:01	13.983	78.183	1	0.000	0	3	1	0.000	0.000	0.000	0.000
2025-11-16 17:28:02	14.983	85.967	1	0.000	0	3	1	0.000	0.000	0.000	0.000
2025-11-16 17:28:03	15.983	94.821	1	0.533	0	3	1	0.000	0.000	0.000	0.000
2025-11-16 17:28:04	16.983	107.761	0	1.000	0	3	1	0.000	0.000	0.000	0.000
2025-11-16 17:28:05	17.983	116.589	0	1.000	0	3	1	0.000	0.000	0.000	0.000
2025-11-16 17:28:06	18.983	120.479	0	1.000	0	3	1	0.000	0.000	0.000	0.000
2025-11-16 17:28:07	19.983	128.112	0	1.000	0	3	1	0.000	0.000	0.000	0.000
2025-11-16 17:28:08	20.983	132.495	0	1.000	0	3	1	0.000	0.000	0.000	0.000
2025-11-16 17:28:09	21.983	136.904	0	1.000	0	3	1	0.000	0.000	0.000	0.000
2025-11-16 17:28:10	22.983	141.998	0	1.000	0	3	1	0.000	0.000	0.000	0.000
2025-11-16 17:28:11	23.983	144.108	0	1.000	0	3	1	0.000	0.000	0.000	0.000
2025-11-16 17:28:12	24.983	143.670	0	1.000	0	3	1	0.000	0.000	0.000	0.000
2025-11-16 17:28:13	25.983	139.264	0	1.000	0	3	1	0.000	0.000	0.000	0.000
2025-11-16 17:28:14	26.983	138.542	0	1.000	0	3	1	0.000	0.000	0.000	0.000
2025-11-16 17:28:15	27.983	147.608	0	1.000	0	3	1	0.000	0.000	0.000	0.000
2025-11-16 17:28:16	28.983	150.868	0	1.000	0	3	1	0.000	0.000	0.000	0.000
2025-11-16 17:28:17	29.983	166.418	0	1.000	0	3	1	0.000	0.000	0.000	0.000
2025-11-16 17:28:18	30.983	179.911	0	1.000	0	3	1	0.000	0.000	0.000	0.000
2025-11-16 17:28:19	31.983	184.586	0	1.000	0	3	1	0.000	0.000	0.000	0.000
2025-11-16 17:28:20	32.983	189.181	0	1.000	0	3	1	0.000	0.000	0.000	0.000
2025-11-16 17:28:21	33.983	193.275	0	1.000	0	3	1	0.000	0.000	0.000	0.000
2025-11-16 17:28:22	34.983	209.217	0	1.000	0	3	1	0.000	0.000	0.000	0.000
2025-11-16 17:28:23	35.983	223.802	0	1.000	0	3	1	0.000	0.000	0.000	0.000
2025-11-16 17:28:24	36.983	202.687	0	1.000	0	3	1	0.000	0.000	0.000	0.000
2025-11-16 17:28:25	37.983	180.632	0	1.000	0	3	1	0.007	0.000	0.007	0.000
2025-11-16 17:28:26	38.983	164.305	0	1.000	0	3	1	0.023	0.000	0.023	0.000
2025-11-16 17:28:27	39.983	159.947	0	1.000	0	3	1	0.046	0.000	0.016	0.019
2025-11-16 17:28:28	40.983	149.176	0	1.000	0	3	1	0.068	0.000	0.028	0.022
2025-11-16 17:28:29	41.983	141.457	0	1.000	0	3	1	0.077	0.000	0.033	0.041
2025-11-16 17:28:30	42.983	146.017	0	1.000	0	3	1	0.024	0.000	0.024	0.000
2025-11-16 17:28:31	43.983	160.207	0	1.000	0	3	1	0.037	0.000	0.027	0.000
2025-11-16 17:28:32	44.983	150.486	0	1.000	0	3	1	0.009	0.000	0.006	0.000
2025-11-16 17:28:33	45.983	114.487	0	0.800	0	3	1	0.000	0.000	0.000	0.000
2025-11-16 17:28:34	46.983	105.428	0	1.000	0	3	1	0.000	0.000	0.000	0.000
2025-11-16 17:28:35	47.983	100.213	0	1.000	0	3	1	0.000	0.000	0.000	0.000
2025-11-16 17:28:36	48.983	91.381	1	0.017	0	3	1	0.009	0.000	0.009	0.000
2025-11-16 17:28:37	49.983	87.597	1	0.000	0	3	1	0.026	0.000	0.014	0.000
2025-11-16 17:28:38	50.983	77.775	1	0.000	0	3	1	0.038	0.000	0.019	0.011
2025-11-16 17:28:39	51.983	66.506	1	0.000	0	3	1	0.004	0.000	0.004	0.000
2025-11-16 17:28:40	52.983	57.700	1	0.000	0	3	1	0.000	0.000	0.000	0.000
2025-11-16 17:28:41	53.983	53.607	1	0.000	0	3	1	0.000	0.000	0.000	0.000
2025-11-16 17:28:42	54.983	56.579	1	0.000	0	3	1	0.000	0.000	0.000	0.000
2025-11-16 17:28:43	55.983	57.520	1	0.000	0	3	1	0.000	0.000	0.000	0.000
2025-11-16 17:28:44	56.983	58.676	1	0.000	0	3	1	0.011	0.000	0.011	0.000
2025-11-16 17:28:45	57.983	56.106	1	0.000	0	3	1	0.014	0.000	0.011	0.000
2025-11-16 17:28:46	58.983	56.084	1	0.000	0	3	1	0.014	0.000	0.002	0.012
2025-11-16 17:28:47	59.983	58.132	1	0.000	0	3	1	0.018	0.000	0.000	0.017
2025-11-16 17:28:48	60.983	64.117	1	0.000	1	3	1	0.016	0.000	0.000	0.012
2025-11-16 17:28:49	61.983	62.918	1	0.000	0	3	1	0.007	0.000	0.004	0.000
2025-11-16 17:28:50	62.983	62.634	1	0.000	1	3	1	0.029	0.000	0.010	0.007
2025-11-16 17:28:51	63.983	70.070	1	0.000	1	3	1	0.052	0.000	0.021	0.016
2025-11-16 17:28:52	64.983	64.692	1	0.000	2	3	1	0.043	0.000	0.011	0.016
2025-11-16 17:28:53	65.983	67.907	1	0.000	1	3	1	0.041	0.000	0.013	0.016
2025-11-16 17:28:54	66.983	78.437	1	0.000	0	3	1	0.016	0.000	0.000	0.016
2025-11-16 17:28:55	67.983	77.689	1	0.000	0	3	1	0.011	0.000	0.003	0.002
2025-11-16 17:28:56	68.984	72.987	1	0.000	0	3	1	0.003	0.000	0.003	0.000
2025-11-16 17:28:57	69.984	67.660	1	0.000	0	3	1	0.006	0.000	0.003	0.003
2025-11-16 17:28:58	70.984	62.238	1	0.000	0	3	1	0.007	0.000	0.006	0.000
2025-11-16 17:28:59	71.984	64.269	1	0.000	1	3	1	0.018	0.000	0.002	0.000
2025-11-16 17:29:00	72.984	63.099	1	0.000	0	3	1	0.006	0.000	0.001	0.000
2025-11-16 17:29:01	73.985	68.300	1	0.000	1	3	1	0.018	0.000	0.016	0.000
2025-11-16 17:29:02	74.985	76.741	1	0.000	0	3	1	0.009	0.000	0.006	0.000
2025-11-16 17:29:03	75.985	71.097	1	0.000	0	3	1	0.853	0.000	0.004	0.000
2025-11-16 17:29:04	76.985	61.637	1	0.000	0	3	1	1.000	0.000	0.000	0.000
2025-11-16 17:29:05	77.986	51.730	1	0.000	0	3	1	1.000	0.000	0.000	0.000
2025-11-16 17:29:06	78.986	50.760	1	0.000	0	3	1	1.000	0.000	0.000	0.000
2025-11-16 17:29:07	79.986	47.290	1	0.000	0	3	1	1.000	0.000	0.000	0.000
2025-11-16 17:29:08	80.986	46.201	1	0.000	0	3	1	1.000	0.000	0.000	0.000
2025-11-16 17:29:09	81.986	45.373	1	0.000	0	3	1	1.000	0.000	0.000	0.000
2025-11-16 17:29:10	82.987	40.746	1	0.000	0	3	1	1.000	0.000	0.000	0.000
2025-11-16 17:29:11	83.987	39.937	1	0.000	0	3	1	1.000	0.000	0.000	0.000
2025-11-16 17:29:12	84.987	44.250	1	0.000	0	3	1	1.000	0.000	0.000	0.000
2025-11-16 17:29:13	85.987	40.978	1	0.000	0	3	1	1.000	0.000	0.000	0.000
2025-11-16 17:29:14	86.987	44.495	1	0.000	0	3	1	1.000	0.000	0.000	0.000
2025-11-16 17:29:15	87.988	46.470	1	0.000	3	3	1	0.986	0.395	0.119	0.243
2025-11-16 17:29:16	88.988	50.883	1	0.000	0	3	1	0.487	0.291	0.035	0.144
2025-11-16 17:29:17	89.988	51.968	1	0.000	0	3	1	0.011	0.000	0.011	0.000
2025-11-16 17:29:18	90.988	51.398	1	0.000	0	3	1	0.013	0.000	0.011	0.000
2025-11-16 17:29:19	91.989	48.140	1	0.000	0	3	1	0.019	0.000	0.011	0.008
2025-11-16 17:29:20	92.989	51.807	1	0.000	0	3	1	0.042	0.002	0.023	0.012
2025-11-16 17:29:21	93.989	52.938	1	0.000	0	3	1	0.051	0.001	0.021	0.028
2025-11-16 17:29:22	94.989	53.966	1	0.000	1	3	1	0.061	0.000	0.026	0.031
2025-11-16 17:29:23	95.989	57.690	1	0.000	1	3	1	0.049	0.000	0.024	0.022
2025-11-16 17:29:24	96.990	65.301	1	0.000	0	3	1	0.045	0.000	0.023	0.022
2025-11-16 17:29:25	97.990	74.559	1	0.000	2	3	1	0.061	0.000	0.030	0.021
2025-11-16 17:29:26	98.990	89.139	1	0.033	0	3	1	0.037	0.000	0.009	0.022
2025-11-16 17:29:27	99.990	93.618	1	0.283	0	3	1	0.039	0.000	0.003	0.028
2025-11-16 17:29:28	100.990	106.086	0	1.000	0	3	1	0.047	0.000	0.023	0.024
2025-11-16 17:29:29	101.991	112.772	0	1.000	0	3	1	0.035	0.000	0.001	0.028
2025-11-16 17:29:30	102.991	91.812	1	0.083	0	3	1	0.048	0.000	0.013	0.034
2025-11-16 17:29:31	103.991	109.618	0	1.000	1	3	1	0.067	0.000	0.016	0.045
2025-11-16 17:29:32	104.991	93.181	1	0.233	0	3	1	0.070	0.000	0.010	0.050
2025-11-16 17:29:33	105.992	83.578	1	0.000	1	3	1	0.079	0.014	0.004	0.053
2025-11-16 17:29:34	106.992	81.310	1	0.000	1	3	1	0.079	0.009	0.003	0.057
2025-11-16 17:29:35	107.992	79.416	1	0.000	2	3	1	0.074	0.000	0.001	0.051
2025-11-16 17:29:36	108.992	73.056	1	0.000	2	3	1	0.081	0.000	0.002	0.049
2025-11-16 17:29:37	109.992	77.664	1	0.000	1	3	1	0.089	0.000	0.012	0.056
2025-11-16 17:29:38	110.993	82.147	1	0.000	2	3	1	0.095	0.000	0.011	0.064
2025-11-16 17:29:39	111.993	78.981	1	0.000	0	3	1	0.087	0.000	0.009	0.059
2025-11-16 17:29:40	112.993	87.369	1	0.000	1	3	1	0.084	0.000	0.006	0.067
2025-11-16 17:29:41	113.993	89.894	1	0.000	0	3	1	0.081	0.000	0.003	0.069
2025-11-16 17:29:42	114.993	89.173	1	0.067	0	3	1	0.088	0.000	0.000	0.076
wall_time	sim_time	avg_radius	avg_radius_ok	greater_96_ratio	tokkou_active	tokkou_cap	tokkou_ok	panic_ratio	cling_ratio	kaiten_ratio	run_ratio
2025-11-16 17:35:29	0.983	13.741	1	0.000	0	3	1	0.000	0.000	0.000	0.000
2025-11-16 17:35:30	1.983	12.836	1	0.000	0	3	1	0.000	0.000	0.000	0.000
2025-11-16 17:35:31	2.983	24.080	1	0.000	0	3	1	0.000	0.000	0.000	0.000
2025-11-16 17:35:32	3.983	29.481	1	0.000	0	3	1	0.000	0.000	0.000	0.000
2025-11-16 17:35:33	4.983	29.409	1	0.000	0	3	1	0.000	0.000	0.000	0.000
2025-11-16 17:35:34	5.983	28.636	1	0.000	0	3	1	0.000	0.000	0.000	0.000
2025-11-16 17:35:35	6.983	32.173	1	0.000	0	3	1	0.000	0.000	0.000	0.000
2025-11-16 17:35:36	7.983	35.430	1	0.000	0	3	1	0.000	0.000	0.000	0.000
2025-11-16 17:35:37	8.983	40.050	1	0.000	0	3	1	0.000	0.000	0.000	0.000
2025-11-16 17:35:38	9.983	47.713	1	0.000	0	3	1	0.000	0.000	0.000	0.000
2025-11-16 17:35:39	10.983	56.293	1	0.000	0	3	1	0.000	0.000	0.000	0.000
2025-11-16 17:35:40	11.983	65.427	1	0.000	0	3	1	0.000	0.000	0.000	0.000
2025-11-16 17:35:41	12.983	73.104	1	0.000	0	3	1	0.000	0.000	0.000	0.000
2025-11-16 17:35:42	13.983	79.717	1	0.000	0	3	1	0.000	0.000	0.000	0.000
2025-11-16 17:35:43	14.983	87.165	1	0.000	0	3	1	0.000	0.000	0.000	0.000
2025-11-16 17:35:44	15.983	98.808	0	0.533	0	3	1	0.000	0.000	0.000	0.000
2025-11-16 17:35:45	16.983	107.408	0	1.000	0	3	1	0.000	0.000	0.000	0.000
2025-11-16 17:35:46	17.983	116.252	0	1.000	0	3	1	0.000	0.000	0.000	0.000
2025-11-16 17:35:47	18.983	119.938	0	1.000	0	3	1	0.000	0.000	0.000	0.000
2025-11-16 17:35:48	19.983	127.162	0	1.000	0	3	1	0.000	0.000	0.000	0.000
2025-11-16 17:35:49	20.983	132.366	0	1.000	0	3	1	0.000	0.000	0.000	0.000
2025-11-16 17:35:50	21.983	133.581	0	1.000	0	3	1	0.000	0.000	0.000	0.000
2025-11-16 17:35:51	22.983	145.008	0	1.000	0	3	1	0.000	0.000	0.000	0.000
2025-11-16 17:35:52	23.983	148.397	0	1.000	0	3	1	0.000	0.000	0.000	0.000
2025-11-16 17:35:53	24.983	147.720	0	1.000	0	3	1	0.000	0.000	0.000	0.000
2025-11-16 17:35:54	25.983	145.367	0	1.000	0	3	1	0.000	0.000	0.000	0.000
2025-11-16 17:35:55	26.983	145.902	0	1.000	0	3	1	0.000	0.000	0.000	0.000
2025-11-16 17:35:56	27.983	151.601	0	1.000	0	3	1	0.000	0.000	0.000	0.000
2025-11-16 17:35:57	28.983	163.235	0	1.000	0	3	1	0.000	0.000	0.000	0.000
2025-11-16 17:35:58	29.983	164.692	0	1.000	0	3	1	0.000	0.000	0.000	0.000
2025-11-16 17:35:59	30.983	179.788	0	1.000	0	3	1	0.000	0.000	0.000	0.000
2025-11-16 17:36:00	31.983	182.592	0	1.000	0	3	1	0.000	0.000	0.000	0.000
2025-11-16 17:36:01	32.983	192.685	0	1.000	0	3	1	0.000	0.000	0.000	0.000
2025-11-16 17:36:02	33.983	197.422	0	1.000	0	3	1	0.000	0.000	0.000	0.000
2025-11-16 17:36:03	34.983	200.815	0	1.000	0	3	1	0.000	0.000	0.000	0.000
2025-11-16 17:36:04	35.983	207.767	0	1.000	0	3	1	0.000	0.000	0.000	0.000
2025-11-16 17:36:05	36.983	216.161	0	1.000	0	3	1	0.000	0.000	0.000	0.000
2025-11-16 17:36:06	37.983	179.769	0	1.000	0	3	1	0.000	0.000	0.000	0.000
2025-11-16 17:36:07	38.983	165.853	0	1.000	0	3	1	0.011	0.000	0.010	0.002
2025-11-16 17:36:08	39.983	175.248	0	1.000	0	3	1	0.071	0.000	0.023	0.023
2025-11-16 17:36:09	40.983	170.257	0	1.000	0	3	1	0.063	0.000	0.021	0.023
2025-11-16 17:36:10	41.983	158.553	0	1.000	0	3	1	0.070	0.000	0.047	0.019
2025-11-16 17:36:11	42.983	167.485	0	1.000	0	3	1	0.046	0.000	0.042	0.004
2025-11-16 17:36:12	43.983	170.349	0	1.000	0	3	1	0.015	0.000	0.015	0.000
2025-11-16 17:36:13	44.983	161.556	0	1.000	0	3	1	0.000	0.000	0.000	0.000
2025-11-16 17:36:14	45.983	145.418	0	1.000	0	3	1	0.000	0.000	0.000	0.000
2025-11-16 17:36:15	46.983	116.631	0	1.000	0	3	1	0.000	0.000	0.000	0.000
2025-11-16 17:36:16	47.983	98.339	0	0.983	0	3	1	0.002	0.000	0.000	0.000
2025-11-16 17:36:17	48.983	99.125	0	0.400	0	3	1	0.013	0.000	0.010	0.000
2025-11-16 17:36:18	49.983	105.271	0	1.000	0	3	1	0.047	0.000	0.035	0.009
2025-11-16 17:36:19	50.983	66.318	1	0.017	0	3	1	0.016	0.000	0.013	0.000
2025-11-16 17:36:20	51.983	68.021	1	0.000	0	3	1	0.000	0.000	0.000	0.000
2025-11-16 17:36:21	52.983	66.098	1	0.000	0	3	1	0.000	0.000	0.000	0.000
2025-11-16 17:36:22	53.983	60.030	1	0.000	0	3	1	0.000	0.000	0.000	0.000
2025-11-16 17:36:23	54.983	58.551	1	0.000	0	3	1	0.000	0.000	0.000	0.000
2025-11-16 17:36:24	55.983	59.607	1	0.000	0	3	1	0.002	0.000	0.002	0.000
2025-11-16 17:36:25	56.983	57.653	1	0.000	0	3	1	0.005	0.000	0.001	0.000
2025-11-16 17:36:26	57.983	58.408	1	0.000	0	3	1	0.004	0.000	0.004	0.000
2025-11-16 17:36:27	58.983	57.359	1	0.000	0	3	1	0.004	0.000	0.000	0.003
2025-11-16 17:36:28	59.983	62.168	1	0.000	0	3	1	0.001	0.000	0.001	0.000
2025-11-16 17:36:29	60.983	60.985	1	0.000	0	3	1	0.009	0.000	0.004	0.000
2025-11-16 17:36:30	61.983	65.133	1	0.000	0	3	1	0.016	0.000	0.007	0.009
2025-11-16 17:36:31	62.983	59.961	1	0.000	1	3	1	0.025	0.000	0.022	0.000
2025-11-16 17:36:32	63.983	59.728	1	0.000	0	3	1	0.002	0.000	0.000	0.000
2025-11-16 17:36:33	64.983	64.006	1	0.000	0	3	1	0.006	0.000	0.000	0.000
2025-11-16 17:36:34	65.983	71.191	1	0.000	0	3	1	0.006	0.000	0.000	0.000
2025-11-16 17:36:35	66.983	77.648	1	0.000	1	3	1	0.004	0.000	0.003	0.000
2025-11-16 17:36:36	67.983	80.325	1	0.000	0	3	1	0.017	0.000	0.009	0.003
2025-11-16 17:36:37	68.984	83.477	1	0.000	0	3	1	0.008	0.000	0.005	0.003
2025-11-16 17:36:38	69.984	92.639	1	0.300	0	3	1	0.005	0.000	0.005	0.000
2025-11-16 17:36:39	70.984	87.250	1	0.000	0	3	1	0.651	0.000	0.000	0.000
2025-11-16 17:36:40	71.984	73.601	1	0.000	0	3	1	1.000	0.000	0.000	0.000
2025-11-16 17:36:41	72.984	63.340	1	0.000	0	3	1	1.000	0.000	0.000	0.000
2025-11-16 17:36:42	73.985	60.607	1	0.000	0	3	1	1.000	0.000	0.000	0.000
2025-11-16 17:36:43	74.985	52.031	1	0.000	0	3	1	1.000	0.000	0.000	0.000
2025-11-16 17:36:44	75.985	48.616	1	0.000	0	3	1	1.000	0.000	0.000	0.000
2025-11-16 17:36:45	76.985	45.017	1	0.000	0	3	1	1.000	0.000	0.000	0.000
2025-11-16 17:36:46	77.986	45.265	1	0.000	0	3	1	1.000	0.000	0.000	0.000
2025-11-16 17:36:47	78.986	45.963	1	0.000	0	3	1	1.000	0.000	0.000	0.000
2025-11-16 17:36:48	79.986	45.359	1	0.000	0	3	1	1.000	0.000	0.000	0.000
2025-11-16 17:36:49	80.986	45.695	1	0.000	0	3	1	1.000	0.000	0.000	0.000
2025-11-16 17:36:50	81.986	54.547	1	0.000	0	3	1	1.000	0.000	0.000	0.000
2025-11-16 17:36:51	82.987	65.282	1	0.000	3	3	1	0.997	0.258	0.122	0.183
2025-11-16 17:36:52	83.987	60.854	1	0.000	1	3	1	0.623	0.329	0.069	0.189
2025-11-16 17:36:53	84.987	62.862	1	0.000	0	3	1	0.002	0.000	0.000	0.000
2025-11-16 17:36:54	85.987	66.798	1	0.000	0	3	1	0.005	0.000	0.000	0.004
2025-11-16 17:36:55	86.987	74.160	1	0.000	1	3	1	0.040	0.000	0.018	0.011
wall_time	sim_time	avg_radius	avg_radius_ok	greater_96_ratio	tokkou_active	tokkou_cap	tokkou_ok	panic_ratio	cling_ratio	kaiten_ratio	run_ratio
2025-11-16 17:41:54	0.983	13.741	1	0.000	0	3	1	0.000	0.000	0.000	0.000
2025-11-16 17:41:55	1.983	12.836	1	0.000	0	3	1	0.000	0.000	0.000	0.000
2025-11-16 17:41:56	2.983	24.080	1	0.000	0	3	1	0.000	0.000	0.000	0.000
2025-11-16 17:41:57	3.983	29.481	1	0.000	0	3	1	0.000	0.000	0.000	0.000
2025-11-16 17:41:58	4.983	30.316	1	0.000	0	3	1	0.000	0.000	0.000	0.000
2025-11-16 17:41:59	5.983	31.282	1	0.000	0	3	1	0.000	0.000	0.000	0.000
2025-11-16 17:42:00	6.983	32.969	1	0.000	0	3	1	0.000	0.000	0.000	0.000
2025-11-16 17:42:01	7.983	38.925	1	0.000	0	3	1	0.000	0.000	0.000	0.000
2025-11-16 17:42:02	8.983	44.899	1	0.000	0	3	1	0.000	0.000	0.000	0.000
2025-11-16 17:42:03	9.983	52.713	1	0.000	0	3	1	0.000	0.000	0.000	0.000
2025-11-16 17:42:04	10.983	60.554	1	0.000	0	3	1	0.000	0.000	0.000	0.000
2025-11-16 17:42:05	11.983	66.223	1	0.000	0	3	1	0.000	0.000	0.000	0.000
2025-11-16 17:42:06	12.983	71.993	1	0.000	0	3	1	0.000	0.000	0.000	0.000
2025-11-16 17:42:07	13.983	78.577	1	0.000	0	3	1	0.000	0.000	0.000	0.000
2025-11-16 17:42:08	14.983	84.993	1	0.000	0	3	1	0.000	0.000	0.000	0.000
2025-11-16 17:42:09	15.983	91.418	1	0.000	0	3	1	0.000	0.000	0.000	0.000
2025-11-16 17:42:10	16.983	98.184	0	0.900	0	3	1	0.000	0.000	0.000	0.000
2025-11-16 17:42:11	17.983	106.974	0	1.000	0	3	1	0.000	0.000	0.000	0.000
2025-11-16 17:42:12	18.983	114.241	0	1.000	0	3	1	0.000	0.000	0.000	0.000
2025-11-16 17:42:13	19.983	128.655	0	1.000	0	3	1	0.000	0.000	0.000	0.000
2025-11-16 17:42:14	20.983	134.306	0	1.000	0	3	1	0.000	0.000	0.000	0.000
2025-11-16 17:42:15	21.983	140.510	0	1.000	0	3	1	0.000	0.000	0.000	0.000
2025-11-16 17:42:16	22.983	150.076	0	1.000	0	3	1	0.000	0.000	0.000	0.000
2025-11-16 17:42:17	23.983	166.088	0	1.000	0	3	1	0.000	0.000	0.000	0.000
2025-11-16 17:42:18	24.983	173.515	0	1.000	0	3	1	0.000	0.000	0.000	0.000
2025-11-16 17:42:19	25.983	181.009	0	1.000	0	3	1	0.000	0.000	0.000	0.000
2025-11-16 17:42:20	26.983	197.161	0	1.000	0	3	1	0.000	0.000	0.000	0.000
2025-11-16 17:42:21	27.983	207.780	0	1.000	0	3	1	0.000	0.000	0.000	0.000
2025-11-16 17:42:22	28.983	219.050	0	1.000	0	3	1	0.000	0.000	0.000	0.000
2025-11-16 17:42:23	29.983	121.309	0	1.000	0	3	1	0.000	0.000	0.000	0.000
2025-11-16 17:42:24	30.983	112.699	0	1.000	0	3	1	0.000	0.000	0.000	0.000
2025-11-16 17:42:25	31.983	115.991	0	1.000	0	3	1	0.000	0.000	0.000	0.000
2025-11-16 17:42:26	32.983	118.895	0	1.000	0	3	1	0.000	0.000	0.000	0.000
2025-11-16 17:42:27	33.983	121.280	0	1.000	0	3	1	0.000	0.000	0.000	0.000
2025-11-16 17:42:28	34.983	123.892	0	1.000	0	3	1	0.000	0.000	0.000	0.000
2025-11-16 17:42:29	35.983	126.379	0	1.000	0	3	1	0.000	0.000	0.000	0.000
wall_time	sim_time	avg_radius	avg_radius_ok	greater_96_ratio	tokkou_active	tokkou_cap	tokkou_ok	panic_ratio	cling_ratio	kaiten_ratio	run_ratio
2025-11-16 18:09:24	0.983	13.741	1	0.000	0	3	1	0.000	0.000	0.000	0.000
2025-11-16 18:09:25	1.983	12.836	1	0.000	0	3	1	0.000	0.000	0.000	0.000
2025-11-16 18:09:26	2.983	24.080	1	0.000	0	3	1	0.000	0.000	0.000	0.000
2025-11-16 18:09:27	3.983	27.938	1	0.000	0	3	1	0.000	0.000	0.000	0.000
2025-11-16 18:09:28	4.983	27.266	1	0.000	0	3	1	0.000	0.000	0.000	0.000
2025-11-16 18:09:29	5.983	30.122	1	0.000	0	3	1	0.000	0.000	0.000	0.000
2025-11-16 18:09:30	6.983	33.086	1	0.000	0	3	1	0.000	0.000	0.000	0.000
2025-11-16 18:09:31	7.983	34.818	1	0.000	0	3	1	0.000	0.000	0.000	0.000
2025-11-16 18:09:32	8.983	41.775	1	0.000	0	3	1	0.000	0.000	0.000	0.000
2025-11-16 18:09:33	9.983	47.899	1	0.000	0	3	1	0.000	0.000	0.000	0.000
2025-11-16 18:09:34	10.983	57.312	1	0.000	0	3	1	0.000	0.000	0.000	0.000
2025-11-16 18:09:35	11.983	67.517	1	0.000	0	3	1	0.000	0.000	0.000	0.000
2025-11-16 18:09:36	12.983	75.680	1	0.000	0	3	1	0.000	0.000	0.000	0.000
2025-11-16 18:09:37	13.983	81.923	1	0.000	0	3	1	0.000	0.000	0.000	0.000
2025-11-16 18:09:38	14.983	89.206	1	0.000	0	3	1	0.000	0.000	0.000	0.000
2025-11-16 18:09:39	15.983	100.413	0	0.533	0	3	1	0.000	0.000	0.000	0.000
2025-11-16 18:09:40	16.983	110.196	0	1.000	0	3	1	0.000	0.000	0.000	0.000
2025-11-16 18:09:41	17.983	119.420	0	1.000	0	3	1	0.000	0.000	0.000	0.000
2025-11-16 18:09:42	18.983	124.392	0	1.000	0	3	1	0.000	0.000	0.000	0.000
2025-11-16 18:09:43	19.983	132.451	0	1.000	0	3	1	0.000	0.000	0.000	0.000
2025-11-16 18:09:44	20.983	139.026	0	1.000	0	3	1	0.000	0.000	0.000	0.000
2025-11-16 18:09:45	21.983	145.095	0	1.000	0	3	1	0.000	0.000	0.000	0.000
2025-11-16 18:09:46	22.983	148.197	0	1.000	0	3	1	0.000	0.000	0.000	0.000
2025-11-16 18:09:47	23.983	147.697	0	1.000	0	3	1	0.000	0.000	0.000	0.000
2025-11-16 18:09:48	24.983	144.676	0	1.000	0	3	1	0.000	0.000	0.000	0.000
2025-11-16 18:09:49	25.983	137.460	0	1.000	0	3	1	0.000	0.000	0.000	0.000
2025-11-16 18:09:50	26.983	142.105	0	1.000	0	3	1	0.000	0.000	0.000	0.000
2025-11-16 18:09:51	27.983	144.537	0	1.000	0	3	1	0.000	0.000	0.000	0.000
2025-11-16 18:09:52	28.983	150.686	0	1.000	0	3	1	0.000	0.000	0.000	0.000
2025-11-16 18:09:53	29.983	163.396	0	1.000	0	3	1	0.000	0.000	0.000	0.000
2025-11-16 18:09:54	30.983	180.294	0	1.000	0	3	1	0.000	0.000	0.000	0.000
2025-11-16 18:09:55	31.983	188.080	0	1.000	0	3	1	0.000	0.000	0.000	0.000
2025-11-16 18:09:56	32.983	203.066	0	1.000	0	3	1	0.000	0.000	0.000	0.000
2025-11-16 18:09:57	33.983	223.079	0	1.000	0	3	1	0.000	0.000	0.000	0.000
2025-11-16 18:09:58	34.983	186.997	0	1.000	0	3	1	0.000	0.000	0.000	0.000
2025-11-16 18:09:59	35.983	132.422	0	1.000	0	3	1	0.000	0.000	0.000	0.000
2025-11-16 18:10:00	36.983	141.612	0	1.000	0	3	1	0.000	0.000	0.000	0.000
2025-11-16 18:10:01	37.983	152.160	0	1.000	0	3	1	0.000	0.000	0.000	0.000
2025-11-16 18:10:02	38.983	160.711	0	1.000	0	3	1	0.026	0.000	0.011	0.016
2025-11-16 18:10:03	39.983	160.468	0	1.000	0	3	1	0.071	0.000	0.032	0.023
2025-11-16 18:10:04	40.983	150.898	0	1.000	0	3	1	0.058	0.000	0.037	0.017
2025-11-16 18:10:05	41.983	145.239	0	1.000	0	3	1	0.054	0.000	0.037	0.006
2025-11-16 18:10:06	42.983	166.497	0	1.000	0	3	1	0.046	0.000	0.024	0.014
2025-11-16 18:10:07	43.983	153.112	0	0.967	0	3	1	0.027	0.000	0.020	0.000
2025-11-16 18:10:08	44.983	128.991	0	1.000	0	3	1	0.000	0.000	0.000	0.000
2025-11-16 18:10:09	45.983	106.982	0	1.000	0	3	1	0.000	0.000	0.000	0.000
2025-11-16 18:10:10	46.983	102.551	0	1.000	0	3	1	0.000	0.000	0.000	0.000
2025-11-16 18:10:11	47.983	105.772	0	0.950	0	3	1	0.000	0.000	0.000	0.000
2025-11-16 18:10:12	48.983	98.915	0	0.633	0	3	1	0.022	0.000	0.021	0.000
2025-11-16 18:10:13	49.983	99.958	0	0.817	0	3	1	0.024	0.000	0.019	0.003
2025-11-16 18:10:14	50.983	65.204	1	0.033	0	3	1	0.008	0.000	0.000	0.002
2025-11-16 18:10:15	51.983	63.874	1	0.000	0	3	1	0.000	0.000	0.000	0.000
2025-11-16 18:10:16	52.983	56.809	1	0.000	0	3	1	0.000	0.000	0.000	0.000
2025-11-16 18:10:17	53.983	53.777	1	0.000	0	3	1	0.000	0.000	0.000	0.000
2025-11-16 18:10:18	54.983	56.236	1	0.000	0	3	1	0.000	0.000	0.000	0.000
2025-11-16 18:10:19	55.983	54.087	1	0.000	0	3	1	0.010	0.000	0.010	0.000
2025-11-16 18:10:20	56.983	57.336	1	0.000	0	3	1	0.002	0.000	0.000	0.000
2025-11-16 18:10:21	57.983	59.968	1	0.000	1	3	1	0.008	0.000	0.007	0.000
2025-11-16 18:10:22	58.983	62.974	1	0.000	0	3	1	0.010	0.000	0.006	0.004
2025-11-16 18:10:23	59.983	67.679	1	0.000	0	3	1	0.004	0.000	0.002	0.002
2025-11-16 18:10:24	60.983	77.947	1	0.000	0	3	1	0.004	0.000	0.000	0.000
2025-11-16 18:10:25	61.983	73.437	1	0.000	1	3	1	0.007	0.000	0.000	0.000
2025-11-16 18:10:26	62.983	61.741	1	0.000	2	3	1	0.012	0.000	0.000	0.000
2025-11-16 18:10:27	63.983	61.863	1	0.000	1	3	1	0.047	0.000	0.000	0.023
2025-11-16 18:10:28	64.983	66.068	1	0.000	0	3	1	0.029	0.000	0.006	0.009
2025-11-16 18:10:29	65.983	68.805	1	0.000	0	3	1	0.020	0.000	0.017	0.003
2025-11-16 18:10:30	66.983	68.222	1	0.000	0	3	1	0.022	0.000	0.005	0.016
2025-11-16 18:10:31	67.983	65.233	1	0.000	0	3	1	0.022	0.000	0.007	0.016
2025-11-16 18:10:32	68.984	66.225	1	0.000	0	3	1	0.020	0.000	0.003	0.015
2025-11-16 18:10:33	69.984	67.171	1	0.000	0	3	1	0.027	0.000	0.012	0.015
2025-11-16 18:10:34	70.984	72.802	1	0.000	0	3	1	0.016	0.000	0.001	0.014
2025-11-16 18:10:35	71.984	79.297	1	0.000	0	3	1	0.019	0.000	0.000	0.014
2025-11-16 18:10:36	72.984	90.417	1	0.000	1	3	1	0.033	0.000	0.013	0.018
2025-11-16 18:10:37	73.985	93.188	1	0.250	1	3	1	0.031	0.000	0.000	0.014
2025-11-16 18:10:38	74.985	92.087	1	0.167	1	3	1	0.055	0.000	0.017	0.014
2025-11-16 18:10:39	75.985	91.452	1	0.283	0	3	1	0.030	0.000	0.009	0.021
2025-11-16 18:10:40	76.985	86.849	1	0.000	1	3	1	0.045	0.000	0.019	0.014
2025-11-16 18:10:41	77.986	77.969	1	0.000	1	3	1	0.049	0.000	0.005	0.027
2025-11-16 18:10:42	78.986	78.003	1	0.000	0	3	1	0.032	0.000	0.006	0.024
2025-11-16 18:10:43	79.986	75.106	1	0.000	1	3	1	0.014	0.000	0.011	0.001
2025-11-16 18:10:44	80.986	69.182	1	0.000	1	3	1	0.028	0.000	0.004	0.020
2025-11-16 18:10:45	81.986	67.043	1	0.000	1	3	1	0.040	0.000	0.007	0.021
2025-11-16 18:10:46	82.987	59.200	1	0.000	0	3	1	0.022	0.000	0.004	0.011
2025-11-16 18:10:47	83.987	57.405	1	0.000	1	3	1	0.014	0.000	0.007	0.000
2025-11-16 18:10:48	84.987	55.887	1	0.000	0	3	1	0.008	0.000	0.003	0.001
2025-11-16 18:10:49	85.987	53.841	1	0.000	0	3	1	0.015	0.000	0.000	0.009
2025-11-16 18:10:50	86.987	57.604	1	0.000	0	3	1	0.023	0.000	0.004	0.006
2025-11-16 18:10:51	87.988	56.434	1	0.000	0	3	1	0.017	0.000	0.017	0.000
2025-11-16 18:10:52	88.988	56.427	1	0.000	0	3	1	0.023	0.000	0.010	0.005
2025-11-16 18:10:53	89.988	53.866	1	0.000	0	3	1	0.011	0.001	0.004	0.005
2025-11-16 18:10:54	90.988	55.064	1	0.000	0	3	1	0.036	0.015	0.013	0.007
2025-11-16 18:10:55	91.989	57.482	1	0.000	1	3	1	0.035	0.023	0.000	0.012
wall_time	sim_time	avg_radius	avg_radius_ok	greater_96_ratio	tokkou_active	tokkou_cap	tokkou_ok	panic_ratio	cling_ratio	kaiten_ratio	run_ratio
2025-11-16 19:00:12	0.983	12.950	1	0.000	0	3	1	0.000	0.000	0.000	0.000
2025-11-16 19:00:13	1.983	13.403	1	0.000	0	3	1	0.000	0.000	0.000	0.000
2025-11-16 19:00:14	2.983	24.780	1	0.000	0	3	1	0.000	0.000	0.000	0.000
2025-11-16 19:00:15	3.983	28.075	1	0.000	0	3	1	0.000	0.000	0.000	0.000
2025-11-16 19:00:16	4.983	27.707	1	0.000	0	3	1	0.000	0.000	0.000	0.000
2025-11-16 19:00:17	5.983	28.488	1	0.000	0	3	1	0.000	0.000	0.000	0.000
2025-11-16 19:00:18	6.983	29.925	1	0.000	0	3	1	0.000	0.000	0.000	0.000
2025-11-16 19:00:19	7.983	38.042	1	0.000	0	3	1	0.000	0.000	0.000	0.000
2025-11-16 19:00:20	8.983	45.331	1	0.000	0	3	1	0.000	0.000	0.000	0.000
2025-11-16 19:00:21	9.983	50.826	1	0.000	0	3	1	0.000	0.000	0.000	0.000
2025-11-16 19:00:22	10.983	60.728	1	0.000	0	3	1	0.000	0.000	0.000	0.000
2025-11-16 19:00:23	11.983	68.522	1	0.000	0	3	1	0.000	0.000	0.000	0.000
2025-11-16 19:00:24	12.983	73.708	1	0.000	0	3	1	0.000	0.000	0.000	0.000
2025-11-16 19:00:25	13.983	83.501	1	0.000	0	3	1	0.000	0.000	0.000	0.000
2025-11-16 19:00:26	14.983	92.132	1	0.033	0	3	1	0.000	0.000	0.000	0.000
2025-11-16 19:00:27	15.983	96.433	0	0.450	0	3	1	0.000	0.000	0.000	0.000
2025-11-16 19:00:28	16.983	107.629	0	1.000	0	3	1	0.000	0.000	0.000	0.000
2025-11-16 19:00:29	17.983	107.190	0	1.000	0	3	1	0.000	0.000	0.000	0.000
2025-11-16 19:00:30	18.983	115.132	0	1.000	0	3	1	0.000	0.000	0.000	0.000
2025-11-16 19:00:31	19.983	114.626	0	1.000	0	3	1	0.000	0.000	0.000	0.000
2025-11-16 19:00:32	20.983	115.662	0	1.000	0	3	1	0.000	0.000	0.000	0.000
2025-11-16 19:00:33	21.983	114.964	0	1.000	0	3	1	0.000	0.000	0.000	0.000
2025-11-16 19:00:34	22.983	116.482	0	1.000	0	3	1	0.000	0.000	0.000	0.000
2025-11-16 19:00:35	23.983	116.633	0	1.000	0	3	1	0.000	0.000	0.000	0.000
2025-11-16 19:00:36	24.983	115.907	0	1.000	0	3	1	0.000	0.000	0.000	0.000
2025-11-16 19:00:37	25.983	119.169	0	1.000	0	3	1	0.000	0.000	0.000	0.000
2025-11-16 19:00:38	26.983	120.703	0	1.000	0	3	1	0.000	0.000	0.000	0.000
2025-11-16 19:00:39	27.983	123.085	0	1.000	0	3	1	0.000	0.000	0.000	0.000
2025-11-16 19:00:40	28.983	126.573	0	1.000	0	3	1	0.000	0.000	0.000	0.000
2025-11-16 19:00:41	29.983	132.183	0	1.000	0	3	1	0.000	0.000	0.000	0.000
2025-11-16 19:00:42	30.983	157.022	0	1.000	0	3	1	0.000	0.000	0.000	0.000
2025-11-16 19:00:43	31.983	155.360	0	1.000	0	3	1	0.000	0.000	0.000	0.000
2025-11-16 19:00:44	32.983	160.010	0	1.000	0	3	1	0.000	0.000	0.000	0.000
2025-11-16 19:00:45	33.983	166.405	0	1.000	0	3	1	0.016	0.000	0.016	0.000
2025-11-16 19:00:46	34.983	179.338	0	1.000	0	3	1	0.008	0.000	0.008	0.000
2025-11-16 19:00:47	35.983	181.641	0	1.000	1	3	1	0.028	0.000	0.007	0.000
2025-11-16 19:00:48	36.983	145.023	0	1.000	0	3	1	0.051	0.000	0.024	0.017
2025-11-16 19:00:49	37.983	118.624	0	1.000	0	3	1	0.047	0.000	0.024	0.024
2025-11-16 19:00:50	38.983	115.798	0	1.000	0	3	1	0.044	0.000	0.006	0.023
2025-11-16 19:00:51	39.983	125.042	0	1.000	0	3	1	0.029	0.000	0.000	0.023
2025-11-16 19:00:52	40.983	133.254	0	1.000	0	3	1	0.023	0.000	0.000	0.023
2025-11-16 19:00:53	41.983	147.003	0	1.000	0	3	1	0.040	0.000	0.012	0.022
2025-11-16 19:00:54	42.983	164.568	0	1.000	0	3	1	0.043	0.000	0.018	0.022
2025-11-16 19:00:55	43.983	155.110	0	1.000	1	3	1	0.033	0.000	0.005	0.021
2025-11-16 19:00:56	44.983	108.373	0	1.000	0	3	1	0.054	0.000	0.011	0.024
2025-11-16 19:00:57	45.983	101.143	0	1.000	0	3	1	0.065	0.000	0.000	0.043
2025-11-16 19:00:58	46.983	94.513	1	0.417	0	3	1	0.043	0.000	0.002	0.027
2025-11-16 19:00:59	47.983	82.158	1	0.000	1	3	1	0.045	0.000	0.007	0.021
2025-11-16 19:01:00	48.983	80.464	1	0.000	0	3	1	1.000	0.000	0.000	0.000
2025-11-16 19:01:01	49.983	73.155	1	0.000	0	3	1	1.000	0.000	0.000	0.000
2025-11-16 19:01:02	50.983	70.381	1	0.000	0	3	1	1.000	0.000	0.000	0.000
2025-11-16 19:01:03	51.983	58.945	1	0.000	0	3	1	1.000	0.000	0.000	0.000
2025-11-16 19:01:04	52.983	47.887	1	0.000	0	3	1	1.000	0.000	0.000	0.000
2025-11-16 19:01:05	53.983	46.085	1	0.000	0	3	1	1.000	0.000	0.000	0.000
2025-11-16 19:01:06	54.983	45.678	1	0.000	0	3	1	1.000	0.000	0.000	0.000
2025-11-16 19:01:07	55.983	41.917	1	0.000	0	3	1	1.000	0.000	0.000	0.000
2025-11-16 19:01:08	56.983	43.304	1	0.000	0	3	1	1.000	0.000	0.000	0.000
2025-11-16 19:01:09	57.983	45.956	1	0.000	0	3	1	1.000	0.000	0.000	0.000
2025-11-16 19:01:10	58.983	46.939	1	0.000	0	3	1	1.000	0.000	0.000	0.000
2025-11-16 19:01:11	59.983	51.436	1	0.000	0	3	1	1.000	0.000	0.000	0.000
2025-11-16 19:01:12	60.983	50.034	1	0.000	0	3	1	0.940	0.313	0.223	0.347
2025-11-16 19:01:13	61.983	45.718	1	0.000	0	3	1	0.263	0.148	0.008	0.105
2025-11-16 19:01:14	62.983	44.481	1	0.000	0	3	1	0.000	0.000	0.000	0.000
2025-11-16 19:01:15	63.983	44.503	1	0.000	0	3	1	0.000	0.000	0.000	0.000
2025-11-16 19:01:16	64.983	46.760	1	0.000	0	3	1	0.007	0.000	0.007	0.000
2025-11-16 19:01:17	65.983	52.046	1	0.000	0	3	1	0.000	0.000	0.000	0.000
2025-11-16 19:01:18	66.983	54.514	1	0.000	0	3	1	0.004	0.000	0.004	0.000
2025-11-16 19:01:19	67.983	56.862	1	0.000	0	3	1	0.012	0.000	0.007	0.000
2025-11-16 19:01:20	68.984	63.673	1	0.000	1	3	1	0.002	0.000	0.002	0.000
2025-11-16 19:01:21	69.984	64.887	1	0.000	1	3	1	0.022	0.000	0.000	0.000
2025-11-16 19:01:22	70.984	69.992	1	0.000	1	3	1	0.013	0.000	0.000	0.000
2025-11-16 19:01:23	71.984	79.875	1	0.000	1	3	1	0.025	0.000	0.012	0.000
2025-11-16 19:01:24	72.984	83.505	1	0.000	0	3	1	0.014	0.000	0.006	0.000
2025-11-16 19:01:25	73.985	90.962	1	0.000	0	3	1	0.013	0.000	0.013	0.000
2025-11-16 19:01:26	74.985	95.418	1	0.467	0	3	1	0.026	0.000	0.020	0.000
2025-11-16 19:01:27	75.985	87.847	1	0.000	1	3	1	0.023	0.000	0.015	0.000
2025-11-16 19:01:28	76.985	101.731	0	0.650	3	3	1	0.072	0.000	0.022	0.018
2025-11-16 19:01:29	77.986	110.934	0	1.000	3	3	1	0.063	0.000	0.007	0.022
2025-11-16 19:01:30	78.986	113.463	0	1.000	1	3	1	0.050	0.000	0.006	0.019
2025-11-16 19:01:31	79.986	97.881	0	0.583	0	3	1	0.051	0.000	0.014	0.027
2025-11-16 19:01:32	80.986	88.220	1	0.217	0	3	1	0.678	0.000	0.011	0.004
2025-11-16 19:01:33	81.986	70.193	1	0.000	0	3	1	1.000	0.000	0.000	0.000
2025-11-16 19:01:34	82.987	53.770	1	0.000	0	3	1	1.000	0.000	0.000	0.000
2025-11-16 19:01:35	83.987	46.955	1	0.000	0	3	1	1.000	0.000	0.000	0.000
2025-11-16 19:01:36	84.987	46.690	1	0.000	0	3	1	1.000	0.000	0.000	0.000
2025-11-16 19:01:37	85.987	45.947	1	0.000	0	3	1	1.000	0.000	0.000	0.000
2025-11-16 19:01:38	86.987	47.370	1	0.000	0	3	1	1.000	0.000	0.000	0.000
2025-11-16 19:01:39	87.988	46.471	1	0.000	0	3	1	1.000	0.000	0.000	0.000
2025-11-16 19:01:40	88.988	44.877	1	0.000	0	3	1	1.000	0.000	0.000	0.000
2025-11-16 19:01:41	89.988	47.934	1	0.000	0	3	1	1.000	0.000	0.000	0.000
2025-11-16 19:01:42	90.988	47.077	1	0.000	0	3	1	1.000	0.000	0.000	0.000
2025-11-16 19:01:43	91.989	55.162	1	0.000	0	3	1	1.000	0.000	0.000	0.000
2025-11-16 19:01:44	92.989	69.963	1	0.000	3	3	1	0.999	0.261	0.090	0.240
2025-11-16 19:01:45	93.989	75.338	1	0.000	2	3	1	0.662	0.327	0.042	0.253
2025-11-16 19:01:46	94.989	70.368	1	0.000	1	3	1	0.012	0.000	0.001	0.000
2025-11-16 19:01:47	95.989	67.018	1	0.000	1	3	1	0.023	0.000	0.001	0.009
2025-11-16 19:01:48	96.990	71.932	1	0.000	3	3	1	0.031	0.000	0.004	0.010
2025-11-16 19:01:49	97.990	74.618	1	0.050	2	3	1	0.043	0.000	0.005	0.010
2025-11-16 19:01:50	98.990	93.428	1	0.350	1	3	1	0.038	0.000	0.011	0.020
2025-11-16 19:01:51	99.990	96.048	0	0.450	1	3	1	0.046	0.000	0.013	0.027
2025-11-16 19:01:52	100.990	110.847	0	1.000	0	3	1	0.085	0.008	0.044	0.028
2025-11-16 19:01:53	101.991	107.946	0	1.000	0	3	1	0.053	0.009	0.027	0.011
2025-11-16 19:01:54	102.991	108.956	0	1.000	0	3	1	0.048	0.000	0.015	0.015
2025-11-16 19:01:55	103.991	113.581	0	1.000	1	3	1	0.051	0.000	0.012	0.021
2025-11-16 19:01:56	104.991	122.097	0	1.000	0	3	1	0.042	0.000	0.004	0.014
2025-11-16 19:01:57	105.992	133.582	0	1.000	1	3	1	0.056	0.004	0.005	0.030
2025-11-16 19:01:58	106.992	138.203	0	1.000	1	3	1	0.060	0.010	0.014	0.020
2025-11-16 19:01:59	107.992	104.414	0	1.000	0	3	1	0.052	0.000	0.013	0.021
2025-11-16 19:02:00	108.992	86.534	1	0.450	1	3	1	0.047	0.000	0.004	0.033
2025-11-16 19:02:01	109.992	70.882	1	0.000	2	3	1	0.044	0.000	0.002	0.022
2025-11-16 19:02:02	110.993	71.563	1	0.000	1	3	1	0.062	0.007	0.014	0.014
2025-11-16 19:02:03	111.993	72.681	1	0.000	1	3	1	0.064	0.015	0.009	0.018
2025-11-16 19:02:04	112.993	71.884	1	0.000	2	3	1	0.045	0.000	0.001	0.018
2025-11-16 19:02:05	113.993	77.902	1	0.000	1	3	1	0.039	0.000	0.009	0.010
2025-11-16 19:02:06	114.993	82.737	1	0.000	0	3	1	0.219	0.000	0.002	0.015
2025-11-16 19:02:07	115.994	80.006	1	0.000	0	3	1	1.000	0.000	0.000	0.000
2025-11-16 19:02:08	116.994	75.144	1	0.000	0	3	1	1.000	0.000	0.000	0.000
2025-11-16 19:02:09	117.994	69.972	1	0.000	0	3	1	1.000	0.000	0.000	0.000
2025-11-16 19:02:10	118.994	64.317	1	0.000	0	3	1	1.000	0.000	0.000	0.000
2025-11-16 19:02:11	119.994	61.382	1	0.000	0	3	1	1.000	0.000	0.000	0.000
2025-11-16 19:02:12	120.995	71.747	1	0.000	0	3	1	1.000	0.000	0.000	0.000
2025-11-16 19:02:13	121.995	84.795	1	0.000	0	3	1	1.000	0.000	0.000	0.000
2025-11-16 19:02:14	122.995	83.283	1	0.000	0	3	1	1.000	0.000	0.000	0.000
2025-11-16 19:02:15	123.995	86.608	1	0.000	0	3	1	1.000	0.000	0.000	0.000
2025-11-16 19:02:16	124.996	88.027	1	0.000	0	3	1	1.000	0.000	0.000	0.000
2025-11-16 19:02:17	125.996	99.654	0	0.767	0	3	1	1.000	0.000	0.000	0.000
wall_time	sim_time	avg_radius	avg_radius_ok	greater_96_ratio	tokkou_active	tokkou_cap	tokkou_ok	panic_ratio	cling_ratio	kaiten_ratio	run_ratio
2025-11-16 19:30:11	0.983	12.950	1	0.000	0	3	1	0.000	0.000	0.000	0.000
2025-11-16 19:30:12	1.983	13.403	1	0.000	0	3	1	0.000	0.000	0.000	0.000
2025-11-16 19:30:13	2.983	24.780	1	0.000	0	3	1	0.000	0.000	0.000	0.000
2025-11-16 19:30:14	3.983	28.801	1	0.000	0	3	1	0.000	0.000	0.000	0.000
2025-11-16 19:30:15	4.983	29.315	1	0.000	0	3	1	0.000	0.000	0.000	0.000
2025-11-16 19:30:16	5.983	29.366	1	0.000	0	3	1	0.000	0.000	0.000	0.000
2025-11-16 19:30:17	6.983	31.034	1	0.000	0	3	1	0.000	0.000	0.000	0.000
2025-11-16 19:30:18	7.983	36.754	1	0.000	0	3	1	0.000	0.000	0.000	0.000
2025-11-16 19:30:19	8.983	44.775	1	0.000	0	3	1	0.000	0.000	0.000	0.000
2025-11-16 19:30:20	9.983	53.538	1	0.000	0	3	1	0.000	0.000	0.000	0.000
2025-11-16 19:30:21	10.983	60.563	1	0.000	0	3	1	0.000	0.000	0.000	0.000
2025-11-16 19:30:22	11.983	67.487	1	0.000	0	3	1	0.000	0.000	0.000	0.000
2025-11-16 19:30:23	12.983	74.098	1	0.000	0	3	1	0.000	0.000	0.000	0.000
2025-11-16 19:30:24	13.983	81.965	1	0.000	0	3	1	0.000	0.000	0.000	0.000
2025-11-16 19:30:25	14.983	88.413	1	0.000	0	3	1	0.000	0.000	0.000	0.000
2025-11-16 19:30:26	15.983	93.355	1	0.233	0	3	1	0.000	0.000	0.000	0.000
2025-11-16 19:30:27	16.983	99.978	0	1.000	0	3	1	0.000	0.000	0.000	0.000
2025-11-16 19:30:28	17.983	107.211	0	1.000	0	3	1	0.000	0.000	0.000	0.000
2025-11-16 19:30:29	18.983	111.573	0	1.000	0	3	1	0.000	0.000	0.000	0.000
2025-11-16 19:30:30	19.983	116.269	0	1.000	0	3	1	0.000	0.000	0.000	0.000
2025-11-16 19:30:31	20.983	120.080	0	1.000	0	3	1	0.000	0.000	0.000	0.000
2025-11-16 19:30:32	21.983	122.858	0	1.000	0	3	1	0.000	0.000	0.000	0.000
2025-11-16 19:30:33	22.983	126.405	0	1.000	0	3	1	0.000	0.000	0.000	0.000
2025-11-16 19:30:34	23.983	135.405	0	1.000	0	3	1	0.000	0.000	0.000	0.000
2025-11-16 19:30:35	24.983	142.753	0	1.000	0	3	1	0.000	0.000	0.000	0.000
2025-11-16 19:30:36	25.983	149.850	0	1.000	0	3	1	0.000	0.000	0.000	0.000
2025-11-16 19:30:37	26.983	163.676	0	1.000	0	3	1	0.000	0.000	0.000	0.000
2025-11-16 19:30:38	27.983	181.920	0	1.000	0	3	1	0.000	0.000	0.000	0.000
2025-11-16 19:30:39	28.983	194.857	0	1.000	0	3	1	0.000	0.000	0.000	0.000
2025-11-16 19:30:40	29.983	209.106	0	1.000	0	3	1	0.000	0.000	0.000	0.000
2025-11-16 19:30:41	30.983	214.786	0	1.000	0	3	1	0.000	0.000	0.000	0.000
2025-11-16 19:30:42	31.983	219.183	0	1.000	0	3	1	0.000	0.000	0.000	0.000
2025-11-16 19:30:43	32.983	187.538	0	1.000	0	3	1	0.000	0.000	0.000	0.000
2025-11-16 19:30:44	33.983	148.460	0	1.000	0	3	1	0.000	0.000	0.000	0.000
2025-11-16 19:30:45	34.983	113.776	0	1.000	0	3	1	0.006	0.000	0.000	0.000
2025-11-16 19:30:46	35.983	107.501	0	1.000	0	3	1	0.015	0.000	0.000	0.000
2025-11-16 19:30:47	36.983	109.117	0	1.000	0	3	1	0.032	0.000	0.009	0.023
2025-11-16 19:30:48	37.983	110.561	0	1.000	0	3	1	0.026	0.000	0.024	0.002
2025-11-16 19:30:49	38.983	114.018	0	1.000	0	3	1	0.033	0.000	0.033	0.000
2025-11-16 19:30:50	39.983	115.162	0	1.000	0	3	1	0.057	0.000	0.032	0.011
2025-11-16 19:30:51	40.983	111.563	0	1.000	0	3	1	0.058	0.000	0.013	0.022
2025-11-16 19:30:52	41.983	117.383	0	1.000	0	3	1	0.045	0.000	0.010	0.016
2025-11-16 19:30:53	42.983	125.721	0	1.000	0	3	1	0.007	0.000	0.007	0.000
2025-11-16 19:30:54	43.983	122.927	0	1.000	0	3	1	0.006	0.000	0.000	0.000
2025-11-16 19:30:55	44.983	117.055	0	1.000	0	3	1	0.008	0.000	0.000	0.008
2025-11-16 19:30:56	45.983	113.973	0	1.000	0	3	1	0.000	0.000	0.000	0.000
2025-11-16 19:30:57	46.983	113.670	0	1.000	0	3	1	0.000	0.000	0.000	0.000
2025-11-16 19:30:58	47.983	106.027	0	1.000	0	3	1	0.005	0.000	0.000	0.000
2025-11-16 19:30:59	48.983	99.192	0	0.650	0	3	1	0.010	0.000	0.008	0.000
2025-11-16 19:31:00	49.983	88.196	1	0.000	0	3	1	0.004	0.000	0.004	0.000
2025-11-16 19:31:01	50.983	79.353	1	0.000	0	3	1	0.006	0.000	0.000	0.000
2025-11-16 19:31:02	51.983	68.355	1	0.000	0	3	1	0.003	0.000	0.000	0.000
2025-11-16 19:31:03	52.983	63.435	1	0.000	0	3	1	0.005	0.000	0.005	0.000
2025-11-16 19:31:04	53.983	61.099	1	0.000	0	3	1	0.005	0.000	0.005	0.000
2025-11-16 19:31:05	54.983	54.817	1	0.000	0	3	1	0.001	0.000	0.001	0.000
2025-11-16 19:31:06	55.983	53.392	1	0.000	0	3	1	0.221	0.000	0.000	0.000
2025-11-16 19:31:07	56.983	54.232	1	0.000	0	3	1	1.000	0.000	0.000	0.000
2025-11-16 19:31:08	57.983	48.183	1	0.000	0	3	1	1.000	0.000	0.000	0.000
2025-11-16 19:31:09	58.983	48.154	1	0.000	0	3	1	1.000	0.000	0.000	0.000
2025-11-16 19:31:10	59.983	47.440	1	0.000	0	3	1	1.000	0.000	0.000	0.000
2025-11-16 19:31:11	60.983	47.670	1	0.000	0	3	1	1.000	0.000	0.000	0.000
2025-11-16 19:31:12	61.983	49.832	1	0.000	0	3	1	1.000	0.000	0.000	0.000
2025-11-16 19:31:13	62.983	47.260	1	0.000	0	3	1	1.000	0.000	0.000	0.000
2025-11-16 19:31:14	63.983	48.859	1	0.000	0	3	1	1.000	0.000	0.000	0.000
2025-11-16 19:31:15	64.983	44.581	1	0.000	0	3	1	1.000	0.000	0.000	0.000
2025-11-16 19:31:16	65.983	42.856	1	0.000	0	3	1	1.000	0.000	0.000	0.000
2025-11-16 19:31:17	66.983	44.522	1	0.000	0	3	1	1.000	0.000	0.000	0.000
2025-11-16 19:31:18	67.983	50.723	1	0.000	3	3	1	1.000	0.077	0.032	0.065
2025-11-16 19:31:19	68.984	54.495	1	0.000	0	3	1	0.893	0.350	0.108	0.269
2025-11-16 19:31:20	69.984	49.647	1	0.000	0	3	1	0.132	0.091	0.000	0.040
2025-11-16 19:31:21	70.984	47.376	1	0.000	0	3	1	0.000	0.000	0.000	0.000
2025-11-16 19:31:22	71.984	47.683	1	0.000	0	3	1	0.005	0.000	0.000	0.005
2025-11-16 19:31:23	72.984	50.062	1	0.000	0	3	1	0.000	0.000	0.000	0.000
2025-11-16 19:31:24	73.985	53.429	1	0.000	0	3	1	0.000	0.000	0.000	0.000
2025-11-16 19:31:25	74.985	50.798	1	0.000	0	3	1	0.000	0.000	0.000	0.000
2025-11-16 19:31:26	75.985	52.977	1	0.000	1	3	1	0.027	0.000	0.008	0.008
2025-11-16 19:31:27	76.985	59.285	1	0.000	0	3	1	0.031	0.000	0.012	0.010
2025-11-16 19:31:28	77.986	65.343	1	0.000	1	3	1	0.032	0.000	0.019	0.012
2025-11-16 19:31:29	78.986	67.279	1	0.000	0	3	1	0.057	0.000	0.038	0.017
2025-11-16 19:31:30	79.986	65.532	1	0.000	0	3	1	0.070	0.000	0.047	0.023
2025-11-16 19:31:31	80.986	64.897	1	0.000	0	3	1	0.069	0.000	0.046	0.023
2025-11-16 19:31:32	81.986	74.297	1	0.000	0	3	1	0.077	0.000	0.050	0.025
2025-11-16 19:31:33	82.987	78.544	1	0.000	0	3	1	0.087	0.000	0.032	0.040
2025-11-16 19:31:34	83.987	84.489	1	0.000	0	3	1	0.123	0.000	0.054	0.044
2025-11-16 19:31:35	84.987	91.170	1	0.183	1	3	1	0.149	0.000	0.057	0.043
2025-11-16 19:31:36	85.987	102.965	0	0.833	0	3	1	0.147	0.000	0.035	0.063
2025-11-16 19:31:37	86.987	103.425	0	0.950	1	3	1	0.148	0.000	0.044	0.057
2025-11-16 19:31:38	87.988	115.859	0	1.000	0	3	1	0.137	0.000	0.065	0.031
2025-11-16 19:31:39	88.988	117.174	0	1.000	3	3	1	0.123	0.000	0.042	0.039
2025-11-16 19:31:40	89.988	113.804	0	1.000	1	3	1	0.100	0.000	0.030	0.030
2025-11-16 19:31:41	90.988	104.602	0	1.000	0	3	1	0.061	0.000	0.016	0.029
2025-11-16 19:31:42	91.989	90.923	1	0.017	0	3	1	0.079	0.000	0.011	0.037
2025-11-16 19:31:43	92.989	88.358	1	0.000	0	3	1	0.067	0.008	0.014	0.028
2025-11-16 19:31:44	93.989	82.971	1	0.000	2	3	1	0.088	0.012	0.025	0.029
2025-11-16 19:31:45	94.989	69.942	1	0.000	0	3	1	0.079	0.018	0.007	0.038
2025-11-16 19:31:46	95.989	64.962	1	0.000	1	3	1	0.093	0.026	0.010	0.038
2025-11-16 19:31:47	96.990	59.367	1	0.000	1	3	1	0.111	0.035	0.010	0.046
2025-11-16 19:31:48	97.990	55.005	1	0.000	0	3	1	0.099	0.024	0.010	0.048
2025-11-16 19:31:49	98.990	60.807	1	0.000	2	3	1	0.095	0.026	0.005	0.048
2025-11-16 19:31:50	99.990	65.000	1	0.000	1	3	1	0.100	0.023	0.004	0.052
2025-11-16 19:31:51	100.990	64.035	1	0.000	1	3	1	0.108	0.030	0.003	0.059
2025-11-16 19:31:52	101.991	59.220	1	0.000	1	3	1	0.119	0.038	0.002	0.062
2025-11-16 19:31:53	102.991	60.841	1	0.000	0	3	1	0.116	0.030	0.008	0.058
2025-11-16 19:31:54	103.991	56.717	1	0.000	0	3	1	0.911	0.002	0.001	0.006
2025-11-16 19:31:55	104.991	62.943	1	0.000	0	3	1	1.000	0.000	0.000	0.000
2025-11-16 19:31:56	105.992	59.697	1	0.000	0	3	1	1.000	0.000	0.000	0.000
2025-11-16 19:31:57	106.992	56.330	1	0.000	0	3	1	1.000	0.000	0.000	0.000
2025-11-16 19:31:58	107.992	54.711	1	0.000	0	3	1	1.000	0.000	0.000	0.000
2025-11-16 19:31:59	108.992	57.860	1	0.000	0	3	1	1.000	0.000	0.000	0.000
2025-11-16 19:32:00	109.992	54.270	1	0.000	0	3	1	1.000	0.000	0.000	0.000
2025-11-16 19:32:01	110.993	55.530	1	0.000	0	3	1	1.000	0.000	0.000	0.000
2025-11-16 19:32:02	111.993	61.348	1	0.000	0	3	1	1.000	0.000	0.000	0.000
2025-11-16 19:32:03	112.993	76.938	1	0.000	0	3	1	1.000	0.000	0.000	0.000
2025-11-16 19:32:04	113.993	99.485	0	0.567	0	3	1	1.000	0.000	0.000	0.000
2025-11-16 19:32:05	114.993	130.931	0	1.000	0	3	1	1.000	0.000	0.000	0.000
2025-11-16 19:32:06	115.994	119.141	0	1.000	3	3	1	0.991	0.480	0.059	0.314
2025-11-16 19:32:07	116.994	116.137	0	1.000	2	3	1	0.554	0.320	0.017	0.197
2025-11-16 19:32:08	117.994	122.295	0	1.000	3	3	1	0.102	0.018	0.008	0.050
2025-11-16 19:32:09	118.994	127.175	0	1.000	2	3	1	0.102	0.016	0.009	0.048
2025-11-16 19:32:10	119.994	137.470	0	1.000	1	3	1	0.105	0.016	0.016	0.050
2025-11-16 19:32:11	120.995	201.537	0	1.000	0	3	1	0.098	0.016	0.018	0.049
2025-11-16 19:32:12	121.995	236.021	0	1.000	0	3	1	0.099	0.017	0.025	0.050
2025-11-16 19:32:13	122.995	254.423	0	1.000	0	3	1	0.087	0.017	0.012	0.050
2025-11-16 19:32:14	123.995	228.290	0	1.000	2	3	1	0.095	0.016	0.010	0.049
2025-11-16 19:32:15	124.996	205.624	0	1.000	0	3	1	0.098	0.016	0.015	0.057
2025-11-16 19:32:16	125.996	187.014	0	1.000	2	3	1	0.105	0.016	0.015	0.058
2025-11-16 19:32:17	126.996	181.693	0	1.000	0	3	1	0.092	0.016	0.008	0.055
2025-11-16 19:32:18	127.996	177.154	0	1.000	0	3	1	0.097	0.017	0.009	0.064
2025-11-16 19:32:19	128.996	152.215	0	1.000	0	3	1	0.092	0.019	0.001	0.059
2025-11-16 19:32:20	129.996	139.269	0	1.000	0	3	1	0.097	0.024	0.008	0.054
2025-11-16 19:32:21	130.995	135.168	0	1.000	0	3	1	0.111	0.034	0.023	0.047
2025-11-16 19:32:22	131.995	124.474	0	1.000	0	3	1	0.118	0.034	0.030	0.046
2025-11-16 19:32:23	132.995	120.672	0	1.000	0	3	1	0.101	0.031	0.015	0.046
2025-11-16 19:32:24	133.995	100.078	0	0.467	0	3	1	0.089	0.030	0.013	0.041
2025-11-16 19:32:25	134.994	98.863	0	0.900	0	3	1	0.082	0.034	0.009	0.039
2025-11-16 19:32:42	0.067	102.762	0	1.000	0	3	1	0.087	0.035	0.011	0.041
2025-11-16 19:32:43	1.067	12.289	1	0.000	0	3	1	0.000	0.000	0.000	0.000
2025-11-16 19:32:44	2.067	14.276	1	0.000	0	3	1	0.000	0.000	0.000	0.000
